ticket_id,created_at,resolved_at,created_by,classroom_id,building,category,subcategory,description,resolution_notes,assigned_technician,resolution_time_minutes
INC0201474,2025-01-05 07:50:49,2025-01-05 07:58:49,25Live,WIE-105,Wieboldt Hall,Classroom Scheduling,Room reservation sync,MORS-470-0-51 Negotiations,Auto-closed by scheduling integration.,,18
INC0202485,2025-01-06 05:27:36,,25Live,WIE-412,Wieboldt Hall,Classroom Scheduling,Room reservation sync,ACCT-410-0-51 Financial Accounting,,,
INC0201685,2025-01-06 05:30:44,2025-01-06 05:53:44,25Live,WIE-110,Wieboldt Hall,Classroom Scheduling,Room reservation sync,Faculty Meeting,Auto-closed by scheduling integration.,,27
INC0200878,2025-01-06 07:00:00,2025-01-06 07:11:00,25Live,WIE-142,Wieboldt Hall,Classroom Scheduling,Room reservation sync,FINC-430-0-51 Corporate Finance,Auto-closed by scheduling integration.,,26
INC0200091,2025-01-06 11:36:00,2025-01-06 17:56:00,Staff6497442,WIE-246,Wieboldt Hall,AV Technical Support,Podium PC / login,Instructor cannot log in to podium PC with NetID.,Deferred updates to maintenance window; PC available for class.,M. Reyes,380
INC0200913,2025-01-07 05:03:52,2025-01-07 05:16:52,25Live,WIE-205,Wieboldt Hall,Classroom Scheduling,Room reservation sync,MKTG-450-0-61 Brand Strategy,Auto-closed by scheduling integration.,,28
INC0202502,2025-01-07 05:08:52,2025-01-07 05:20:52,25Live,WIE-544,Wieboldt Hall,Classroom Scheduling,Room reservation sync,STRT-452-0-71 Competitive Strategy,Auto-closed by scheduling integration.,,4
INC0202007,2025-01-07 05:29:38,,25Live,WIE-105,Wieboldt Hall,Classroom Scheduling,Room reservation sync,STRT-452-0-71 Competitive Strategy,,,
INC0201567,2025-01-07 05:33:41,2025-01-07 06:00:41,25Live,WIE-306,Wieboldt Hall,Classroom Scheduling,Room reservation sync,MECN-425-0-52 Managerial Economics,Auto-closed by scheduling integration.,,23
INC0202288,2025-01-07 05:43:28,2025-01-07 05:57:28,25Live,WIE-343,Wieboldt Hall,Classroom Scheduling,Room reservation sync,MECN-425-0-52 Managerial Economics,Auto-closed by scheduling integration.,,5
INC0201079,2025-01-07 06:27:37,2025-01-07 06:55:37,25Live,WIE-343,Wieboldt Hall,Classroom Scheduling,Room reservation sync,MORS-470-0-51 Negotiations,Auto-closed by scheduling integration.,,15
INC0201824,2025-01-07 06:29:19,2025-01-07 06:51:19,25Live,WIE-142,Wieboldt Hall,Classroom Scheduling,Room reservation sync,ACCT-410-0-51 Financial Accounting,Auto-closed by scheduling integration.,,18
INC0202260,2025-01-07 06:36:11,,25Live,WIE-343,Wieboldt Hall,Classroom Scheduling,Room reservation sync,OPNS-430-0-62 Operations Management,,,
INC0201802,2025-01-07 07:47:10,2025-01-07 08:05:10,25Live,WIE-142,Wieboldt Hall,Classroom Scheduling,Room reservation sync,Leadership Coaching Session,Auto-closed by scheduling integration.,,13
INC0201556,2025-01-07 07:57:36,2025-01-07 08:09:36,25Live,WIE-105,Wieboldt Hall,Classroom Scheduling,Room reservation sync,MKTG-450-0-61 Brand Strategy,Auto-closed by scheduling integration.,,26
INC0201933,2025-01-08 05:15:26,2025-01-08 05:17:26,25Live,WIE-312,Wieboldt Hall,Classroom Scheduling,Room reservation sync,MECN-425-0-52 Managerial Economics,Auto-closed by scheduling integration.,,27
INC0201569,2025-01-08 05:50:22,2025-01-08 06:08:22,25Live,WIE-258,Wieboldt Hall,Classroom Scheduling,Room reservation sync,Faculty Meeting,Auto-closed by scheduling integration.,,2
INC0202076,2025-01-08 06:22:36,2025-01-08 06:46:36,25Live,WIE-312,Wieboldt Hall,Classroom Scheduling,Room reservation sync,Executive Education Workshop,Auto-closed by scheduling integration.,,8
INC0202053,2025-01-08 06:51:11,,25Live,WIE-508,Wieboldt Hall,Classroom Scheduling,Room reservation sync,MECN-425-0-52 Managerial Economics,,,
INC0201266,2025-01-08 07:13:52,2025-01-08 07:14:52,25Live,WIE-105,Wieboldt Hall,Classroom Scheduling,Room reservation sync,FINC-430-0-51 Corporate Finance,Auto-closed by scheduling integration.,,19
INC0200636,2025-01-08 19:09:00,2025-01-10 07:25:00,Faculty3660365,WIE-355,Wieboldt Hall,AV Technical Support,No display / HDMI handshake,HDMI handshake failure after switching from podium PC to laptop.,Manually forced input on switcher; EDID re-handshake resolved the black screen.,D. Lindqvist,2176
INC0202182,2025-01-09 05:04:29,2025-01-09 05:23:29,25Live,WIE-110,Wieboldt Hall,Classroom Scheduling,Room reservation sync,MECN-425-0-52 Managerial Economics,Auto-closed by scheduling integration.,,7
INC0202068,2025-01-09 06:06:36,2025-01-09 06:33:36,25Live,WIE-142,Wieboldt Hall,Classroom Scheduling,Room reservation sync,Admissions Information Session,Auto-closed by scheduling integration.,,2
INC0202133,2025-01-09 06:21:02,2025-01-09 06:44:02,25Live,WIE-352,Wieboldt Hall,Classroom Scheduling,Room reservation sync,Room Hold — Facilities,Auto-closed by scheduling integration.,,27
INC0201862,2025-01-09 07:27:11,2025-01-09 07:38:11,25Live,WIE-312,Wieboldt Hall,Classroom Scheduling,Room reservation sync,OPNS-430-0-62 Operations Management,Auto-closed by scheduling integration.,,6
INC0200221,2025-01-09 12:06:00,2025-02-03 06:58:00,Staff2028617,WIE-251,Wieboldt Hall,Lecture Capture,Capture scheduling / setup,One-time recording request for guest lecture.,Re-mapped publishing folder and corrected course role permissions.,S. Patel,35692
INC0202219,2025-01-10 05:10:38,2025-01-10 05:33:38,25Live,WIE-105,Wieboldt Hall,Classroom Scheduling,Room reservation sync,MORS-470-0-51 Negotiations,Auto-closed by scheduling integration.,,10
INC0202309,2025-01-10 06:40:04,2025-01-10 07:07:04,25Live,WIE-205,Wieboldt Hall,Classroom Scheduling,Room reservation sync,Admissions Information Session,Auto-closed by scheduling integration.,,16
INC0201520,2025-01-10 06:51:54,2025-01-10 06:54:54,25Live,WIE-355,Wieboldt Hall,Classroom Scheduling,Room reservation sync,MORS-470-0-51 Negotiations,Auto-closed by scheduling integration.,,8
INC0202124,2025-01-10 07:38:21,2025-01-10 07:46:21,25Live,WIE-142,Wieboldt Hall,Classroom Scheduling,Room reservation sync,OPNS-430-0-62 Operations Management,Auto-closed by scheduling integration.,,21
INC0201523,2025-01-10 07:55:44,2025-01-10 08:21:44,25Live,WIE-404,Wieboldt Hall,Classroom Scheduling,Room reservation sync,MKTG-450-0-61 Brand Strategy,Auto-closed by scheduling integration.,,17
INC0200277,2025-01-10 10:37:00,2025-01-15 14:58:00,Faculty5721409,,Wieboldt Hall,Webconferencing,Zoom/Teams AV routing,Hybrid class: in-room students cannot hear remote participants.,Re-seated USB extender at podium; camera re-enumerated in Teams.,A. Okafor,7461
INC0200725,2025-01-10 11:36:00,2025-01-15 00:17:00,Student7062035,WIE-352,Wieboldt Hall,Equipment Maintenance & Repair,Cabling / connectors,"HDMI cable at podium has bent pin, intermittent connection.",Replaced missing adapter; added to weekly checklist.,D. Lindqvist,6521
INC0201192,2025-01-11 05:13:28,,25Live,WIE-318,Wieboldt Hall,Classroom Scheduling,Room reservation sync,Executive Education Workshop,,,
INC0201913,2025-01-11 05:14:45,2025-01-11 05:15:45,25Live,WIE-312,Wieboldt Hall,Classroom Scheduling,Room reservation sync,Admissions Information Session,Auto-closed by scheduling integration.,,4
INC0202390,2025-01-11 05:15:28,2025-01-11 05:31:28,25Live,WIE-142,Wieboldt Hall,Classroom Scheduling,Room reservation sync,MORS-470-0-51 Negotiations,Auto-closed by scheduling integration.,,4
INC0202313,2025-01-11 05:40:40,2025-01-11 05:48:40,25Live,WIE-521,Wieboldt Hall,Classroom Scheduling,Room reservation sync,Executive Education Workshop,Auto-closed by scheduling integration.,,1
INC0200908,2025-01-11 05:55:16,2025-01-11 06:01:16,25Live,WIE-142,Wieboldt Hall,Classroom Scheduling,Room reservation sync,STRT-452-0-71 Competitive Strategy,Auto-closed by scheduling integration.,,29
INC0201700,2025-01-11 06:14:49,2025-01-11 06:27:49,25Live,WIE-355,Wieboldt Hall,Classroom Scheduling,Room reservation sync,Executive Education Workshop,Auto-closed by scheduling integration.,,2
INC0202012,2025-01-11 06:35:23,2025-01-11 07:01:23,25Live,WIE-343,Wieboldt Hall,Classroom Scheduling,Room reservation sync,Room Hold — Facilities,Auto-closed by scheduling integration.,,17
INC0200222,2025-01-11 10:12:00,2025-01-17 10:49:00,Staff745239,WIE-251,Wieboldt Hall,Lecture Capture,Capture scheduling / setup,Course recordings publishing to wrong folder; permissions need correction.,Scheduled one-time recording; verified folder permissions.,E. Marsh,8677
INC0200120,2025-01-11 11:18:00,2025-01-13 03:51:00,Staff1521426,WIE-148,Wieboldt Hall,Webconferencing,Camera / PTZ,Auto-tracking camera losing instructor near whiteboard.,Restored camera presets from backup; tracking verified.,D. Lindqvist,2433
INC0200602,2025-01-11 17:01:00,2025-01-11 17:49:00,Faculty8671455,WIE-521,Wieboldt Hall,Webconferencing,Zoom/Teams AV routing,Hybrid class: in-room students cannot hear remote participants.,Re-seated USB extender at podium; camera re-enumerated in Teams.,M. Reyes,48
INC0202166,2025-01-12 05:08:53,2025-01-12 05:09:53,25Live,WIE-355,Wieboldt Hall,Classroom Scheduling,Room reservation sync,MKTG-450-0-61 Brand Strategy,Auto-closed by scheduling integration.,,15
INC0201935,2025-01-12 05:13:58,2025-01-12 05:32:58,25Live,WIE-148,Wieboldt Hall,Classroom Scheduling,Room reservation sync,MKTG-450-0-61 Brand Strategy,Auto-closed by scheduling integration.,,5
INC0201970,2025-01-13 05:10:39,2025-01-13 05:14:39,25Live,WIE-544,Wieboldt Hall,Classroom Scheduling,Room reservation sync,Leadership Coaching Session,Auto-closed by scheduling integration.,,5
INC0200984,2025-01-13 05:20:35,2025-01-13 05:36:35,25Live,WIE-355,Wieboldt Hall,Classroom Scheduling,Room reservation sync,OPNS-430-0-62 Operations Management,Auto-closed by scheduling integration.,,27
INC0201105,2025-01-13 05:28:16,2025-01-13 05:44:16,25Live,WIE-343,Wieboldt Hall,Classroom Scheduling,Room reservation sync,Student Club Panel Event,Auto-closed by scheduling integration.,,15
INC0202377,2025-01-13 05:28:39,2025-01-13 05:31:39,25Live,WIE-110,Wieboldt Hall,Classroom Scheduling,Room reservation sync,Executive Education Workshop,Auto-closed by scheduling integration.,,10
INC0201404,2025-01-13 07:15:59,2025-01-13 07:28:59,25Live,WIE-142,Wieboldt Hall,Classroom Scheduling,Room reservation sync,Room Hold — Facilities,Auto-closed by scheduling integration.,,19
INC0200092,2025-01-13 11:01:00,2025-01-13 15:29:00,Faculty1798619,,Wieboldt Hall,AV Technical Support,Podium PC / login,Podium PC extremely slow to load PowerPoint.,Cleared temp files and restarted; escalated for RAM upgrade.,J. Whitfield,268
INC0200262,2025-01-13 13:58:00,2025-01-18 14:45:00,Staff8806051,,Wieboldt Hall,AV Technical Support,No display / HDMI handshake,Guest speaker laptop not detected on wall plate HDMI input.,Power-cycled matrix switcher and re-seated HDMI at podium; signal restored.,D. Lindqvist,7247
INC0202163,2025-01-14 05:32:42,2025-01-14 05:51:42,25Live,WIE-148,Wieboldt Hall,Classroom Scheduling,Room reservation sync,Admissions Information Session,Auto-closed by scheduling integration.,,6
INC0201096,2025-01-14 06:03:25,2025-01-14 06:08:25,25Live,WIE-105,Wieboldt Hall,Classroom Scheduling,Room reservation sync,DECS-433-0-61 Business Analytics,Auto-closed by scheduling integration.,,5
INC0200772,2025-01-14 06:13:42,2025-01-14 06:36:42,25Live,WIE-258,Wieboldt Hall,Classroom Scheduling,Room reservation sync,Room Hold — Facilities,Auto-closed by scheduling integration.,,12
INC0201952,2025-01-14 06:24:15,2025-01-14 06:50:15,25Live,WIE-142,Wieboldt Hall,Classroom Scheduling,Room reservation sync,Student Club Panel Event,Auto-closed by scheduling integration.,,13
INC0202277,2025-01-14 06:27:30,2025-01-14 06:53:30,25Live,WIE-105,Wieboldt Hall,Classroom Scheduling,Room reservation sync,Leadership Coaching Session,Auto-closed by scheduling integration.,,6
INC0200993,2025-01-14 06:31:01,2025-01-14 06:53:01,25Live,WIE-205,Wieboldt Hall,Classroom Scheduling,Room reservation sync,MORS-470-0-51 Negotiations,Auto-closed by scheduling integration.,,18
INC0201204,2025-01-14 06:49:35,2025-01-14 07:03:35,25Live,WIE-251,Wieboldt Hall,Classroom Scheduling,Room reservation sync,FINC-430-0-51 Corporate Finance,Auto-closed by scheduling integration.,,16
INC0202134,2025-01-14 07:23:26,2025-01-14 07:48:26,25Live,WIE-110,Wieboldt Hall,Classroom Scheduling,Room reservation sync,FINC-430-0-51 Corporate Finance,Auto-closed by scheduling integration.,,11
INC0201995,2025-01-14 07:52:06,2025-01-14 07:54:06,25Live,WIE-352,Wieboldt Hall,Classroom Scheduling,Room reservation sync,MECN-425-0-52 Managerial Economics,Auto-closed by scheduling integration.,,27
INC0200603,2025-01-14 12:11:00,2025-01-30 19:24:00,Staff7267321,,Wieboldt Hall,Webconferencing,Zoom/Teams AV routing,Hybrid class: in-room students cannot hear remote participants.,Set camera preset and saved default; walked instructor through controls.,S. Patel,23473
INC0200011,2025-01-14 13:37:00,2025-01-16 13:25:00,Student8934396,,Wieboldt Hall,AV Technical Support,No display / HDMI handshake,Podium PC displays on confidence monitor but projector screen is black.,Replaced worn HDMI cable at podium wall plate.,A. Okafor,2868
INC0202239,2025-01-15 05:10:44,2025-01-15 05:17:44,25Live,WIE-355,Wieboldt Hall,Classroom Scheduling,Room reservation sync,DECS-433-0-61 Business Analytics,Auto-closed by scheduling integration.,,25
INC0202363,2025-01-15 05:13:19,2025-01-15 05:23:19,25Live,WIE-306,Wieboldt Hall,Classroom Scheduling,Room reservation sync,Room Hold — Facilities,Auto-closed by scheduling integration.,,16
INC0202520,2025-01-15 05:47:15,2025-01-15 06:02:15,25Live,WIE-343,Wieboldt Hall,Classroom Scheduling,Room reservation sync,Faculty Meeting,Auto-closed by scheduling integration.,,8
INC0202142,2025-01-15 06:19:36,,25Live,WIE-355,Wieboldt Hall,Classroom Scheduling,Room reservation sync,MKTG-450-0-61 Brand Strategy,,,
INC0201314,2025-01-15 07:43:34,,25Live,WIE-258,Wieboldt Hall,Classroom Scheduling,Room reservation sync,STRT-452-0-71 Competitive Strategy,,,
INC0201909,2025-01-15 07:51:35,2025-01-15 08:09:35,25Live,WIE-404,Wieboldt Hall,Classroom Scheduling,Room reservation sync,Faculty Meeting,Auto-closed by scheduling integration.,,4
INC0200023,2025-01-15 10:21:00,2025-01-30 18:05:00,Faculty3025086,WIE-306,Wieboldt Hall,AV Technical Support,Control system / touch panel,'System Starting' hangs indefinitely; room unusable for class.,Replaced failed relay module controlling projector power.,M. Reyes,22064
INC0200382,2025-01-15 12:43:00,2025-01-31 22:31:00,Faculty8613657,,Wieboldt Hall,Setup & Configuration,Event / class AV setup,Panel discussion: three handhelds and confidence monitor requested.,Configured room for panel format; struck equipment after event.,D. Lindqvist,23628
INC0201176,2025-01-16 05:11:45,2025-01-16 05:14:45,25Live,WIE-355,Wieboldt Hall,Classroom Scheduling,Room reservation sync,Leadership Coaching Session,Auto-closed by scheduling integration.,,20
INC0202514,2025-01-16 06:35:05,2025-01-16 07:02:05,25Live,WIE-142,Wieboldt Hall,Classroom Scheduling,Room reservation sync,OPNS-430-0-62 Operations Management,Auto-closed by scheduling integration.,,16
INC0201085,2025-01-16 07:15:41,,25Live,WIE-312,Wieboldt Hall,Classroom Scheduling,Room reservation sync,Student Club Panel Event,,,
INC0202481,2025-01-16 07:29:35,2025-01-16 07:48:35,25Live,WIE-246,Wieboldt Hall,Classroom Scheduling,Room reservation sync,Executive Education Workshop,Auto-closed by scheduling integration.,,5
INC0200526,2025-01-16 10:33:00,2025-01-17 20:22:00,Student5378156,WIE-318,Wieboldt Hall,Consultation,AV consultation / training,New faculty member requests walkthrough of classroom AV system.,Reviewed hybrid workflow and set camera/audio defaults with instructor.,M. Reyes,2029
INC0200546,2025-01-16 14:04:00,2025-01-16 14:43:00,Faculty4576284,WIE-544,Wieboldt Hall,AV Technical Support,Podium PC / login,Podium PC stuck on Windows update at class start.,Cleared temp files and restarted; escalated for RAM upgrade.,M. Reyes,39
INC0202400,2025-01-17 05:02:06,,25Live,WIE-306,Wieboldt Hall,Classroom Scheduling,Room reservation sync,OPNS-430-0-62 Operations Management,,,
INC0201598,2025-01-17 05:48:53,,25Live,WIE-355,Wieboldt Hall,Classroom Scheduling,Room reservation sync,MORS-470-0-51 Negotiations,,,
INC0201399,2025-01-17 06:06:08,2025-01-17 06:32:08,25Live,WIE-251,Wieboldt Hall,Classroom Scheduling,Room reservation sync,Student Club Panel Event,Auto-closed by scheduling integration.,,26
INC0202274,2025-01-17 07:00:13,2025-01-17 07:18:13,25Live,WIE-246,Wieboldt Hall,Classroom Scheduling,Room reservation sync,STRT-452-0-71 Competitive Strategy,Auto-closed by scheduling integration.,,13
INC0200033,2025-01-17 12:36:00,2025-02-08 07:42:00,Faculty5629374,,Wieboldt Hall,Lecture Capture,Capture scheduling / setup,One-time recording request for guest lecture.,Created recurring capture schedule; confirmed first recording with instructor.,S. Patel,31386
INC0200278,2025-01-17 12:48:00,2025-01-17 12:55:00,Faculty3844489,,Wieboldt Hall,Webconferencing,Zoom/Teams AV routing,Remote participants cannot hear in-room audio on Zoom call.,Set camera preset and saved default; walked instructor through controls.,M. Reyes,7
INC0200089,2025-01-17 19:53:00,2025-01-18 01:14:00,Staff1398494,WIE-544,Wieboldt Hall,AV Technical Support,Podium PC / login,Podium PC stuck on Windows update at class start.,Re-joined machine to domain; login verified.,J. Whitfield,321
INC0201641,2025-01-18 05:47:34,2025-01-18 06:14:34,25Live,WIE-455,Wieboldt Hall,Classroom Scheduling,Room reservation sync,Admissions Information Session,Auto-closed by scheduling integration.,,13
INC0201538,2025-01-18 07:38:42,2025-01-18 08:06:42,25Live,WIE-142,Wieboldt Hall,Classroom Scheduling,Room reservation sync,Faculty Meeting,Auto-closed by scheduling integration.,,22
INC0200143,2025-01-18 11:28:00,2025-01-18 14:01:00,Faculty1304657,WIE-355,Wieboldt Hall,Equipment Maintenance & Repair,Cabling / connectors,USB-C adapter at podium missing; instructor cannot connect MacBook.,Re-secured wall plate and tested all inputs.,D. Lindqvist,153
INC0201668,2025-01-19 06:46:07,2025-01-19 07:02:07,25Live,WIE-412,Wieboldt Hall,Classroom Scheduling,Room reservation sync,Room Hold — Facilities,Auto-closed by scheduling integration.,,12
INC0201714,2025-01-20 06:46:50,2025-01-20 07:05:50,25Live,WIE-343,Wieboldt Hall,Classroom Scheduling,Room reservation sync,MECN-425-0-52 Managerial Economics,Auto-closed by scheduling integration.,,8
INC0200634,2025-01-20 14:44:00,2025-01-20 16:30:00,Faculty4587523,,Wieboldt Hall,AV Technical Support,Podium PC / login,Podium PC extremely slow to load PowerPoint.,Cleared temp files and restarted; escalated for RAM upgrade.,L. Ferreira,106
INC0201130,2025-01-21 05:53:23,2025-01-21 06:15:23,25Live,WIE-312,Wieboldt Hall,Classroom Scheduling,Room reservation sync,Room Hold — Facilities,Auto-closed by scheduling integration.,,23
INC0201173,2025-01-21 07:20:15,2025-01-21 07:30:15,25Live,WIE-148,Wieboldt Hall,Classroom Scheduling,Room reservation sync,MORS-470-0-51 Negotiations,Auto-closed by scheduling integration.,,10
INC0200657,2025-01-21 21:26:00,2025-01-24 22:02:00,Student683029,WIE-246,Wieboldt Hall,Equipment Maintenance & Repair,Projector lamp / image quality,"Projector filter warning on startup, image flickering.",Replaced projector lamp; brightness restored.,D. Lindqvist,4356
INC0201748,2025-01-22 05:20:03,2025-01-22 05:25:03,25Live,WIE-251,Wieboldt Hall,Classroom Scheduling,Room reservation sync,Faculty Meeting,Auto-closed by scheduling integration.,,26
INC0201011,2025-01-22 05:29:26,2025-01-22 05:35:26,25Live,WIE-355,Wieboldt Hall,Classroom Scheduling,Room reservation sync,Admissions Information Session,Auto-closed by scheduling integration.,,29
INC0201432,2025-01-22 05:58:47,2025-01-22 06:24:47,25Live,WIE-105,Wieboldt Hall,Classroom Scheduling,Room reservation sync,STRT-452-0-71 Competitive Strategy,Auto-closed by scheduling integration.,,4
INC0201274,2025-01-22 06:46:18,2025-01-22 06:51:18,25Live,WIE-343,Wieboldt Hall,Classroom Scheduling,Room reservation sync,MORS-470-0-51 Negotiations,Auto-closed by scheduling integration.,,24
INC0201646,2025-01-22 07:25:12,2025-01-22 07:47:12,25Live,WIE-343,Wieboldt Hall,Classroom Scheduling,Room reservation sync,Faculty Meeting,Auto-closed by scheduling integration.,,7
INC0202211,2025-01-22 07:35:50,2025-01-22 07:47:50,25Live,WIE-521,Wieboldt Hall,Classroom Scheduling,Room reservation sync,OPNS-430-0-62 Operations Management,Auto-closed by scheduling integration.,,12
INC0200364,2025-01-22 09:50:00,2025-01-23 19:57:00,Faculty3917616,WIE-312,Wieboldt Hall,Consultation,AV consultation / training,New faculty member requests walkthrough of classroom AV system.,Reviewed hybrid workflow and set camera/audio defaults with instructor.,J. Whitfield,2047
INC0200369,2025-01-22 10:31:00,2025-01-22 22:28:00,Faculty6029419,WIE-455 ,Wieboldt Hall,Webconferencing,Zoom/Teams AV routing,Camera feed not appearing in Teams; shows black tile.,Re-seated USB extender at podium; camera re-enumerated in Teams.,S. Patel,717
INC0200667,2025-01-22 11:17:00,2025-01-23 14:01:00,Faculty7371213,,Wieboldt Hall,Lecture Capture,Recording failed / not captured,Capture appliance offline; last three scheduled recordings missing.,Restarted capture appliance; verified next scheduled recording completed.,S. Patel,1604
INC0200119,2025-01-22 11:38:00,2025-01-25 14:49:00,Staff3259372,WIE-404,Wieboldt Hall,AV Technical Support,Podium PC / login,Podium PC stuck on Windows update at class start.,Cleared temp files and restarted; escalated for RAM upgrade.,A. Okafor,4511
INC0202104,2025-01-23 05:00:16,2025-01-23 05:27:16,25Live,WIE-205,Wieboldt Hall,Classroom Scheduling,Room reservation sync,Room Hold — Facilities,Auto-closed by scheduling integration.,,27
INC0201949,2025-01-23 05:14:36,2025-01-23 05:31:36,25Live,WIE-455,Wieboldt Hall,Classroom Scheduling,Room reservation sync,ACCT-410-0-51 Financial Accounting,Auto-closed by scheduling integration.,,14
INC0201132,2025-01-23 05:59:12,2025-01-23 06:25:12,25Live,WIE-142,Wieboldt Hall,Classroom Scheduling,Room reservation sync,MORS-470-0-51 Negotiations,Auto-closed by scheduling integration.,,27
INC0202123,2025-01-23 06:11:12,2025-01-23 06:28:12,25Live,WIE-110,Wieboldt Hall,Classroom Scheduling,Room reservation sync,Student Club Panel Event,Auto-closed by scheduling integration.,,9
INC0202279,2025-01-23 06:12:51,2025-01-23 06:29:51,25Live,WIE-142,Wieboldt Hall,Classroom Scheduling,Room reservation sync,OPNS-430-0-62 Operations Management,Auto-closed by scheduling integration.,,21
INC0202241,2025-01-23 06:34:27,,25Live,WIE-521,Wieboldt Hall,Classroom Scheduling,Room reservation sync,DECS-433-0-61 Business Analytics,,,
INC0201335,2025-01-23 06:49:43,2025-01-23 06:58:43,25Live,WIE-110,Wieboldt Hall,Classroom Scheduling,Room reservation sync,Admissions Information Session,Auto-closed by scheduling integration.,,20
INC0200891,2025-01-23 07:19:57,2025-01-23 07:38:57,25Live,WIE-105,Wieboldt Hall,Classroom Scheduling,Room reservation sync,Admissions Information Session,Auto-closed by scheduling integration.,,18
INC0200668,2025-01-23 08:22:00,2025-01-23 08:41:00,Faculty9134227,,Wieboldt Hall,Lecture Capture,Recording failed / not captured,Recording stopped 20 minutes into class; remainder not captured.,Restarted capture appliance; verified next scheduled recording completed.,D. Lindqvist,19
INC0201031,2025-01-24 05:02:31,2025-01-24 05:13:31,25Live,WIE-110,Wieboldt Hall,Classroom Scheduling,Room reservation sync,ACCT-410-0-51 Financial Accounting,Auto-closed by scheduling integration.,,23
INC0201901,2025-01-24 05:07:02,2025-01-24 05:14:02,25Live,WIE-318,Wieboldt Hall,Classroom Scheduling,Room reservation sync,Leadership Coaching Session,Auto-closed by scheduling integration.,,1
INC0200901,2025-01-24 06:08:42,2025-01-24 06:31:42,25Live,WIE-205,Wieboldt Hall,Classroom Scheduling,Room reservation sync,Executive Education Workshop,Auto-closed by scheduling integration.,,4
INC0200894,2025-01-25 05:29:11,2025-01-25 05:58:11,25Live,WIE-205,Wieboldt Hall,Classroom Scheduling,Room reservation sync,OPNS-430-0-62 Operations Management,Auto-closed by scheduling integration.,,3
INC0201957,2025-01-25 05:50:46,2025-01-25 06:01:46,25Live,WIE-246,Wieboldt Hall,Classroom Scheduling,Room reservation sync,Room Hold — Facilities,Auto-closed by scheduling integration.,,3
INC0200365,2025-01-25 15:30:00,2025-02-06 07:56:00,Faculty2238592,WIE-312,Wieboldt Hall,Consultation,AV consultation / training,New faculty member requests walkthrough of classroom AV system.,Provided 30-minute room orientation; left quick-reference guide.,S. Patel,16826
INC0201579,2025-01-26 05:35:42,2025-01-26 05:55:42,25Live,WIE-343,Wieboldt Hall,Classroom Scheduling,Room reservation sync,Executive Education Workshop,Auto-closed by scheduling integration.,,6
INC0202504,2025-01-26 05:37:03,2025-01-26 05:41:03,25Live,WIE-251,Wieboldt Hall,Classroom Scheduling,Room reservation sync,Executive Education Workshop,Auto-closed by scheduling integration.,,8
INC0200125,2025-01-26 11:04:00,2025-09-05 14:44:00,Student6987128,,Wieboldt Hall,Lecture Capture,Capture scheduling / setup,One-time recording request for guest lecture.,Scheduled one-time recording; verified folder permissions.,D. Lindqvist,319900
INC0201715,2025-01-27 05:04:22,,25Live,WIE-251,Wieboldt Hall,Classroom Scheduling,Room reservation sync,OPNS-430-0-62 Operations Management,,,
INC0201767,2025-01-27 06:32:02,2025-01-27 06:40:02,25Live,WIE-142,Wieboldt Hall,Classroom Scheduling,Room reservation sync,Student Club Panel Event,Auto-closed by scheduling integration.,,18
INC0200796,2025-01-28 05:12:13,2025-01-28 05:37:13,25Live,WIE-251,Wieboldt Hall,Classroom Scheduling,Room reservation sync,Room Hold — Facilities,Auto-closed by scheduling integration.,,4
INC0201717,2025-01-28 05:35:29,2025-01-28 05:48:29,25Live,WIE-142,Wieboldt Hall,Classroom Scheduling,Room reservation sync,Leadership Coaching Session,Auto-closed by scheduling integration.,,22
INC0202235,2025-01-28 07:03:25,,25Live,WIE-105,Wieboldt Hall,Classroom Scheduling,Room reservation sync,MORS-470-0-51 Negotiations,,,
INC0201229,2025-01-28 07:34:56,2025-01-28 07:37:56,25Live,WIE-343,Wieboldt Hall,Classroom Scheduling,Room reservation sync,Leadership Coaching Session,Auto-closed by scheduling integration.,,3
INC0202189,2025-01-28 07:44:29,,25Live,WIE-343,Wieboldt Hall,Classroom Scheduling,Room reservation sync,Admissions Information Session,,,
INC0201320,2025-01-28 07:55:37,,25Live,WIE-343,Wieboldt Hall,Classroom Scheduling,Room reservation sync,Room Hold — Facilities,,,
INC0200727,2025-01-28 11:07:00,2025-01-29 06:20:00,Faculty485555,WIE-246,Wieboldt Hall,Lecture Capture,Recording failed / not captured,Recording stopped 20 minutes into class; remainder not captured.,Restarted capture appliance; verified next scheduled recording completed.,R. Calloway,1153
INC0201436,2025-01-29 06:21:05,2025-01-29 06:23:05,25Live,WIE-142,Wieboldt Hall,Classroom Scheduling,Room reservation sync,ACCT-410-0-51 Financial Accounting,Auto-closed by scheduling integration.,,12
INC0202391,2025-01-29 06:23:32,,25Live,WIE-105,Wieboldt Hall,Classroom Scheduling,Room reservation sync,Student Club Panel Event,,,
INC0202247,2025-01-29 06:24:00,2025-01-29 06:32:00,25Live,WIE-110,Wieboldt Hall,Classroom Scheduling,Room reservation sync,MORS-470-0-51 Negotiations,Auto-closed by scheduling integration.,,4
INC0200866,2025-01-29 06:31:37,,25Live,WIE-110,Wieboldt Hall,Classroom Scheduling,Room reservation sync,MECN-425-0-52 Managerial Economics,,,
INC0201227,2025-01-29 06:34:54,2025-01-29 06:38:54,25Live,WIE-251,Wieboldt Hall,Classroom Scheduling,Room reservation sync,MORS-470-0-51 Negotiations,Auto-closed by scheduling integration.,,21
INC0201629,2025-01-29 06:39:18,,25Live,WIE-251,Wieboldt Hall,Classroom Scheduling,Room reservation sync,Room Hold — Facilities,,,
INC0200074,2025-01-29 10:39:00,2025-01-30 11:52:00,Faculty8494180,WIE-110,Wieboldt Hall,AV Technical Support,Input switching failure,Touch panel input selection not changing projector source.,Matrix switcher front-panel override cleared; touch panel control restored.,A. Okafor,1513
INC0200549,2025-01-29 16:23:00,2025-02-03 23:42:00,Faculty8629221,WIE-355,Wieboldt Hall,Equipment Maintenance & Repair,Projector lamp / image quality,"Yellow tint on projected image, worse on left side.",Replaced projector lamp; brightness restored.,J. Whitfield,7639
INC0201400,2025-01-30 05:02:56,2025-01-30 05:04:56,25Live,WIE-246,Wieboldt Hall,Classroom Scheduling,Room reservation sync,Leadership Coaching Session,Auto-closed by scheduling integration.,,16
INC0201698,2025-01-30 05:50:31,,25Live,WIE-142,Wieboldt Hall,Classroom Scheduling,Room reservation sync,STRT-452-0-71 Competitive Strategy,,,
INC0201667,2025-01-30 06:14:42,2025-01-30 06:39:42,25Live,WIE-246,Wieboldt Hall,Classroom Scheduling,Room reservation sync,MKTG-450-0-61 Brand Strategy,Auto-closed by scheduling integration.,,22
INC0201849,2025-01-30 06:25:08,2025-01-30 06:47:08,25Live,WIE-412,Wieboldt Hall,Classroom Scheduling,Room reservation sync,MKTG-450-0-61 Brand Strategy,Auto-closed by scheduling integration.,,28
INC0202331,2025-01-30 07:17:51,2025-01-30 07:32:51,25Live,WIE-148,Wieboldt Hall,Classroom Scheduling,Room reservation sync,Admissions Information Session,Auto-closed by scheduling integration.,,11
INC0200311,2025-01-30 20:59:00,2025-09-04 02:25:00,Faculty7819248,,Wieboldt Hall,AV Technical Support,Audio / microphone,Lavalier mic cutting out intermittently during lecture.,Swapped faulty bodypack transmitter with spare unit.,A. Okafor,311366
INC0202046,2025-01-31 05:38:56,2025-01-31 05:53:56,25Live,WIE-355,Wieboldt Hall,Classroom Scheduling,Room reservation sync,OPNS-430-0-62 Operations Management,Auto-closed by scheduling integration.,,12
INC0202051,2025-01-31 05:39:56,2025-01-31 05:57:56,25Live,WIE-312,Wieboldt Hall,Classroom Scheduling,Room reservation sync,ACCT-410-0-51 Financial Accounting,Auto-closed by scheduling integration.,,9
INC0200075,2025-01-31 15:37:00,2025-01-31 15:41:00,Staff3449026,WIE-110,Wieboldt Hall,AV Technical Support,Input switching failure,Room stuck on document camera input; cannot switch back to podium PC.,Reloaded control program; input switching functional.,J. Whitfield,4
INC0201944,2025-02-01 05:33:17,2025-02-01 05:43:17,25Live,WIE-355,Wieboldt Hall,Classroom Scheduling,Room reservation sync,FINC-430-0-51 Corporate Finance,Auto-closed by scheduling integration.,,17
INC0202467,2025-02-01 05:51:48,2025-02-01 05:55:48,25Live,WIE-105,Wieboldt Hall,Classroom Scheduling,Room reservation sync,Leadership Coaching Session,Auto-closed by scheduling integration.,,5
INC0202143,2025-02-01 06:35:27,2025-02-01 07:00:27,25Live,WIE-205,Wieboldt Hall,Classroom Scheduling,Room reservation sync,MKTG-450-0-61 Brand Strategy,Auto-closed by scheduling integration.,,18
INC0200136,2025-02-01 08:54:00,2025-02-23 19:20:00,Faculty2574074,WIE-105,Wieboldt Hall,Webconferencing,Zoom/Teams AV routing,Remote participants cannot hear in-room audio on Zoom call.,Selected correct USB bridge as mic/speaker in Zoom; verified with test call.,A. Okafor,32306
INC0202064,2025-02-02 07:45:26,2025-02-02 08:00:26,25Live,WIE-318,Wieboldt Hall,Classroom Scheduling,Room reservation sync,OPNS-430-0-62 Operations Management,Auto-closed by scheduling integration.,,27
INC0202049,2025-02-03 05:41:09,,25Live,WIE-251,Wieboldt Hall,Classroom Scheduling,Room reservation sync,Faculty Meeting,,,
INC0200967,2025-02-03 07:04:20,2025-02-03 07:27:20,25Live,WIE-521,Wieboldt Hall,Classroom Scheduling,Room reservation sync,ACCT-410-0-51 Financial Accounting,Auto-closed by scheduling integration.,,5
INC0200728,2025-02-03 08:20:00,2025-02-04 10:30:00,Staff4173610,WIE-246,Wieboldt Hall,Lecture Capture,Recording failed / not captured,Lecture recording missing audio track for full session.,Restarted capture appliance; verified next scheduled recording completed.,D. Lindqvist,1570
INC0201999,2025-02-04 06:06:38,2025-02-04 06:21:38,25Live,WIE-251,Wieboldt Hall,Classroom Scheduling,Room reservation sync,Admissions Information Session,Auto-closed by scheduling integration.,,20
INC0201540,2025-02-04 06:57:35,2025-02-04 07:07:35,25Live,WIE-142,Wieboldt Hall,Classroom Scheduling,Room reservation sync,Executive Education Workshop,Auto-closed by scheduling integration.,,8
INC0200651,2025-02-04 11:02:00,2025-02-13 12:27:00,Faculty7464100,WIE-521,Wieboldt Hall,Consultation,AV consultation / training,Department asks for guidance on recording equipment for workshop series.,Recommended equipment configuration; scheduled follow-up.,R. Calloway,13045
INC0200821,2025-02-05 05:41:01,,25Live,WIE-105,Wieboldt Hall,Classroom Scheduling,Room reservation sync,STRT-452-0-71 Competitive Strategy,,,
INC0202250,2025-02-05 06:01:04,2025-02-05 06:13:04,25Live,WIE-306,Wieboldt Hall,Classroom Scheduling,Room reservation sync,Executive Education Workshop,Auto-closed by scheduling integration.,,1
INC0201388,2025-02-05 06:12:28,2025-02-05 06:38:28,25Live,WIE-312,Wieboldt Hall,Classroom Scheduling,Room reservation sync,STRT-452-0-71 Competitive Strategy,Auto-closed by scheduling integration.,,19
INC0201736,2025-02-05 06:14:36,2025-02-05 06:16:36,25Live,WIE-355,Wieboldt Hall,Classroom Scheduling,Room reservation sync,MECN-425-0-52 Managerial Economics,Auto-closed by scheduling integration.,,29
INC0201012,2025-02-05 06:17:45,2025-02-05 06:27:45,25Live,WIE-142,Wieboldt Hall,Classroom Scheduling,Room reservation sync,STRT-452-0-71 Competitive Strategy,Auto-closed by scheduling integration.,,26
INC0200669,2025-02-05 11:31:00,2025-02-07 19:45:00,Faculty912514,WIE-343,Wieboldt Hall,Lecture Capture,Recording failed / not captured,Lecture recording missing audio track for full session.,Restarted capture appliance; verified next scheduled recording completed.,S. Patel,3374
INC0200498,2025-02-05 12:30:00,2025-02-06 02:00:00,Faculty9985048,,Wieboldt Hall,Consultation,AV consultation / training,Department asks for guidance on recording equipment for workshop series.,Provided 30-minute room orientation; left quick-reference guide.,A. Okafor,810
INC0201246,2025-02-06 05:03:59,2025-02-06 05:07:59,25Live,WIE-251,Wieboldt Hall,Classroom Scheduling,Room reservation sync,ACCT-410-0-51 Financial Accounting,Auto-closed by scheduling integration.,,27
INC0200928,2025-02-06 05:58:55,,25Live,WIE-142,Wieboldt Hall,Classroom Scheduling,Room reservation sync,Room Hold — Facilities,,,
INC0201134,2025-02-06 06:16:10,2025-02-06 06:37:10,25Live,WIE-343,Wieboldt Hall,Classroom Scheduling,Room reservation sync,Leadership Coaching Session,Auto-closed by scheduling integration.,,4
INC0200868,2025-02-06 06:36:16,2025-02-06 07:05:16,25Live,WIE-205,Wieboldt Hall,Classroom Scheduling,Room reservation sync,Student Club Panel Event,Auto-closed by scheduling integration.,,20
INC0200729,2025-02-06 13:57:00,2025-02-09 00:40:00,Student8677501,WIE-246,Wieboldt Hall,Lecture Capture,Recording failed / not captured,Capture appliance offline; last three scheduled recordings missing.,Restarted capture appliance; verified next scheduled recording completed.,A. Okafor,3523
INC0200245,2025-02-06 15:49:00,2025-02-06 17:01:00,Student1281637,,Wieboldt Hall,AV Technical Support,No display / HDMI handshake,Podium PC displays on confidence monitor but projector screen is black.,Power-cycled matrix switcher and re-seated HDMI at podium; signal restored.,A. Okafor,72
INC0200381,2025-02-06 18:29:00,2025-02-15 06:30:00,Faculty1935138,,Wieboldt Hall,Setup & Configuration,Event / class AV setup,Panel discussion: three handhelds and confidence monitor requested.,Completed setup and tested with event organizer.,A. Okafor,12241
INC0201029,2025-02-07 05:07:27,2025-02-07 05:19:27,25Live,WIE-205,Wieboldt Hall,Classroom Scheduling,Room reservation sync,FINC-430-0-51 Corporate Finance,Auto-closed by scheduling integration.,,23
INC0201307,2025-02-07 06:39:41,,25Live,WIE-142,Wieboldt Hall,Classroom Scheduling,Room reservation sync,Executive Education Workshop,,,
INC0201453,2025-02-07 07:16:10,2025-02-07 07:45:10,25Live,WIE-306,Wieboldt Hall,Classroom Scheduling,Room reservation sync,Executive Education Workshop,Auto-closed by scheduling integration.,,5
INC0201753,2025-02-08 06:42:57,2025-02-08 06:56:57,25Live,WIE-312,Wieboldt Hall,Classroom Scheduling,Room reservation sync,OPNS-430-0-62 Operations Management,Auto-closed by scheduling integration.,,27
INC0202131,2025-02-08 06:56:44,2025-02-08 06:59:44,25Live,WIE-521,Wieboldt Hall,Classroom Scheduling,Room reservation sync,Room Hold — Facilities,Auto-closed by scheduling integration.,,17
INC0200650,2025-02-08 08:46:00,2025-02-22 17:44:00,Student1827657,WIE-110,Wieboldt Hall,Equipment Maintenance & Repair,Preventative maintenance,Quarterly AV preventative maintenance check.,Updated device firmware; verified control and AV paths.,A. Okafor,20698
INC0200097,2025-02-08 16:23:00,2025-02-08 19:36:00,Staff6112120,WIE-258,Wieboldt Hall,AV Technical Support,No display / HDMI handshake,Projector shows brief image then drops to black screen repeatedly.,Rebooted control processor; input routing restored after reload.,M. Reyes,193
INC0200137,2025-02-09 09:40:00,2025-02-09 10:23:00,Faculty6839459,WIE-105,Wieboldt Hall,Webconferencing,Zoom/Teams AV routing,Remote participants cannot hear in-room audio on Zoom call.,Selected correct USB bridge as mic/speaker in Zoom; verified with test call.,D. Lindqvist,43
INC0200499,2025-02-09 18:24:00,2025-02-11 13:40:00,Student7549418,WIE-355,Wieboldt Hall,Consultation,AV consultation / training,New faculty member requests walkthrough of classroom AV system.,Recommended equipment configuration; scheduled follow-up.,D. Lindqvist,2596
INC0201573,2025-02-11 05:20:43,,25Live,WIE-142,Wieboldt Hall,Classroom Scheduling,Room reservation sync,DECS-433-0-61 Business Analytics,,,
INC0202023,2025-02-11 05:23:48,2025-02-11 05:49:48,25Live,WIE-355,Wieboldt Hall,Classroom Scheduling,Room reservation sync,MORS-470-0-51 Negotiations,Auto-closed by scheduling integration.,,23
INC0200872,2025-02-11 05:26:46,2025-02-11 05:32:46,25Live,WIE-258,Wieboldt Hall,Classroom Scheduling,Room reservation sync,STRT-452-0-71 Competitive Strategy,Auto-closed by scheduling integration.,,20
INC0202332,2025-02-11 06:26:31,2025-02-11 06:37:31,25Live,WIE-246,Wieboldt Hall,Classroom Scheduling,Room reservation sync,Admissions Information Session,Auto-closed by scheduling integration.,,17
INC0200025,2025-02-11 15:21:00,2025-02-12 08:02:00,Staff6988110,WIE-205,Wieboldt Hall,Lecture Capture,Recording failed / not captured,Capture appliance offline; last three scheduled recordings missing.,Corrected room calendar mapping in capture scheduler.,S. Patel,1001
INC0201069,2025-02-12 05:24:52,2025-02-12 05:42:52,25Live,WIE-343,Wieboldt Hall,Classroom Scheduling,Room reservation sync,FINC-430-0-51 Corporate Finance,Auto-closed by scheduling integration.,,3
INC0201053,2025-02-12 05:40:48,2025-02-12 05:54:48,25Live,WIE-544,Wieboldt Hall,Classroom Scheduling,Room reservation sync,OPNS-430-0-62 Operations Management,Auto-closed by scheduling integration.,,8
INC0200788,2025-02-12 06:21:29,2025-02-12 06:38:29,25Live,WIE-148,Wieboldt Hall,Classroom Scheduling,Room reservation sync,Student Club Panel Event,Auto-closed by scheduling integration.,,27
INC0201232,2025-02-12 06:34:05,2025-02-12 06:58:05,25Live,WIE-148,Wieboldt Hall,Classroom Scheduling,Room reservation sync,DECS-433-0-61 Business Analytics,Auto-closed by scheduling integration.,,6
INC0202367,2025-02-12 07:18:57,2025-02-12 07:22:57,25Live,WIE-110,Wieboldt Hall,Classroom Scheduling,Room reservation sync,Faculty Meeting,Auto-closed by scheduling integration.,,10
INC0201741,2025-02-12 07:35:23,2025-02-12 07:37:23,25Live,WIE-251,Wieboldt Hall,Classroom Scheduling,Room reservation sync,ACCT-410-0-51 Financial Accounting,Auto-closed by scheduling integration.,,29
INC0201727,2025-02-12 07:39:07,2025-02-12 07:52:07,25Live,WIE-343,Wieboldt Hall,Classroom Scheduling,Room reservation sync,Admissions Information Session,Auto-closed by scheduling integration.,,19
INC0200653,2025-02-12 10:46:00,2025-03-03 06:40:00,Staff5940427,WIE-355,Wieboldt Hall,AV Technical Support,Podium PC / login,Podium PC extremely slow to load PowerPoint.,Cleared temp files and restarted; escalated for RAM upgrade.,K. Duval,27114
INC0200573,2025-02-12 10:58:00,2025-02-12 11:03:00,Faculty816644,WIE-110,Wieboldt Hall,av technical support,No display / HDMI handshake,Podium PC displays on confidence monitor but projector screen is black.,Power-cycled matrix switcher and re-seated HDMI at podium; signal restored.,S. Patel,5
INC0200946,2025-02-13 05:09:36,2025-02-13 05:35:36,25Live,WIE-142,Wieboldt Hall,Classroom Scheduling,Room reservation sync,MKTG-450-0-61 Brand Strategy,Auto-closed by scheduling integration.,,28
INC0201605,2025-02-13 05:28:30,,25Live,WIE-105,Wieboldt Hall,Classroom Scheduling,Room reservation sync,Student Club Panel Event,,,
INC0201876,2025-02-13 05:33:34,2025-02-13 05:40:34,25Live,WIE-148,Wieboldt Hall,Classroom Scheduling,Room reservation sync,Room Hold — Facilities,Auto-closed by scheduling integration.,,15
INC0201102,2025-02-13 07:53:19,2025-02-13 07:57:19,25Live,WIE-142,Wieboldt Hall,Classroom Scheduling,Room reservation sync,MORS-470-0-51 Negotiations,Auto-closed by scheduling integration.,,13
INC0200098,2025-02-13 20:01:00,2025-02-13 21:32:00,Faculty4388445,WIE-258,Wieboldt Hall,AV Technical Support,No display / HDMI handshake,HDMI handshake failure after switching from podium PC to laptop.,Rebooted control processor; input routing restored after reload.,A. Okafor,91
INC0202155,2025-02-14 06:07:26,2025-02-14 06:23:26,25Live,WIE-318,Wieboldt Hall,Classroom Scheduling,Room reservation sync,FINC-430-0-51 Corporate Finance,Auto-closed by scheduling integration.,,13
INC0201919,2025-02-14 06:45:39,,25Live,WIE-105,Wieboldt Hall,Classroom Scheduling,Room reservation sync,Executive Education Workshop,,,
INC0202273,2025-02-14 07:32:44,2025-02-14 07:34:44,25Live,WIE-251,Wieboldt Hall,Classroom Scheduling,Room reservation sync,MORS-470-0-51 Negotiations,Auto-closed by scheduling integration.,,10
INC0200574,2025-02-14 10:40:00,2025-02-15 01:59:00,Faculty8986653,WIE-110,Wieboldt Hall,AV Technical Support,No display / HDMI handshake,HDMI handshake failure after switching from podium PC to laptop.,Power-cycled matrix switcher and re-seated HDMI at podium; signal restored.,A. Okafor,919
INC0200655,2025-02-14 14:54:00,2025-02-15 10:28:00,Faculty4409483,WIE-404,Wieboldt Hall,Consultation,AV consultation / training,Instructor requests best-practice review for hybrid teaching setup.,Recommended equipment configuration; scheduled follow-up.,D. Lindqvist,1174
INC0200855,2025-02-15 05:45:38,2025-02-15 06:14:38,25Live,WIE-110,Wieboldt Hall,Classroom Scheduling,Room reservation sync,Room Hold — Facilities,Auto-closed by scheduling integration.,,9
INC0202455,2025-02-15 05:58:21,2025-02-15 06:05:21,25Live,WIE-404,Wieboldt Hall,Classroom Scheduling,Room reservation sync,MORS-470-0-51 Negotiations,Auto-closed by scheduling integration.,,20
INC0201040,2025-02-16 05:15:00,2025-02-16 05:28:00,25Live,WIE-521,Wieboldt Hall,Classroom Scheduling,Room reservation sync,Faculty Meeting,Auto-closed by scheduling integration.,,21
INC0201004,2025-02-17 05:00:54,2025-02-17 05:01:54,25Live,WIE-455,Wieboldt Hall,Classroom Scheduling,Room reservation sync,Room Hold — Facilities,Auto-closed by scheduling integration.,,1
INC0202423,2025-02-17 05:55:14,2025-02-17 06:17:14,25Live,WIE-306,Wieboldt Hall,Classroom Scheduling,Room reservation sync,MKTG-450-0-61 Brand Strategy,Auto-closed by scheduling integration.,,4
INC0201492,2025-02-18 06:03:14,2025-02-18 06:30:14,25Live,WIE-142,Wieboldt Hall,Classroom Scheduling,Room reservation sync,Faculty Meeting,Auto-closed by scheduling integration.,,25
INC0202212,2025-02-18 06:06:20,2025-02-18 06:35:20,25Live,WIE-105,Wieboldt Hall,Classroom Scheduling,Room reservation sync,ACCT-410-0-51 Financial Accounting,Auto-closed by scheduling integration.,,9
INC0202447,2025-02-18 06:06:54,2025-02-18 06:29:54,25Live,WIE-355,Wieboldt Hall,Classroom Scheduling,Room reservation sync,Faculty Meeting,Auto-closed by scheduling integration.,,16
INC0201138,2025-02-18 06:07:09,2025-02-18 06:11:09,25Live,WIE-251,Wieboldt Hall,Classroom Scheduling,Room reservation sync,MECN-425-0-52 Managerial Economics,Auto-closed by scheduling integration.,,5
INC0202493,2025-02-18 06:19:07,2025-02-18 06:43:07,25Live,WIE-142,Wieboldt Hall,Classroom Scheduling,Room reservation sync,STRT-452-0-71 Competitive Strategy,Auto-closed by scheduling integration.,,28
INC0202175,2025-02-18 06:28:50,2025-02-18 06:40:50,25Live,WIE-105,Wieboldt Hall,Classroom Scheduling,Room reservation sync,ACCT-410-0-51 Financial Accounting,Auto-closed by scheduling integration.,,22
INC0201881,2025-02-18 07:21:36,2025-02-18 07:22:36,25Live,WIE-318,Wieboldt Hall,Classroom Scheduling,Room reservation sync,FINC-430-0-51 Corporate Finance,Auto-closed by scheduling integration.,,24
INC0202453,2025-02-18 07:31:19,2025-02-18 07:51:19,25Live,WIE-306,Wieboldt Hall,Classroom Scheduling,Room reservation sync,Executive Education Workshop,Auto-closed by scheduling integration.,,13
INC0200246,2025-02-18 08:04:00,2025-02-21 22:36:00,Faculty6457221,WIE-105,Wieboldt Hall,AV Technical Support,No display / HDMI handshake,Projector shows brief image then drops to black screen repeatedly.,Rebooted control processor; input routing restored after reload.,D. Lindqvist,5192
INC0200282,2025-02-18 11:20:00,2025-02-21 03:21:00,Student7477484,WIE-355,Wieboldt Hall,Setup & Configuration,Event / class AV setup,Microphone and projector setup for guest speaker event.,Provided requested microphones; staffed first 15 minutes of event.,M. Reyes,3841
INC0200439,2025-02-18 17:19:00,2025-02-18 18:47:00,Faculty838444,WIE-142,Wieboldt Hall,Lecture Capture,Recording failed / not captured,Scheduled class recording did not start; instructor reports no video in portal.,Corrected room calendar mapping in capture scheduler.,A. Okafor,88
INC0201992,2025-02-19 05:15:00,2025-02-19 05:43:00,25Live,WIE-105,Wieboldt Hall,Classroom Scheduling,Room reservation sync,STRT-452-0-71 Competitive Strategy,Auto-closed by scheduling integration.,,10
INC0201306,2025-02-19 05:39:21,2025-02-19 06:06:21,25Live,WIE-251,Wieboldt Hall,Classroom Scheduling,Room reservation sync,Room Hold — Facilities,Auto-closed by scheduling integration.,,1
INC0200941,2025-02-19 06:08:55,,25Live,WIE-312,Wieboldt Hall,Classroom Scheduling,Room reservation sync,Admissions Information Session,,,
INC0201183,2025-02-20 05:41:58,2025-02-20 06:00:58,25Live,WIE-306,Wieboldt Hall,Classroom Scheduling,Room reservation sync,MKTG-450-0-61 Brand Strategy,Auto-closed by scheduling integration.,,21
INC0201235,2025-02-20 05:51:06,2025-02-20 06:06:06,25Live,WIE-110,Wieboldt Hall,Classroom Scheduling,Room reservation sync,Leadership Coaching Session,Auto-closed by scheduling integration.,,21
INC0201409,2025-02-20 06:31:05,2025-02-20 06:51:05,25Live,WIE-544,Wieboldt Hall,Classroom Scheduling,Room reservation sync,MECN-425-0-52 Managerial Economics,Auto-closed by scheduling integration.,,13
INC0200159,2025-02-20 08:48:00,2025-02-24 00:08:00,Student8215648,WIE-318,Wieboldt Hall,Lecture Capture,Capture scheduling / setup,Course recordings publishing to wrong folder; permissions need correction.,Created recurring capture schedule; confirmed first recording with instructor.,A. Okafor,5240
INC0200656,2025-02-20 11:21:00,2025-03-01 11:12:00,Faculty1121645,WIE-404,Wieboldt Hall,Consultation,AV consultation / training,New faculty member requests walkthrough of classroom AV system.,Recommended equipment configuration; scheduled follow-up.,A. Okafor,12951
INC0200173,2025-02-20 14:39:00,2025-02-22 13:05:00,Staff9708272,WIE-312,Wieboldt Hall,Webconferencing,Camera / PTZ,Camera image degraded; colors washed out on far end.,Restored camera presets from backup; tracking verified.,A. Okafor,2786
INC0201854,2025-02-21 05:21:58,2025-02-21 05:23:58,25Live,WIE-355,Wieboldt Hall,Classroom Scheduling,Room reservation sync,Executive Education Workshop,Auto-closed by scheduling integration.,,2
INC0201589,2025-02-21 05:49:32,,25Live,WIE-142,Wieboldt Hall,Classroom Scheduling,Room reservation sync,Executive Education Workshop,,,
INC0200628,2025-02-21 12:09:00,2025-02-23 06:12:00,Faculty6367046,,Wieboldt Hall,Setup & Configuration,Event / class AV setup,Panel discussion: three handhelds and confidence monitor requested.,Provided requested microphones; staffed first 15 minutes of event.,M. Reyes,2523
INC0201541,2025-02-22 06:03:50,2025-02-22 06:19:50,25Live,WIE-148,Wieboldt Hall,Classroom Scheduling,Room reservation sync,Faculty Meeting,Auto-closed by scheduling integration.,,25
INC0200363,2025-02-22 14:47:00,2025-02-22 23:15:00,Faculty5141667,WIE-148,Wieboldt Hall,Lecture Capture,Recording failed / not captured,Capture appliance offline; last three scheduled recordings missing.,Restarted capture appliance; verified next scheduled recording completed.,A. Okafor,508
INC0200492,2025-02-22 16:18:00,2025-02-22 17:54:00,Faculty5294665,WIE-352,Wieboldt Hall,AV Technical Support,Podium PC / login,Instructor cannot log in to podium PC with NetID.,Cleared temp files and restarted; escalated for RAM upgrade.,D. Lindqvist,96
INC0202198,2025-02-23 06:15:40,2025-02-23 06:16:40,25Live,WIE-404,Wieboldt Hall,Classroom Scheduling,Room reservation sync,MORS-470-0-51 Negotiations,Auto-closed by scheduling integration.,,14
INC0201009,2025-02-24 05:55:56,2025-02-24 06:14:56,25Live,WIE-142,Wieboldt Hall,Classroom Scheduling,Room reservation sync,ACCT-410-0-51 Financial Accounting,Auto-closed by scheduling integration.,,9
INC0200261,2025-02-24 12:30:00,2025-02-28 09:21:00,Faculty5714153,WIE-148,Wieboldt Hall,AV Technical Support,Podium PC / login,Instructor cannot log in to podium PC with NetID.,Cleared temp files and restarted; escalated for RAM upgrade.,R. Calloway,5571
INC0200596,2025-02-24 16:58:00,2025-02-24 21:05:00,Student1973613,WIE-412,Wieboldt Hall,Lecture Capture,Recording failed / not captured,Recording stopped 20 minutes into class; remainder not captured.,Restarted capture appliance; verified next scheduled recording completed.,K. Duval,247
INC0202439,2025-02-25 05:04:55,2025-02-25 05:18:55,25Live,WIE-205,Wieboldt Hall,Classroom Scheduling,Room reservation sync,STRT-452-0-71 Competitive Strategy,Auto-closed by scheduling integration.,,2
INC0202450,2025-02-25 05:08:53,2025-02-25 05:26:53,25Live,WIE-306,Wieboldt Hall,Classroom Scheduling,Room reservation sync,Executive Education Workshop,Auto-closed by scheduling integration.,,10
INC0201680,2025-02-25 07:58:02,,25Live,WIE-148,Wieboldt Hall,Classroom Scheduling,Room reservation sync,MORS-470-0-51 Negotiations,,,
INC0200199,2025-02-25 18:40:00,,Faculty5152393,,Wieboldt Hall,AV Technical Support,No display / HDMI handshake,Projector shows brief image then drops to black screen repeatedly.,,S. Patel,
INC0201639,2025-02-26 06:52:43,,25Live,WIE-544,Wieboldt Hall,Classroom Scheduling,Room reservation sync,ACCT-410-0-51 Financial Accounting,,,
INC0200223,2025-02-26 08:36:00,2025-02-26 08:38:00,Faculty4427373,WIE-343,Wieboldt Hall,AV Technical Support,No display / HDMI handshake,Projector shows brief image then drops to black screen repeatedly.,Power-cycled matrix switcher and re-seated HDMI at podium; signal restored.,S. Patel,2
INC0200756,2025-02-27 05:53:58,2025-02-27 05:56:58,25Live,WIE-105,Wieboldt Hall,Classroom Scheduling,Room reservation sync,MECN-425-0-52 Managerial Economics,Auto-closed by scheduling integration.,,17
INC0202244,2025-02-27 06:40:35,2025-02-27 06:44:35,25Live,WIE-343,Wieboldt Hall,Classroom Scheduling,Room reservation sync,Admissions Information Session,Auto-closed by scheduling integration.,,13
INC0202081,2025-02-28 05:28:21,2025-02-28 05:48:21,25Live,WIE-343,Wieboldt Hall,Classroom Scheduling,Room reservation sync,MKTG-450-0-61 Brand Strategy,Auto-closed by scheduling integration.,,19
INC0201546,2025-02-28 05:41:25,2025-02-28 05:53:25,25Live,WIE-312,Wieboldt Hall,Classroom Scheduling,Room reservation sync,MKTG-450-0-61 Brand Strategy,Auto-closed by scheduling integration.,,23
INC0201324,2025-02-28 05:52:37,2025-02-28 06:10:37,25Live,WIE-251,Wieboldt Hall,Classroom Scheduling,Room reservation sync,MKTG-450-0-61 Brand Strategy,Auto-closed by scheduling integration.,,21
INC0202383,2025-02-28 06:01:13,2025-02-28 06:29:13,25Live,WIE-343,Wieboldt Hall,Classroom Scheduling,Room reservation sync,Room Hold — Facilities,Auto-closed by scheduling integration.,,18
INC0202471,2025-02-28 06:35:17,2025-02-28 06:50:17,25Live,WIE-142,Wieboldt Hall,Classroom Scheduling,Room reservation sync,MKTG-450-0-61 Brand Strategy,Auto-closed by scheduling integration.,,8
INC0200388,2025-02-28 09:41:00,2025-02-28 10:12:00,Staff1531567,,Wieboldt Hall,Lecture Capture,Recording failed / not captured,Capture appliance offline; last three scheduled recordings missing.,Recovered local backup recording and uploaded to course folder.,A. Okafor,31
INC0202025,2025-03-01 05:52:07,2025-03-01 06:21:07,25Live,WIE-105,Wieboldt Hall,Classroom Scheduling,Room reservation sync,DECS-433-0-61 Business Analytics,Auto-closed by scheduling integration.,,14
INC0201625,2025-03-01 06:02:45,2025-03-01 06:04:45,25Live,WIE-246,Wieboldt Hall,Classroom Scheduling,Room reservation sync,Faculty Meeting,Auto-closed by scheduling integration.,,11
INC0200224,2025-03-01 08:18:00,2025-03-01 08:35:00,Faculty2893004,WIE-343,Wieboldt Hall,AV Technical Support,No display / HDMI handshake,HDMI handshake failure after switching from podium PC to laptop.,Replaced worn HDMI cable at podium wall plate.,E. Marsh,17
INC0200708,2025-03-01 12:16:00,2025-03-02 17:18:00,Faculty9474521,WIE-142,Wieboldt Hall,AV Technical Support,Audio / microphone,Lavalier mic cutting out intermittently during lecture.,Reset DSP to default preset; room audio normal.,D. Lindqvist,1742
INC0200247,2025-03-01 14:41:00,2025-03-01 21:53:00,Student1289469,,Wieboldt Hall,AV Technical Support,No display / HDMI handshake,HDMI handshake failure after switching from podium PC to laptop.,Power-cycled matrix switcher and re-seated HDMI at podium; signal restored.,M. Reyes,432
INC0201789,2025-03-02 07:50:04,2025-03-02 08:02:04,25Live,WIE-352,Wieboldt Hall,Classroom Scheduling,Room reservation sync,Leadership Coaching Session,Auto-closed by scheduling integration.,,22
INC0201803,2025-03-03 05:02:20,2025-03-03 05:28:20,25Live,WIE-251,Wieboldt Hall,Classroom Scheduling,Room reservation sync,STRT-452-0-71 Competitive Strategy,Auto-closed by scheduling integration.,,29
INC0201928,2025-03-03 05:21:51,2025-03-03 05:40:51,25Live,WIE-142,Wieboldt Hall,Classroom Scheduling,Room reservation sync,FINC-430-0-51 Corporate Finance,Auto-closed by scheduling integration.,,26
INC0201814,2025-03-03 05:48:40,2025-03-03 06:12:40,25Live,WIE-105,Wieboldt Hall,Classroom Scheduling,Room reservation sync,Admissions Information Session,Auto-closed by scheduling integration.,,6
INC0202426,2025-03-03 06:27:52,2025-03-03 06:43:52,25Live,WIE-142,Wieboldt Hall,Classroom Scheduling,Room reservation sync,Student Club Panel Event,Auto-closed by scheduling integration.,,1
INC0201078,2025-03-03 07:14:15,2025-03-03 07:29:15,25Live,WIE-105,Wieboldt Hall,Classroom Scheduling,Room reservation sync,MECN-425-0-52 Managerial Economics,Auto-closed by scheduling integration.,,8
INC0201847,2025-03-03 07:14:34,2025-03-03 07:22:34,25Live,WIE-355,Wieboldt Hall,Classroom Scheduling,Room reservation sync,DECS-433-0-61 Business Analytics,Auto-closed by scheduling integration.,,27
INC0202202,2025-03-04 05:31:31,2025-03-04 05:38:31,25Live,WIE-352,Wieboldt Hall,Classroom Scheduling,Room reservation sync,MKTG-450-0-61 Brand Strategy,Auto-closed by scheduling integration.,,16
INC0201837,2025-03-04 05:36:12,2025-03-04 06:03:12,25Live,WIE-355,Wieboldt Hall,Classroom Scheduling,Room reservation sync,Leadership Coaching Session,Auto-closed by scheduling integration.,,22
INC0202525,2025-03-04 05:55:01,2025-03-04 06:22:01,25Live,WIE-142,Wieboldt Hall,Classroom Scheduling,Room reservation sync,OPNS-430-0-62 Operations Management,Auto-closed by scheduling integration.,,6
INC0201160,2025-03-04 07:19:34,2025-03-04 07:42:34,25Live,WIE-251,Wieboldt Hall,Classroom Scheduling,Room reservation sync,MKTG-450-0-61 Brand Strategy,Auto-closed by scheduling integration.,,3
INC0201301,2025-03-04 07:56:09,2025-03-04 08:21:09,25Live,WIE-306,Wieboldt Hall,Classroom Scheduling,Room reservation sync,Leadership Coaching Session,Auto-closed by scheduling integration.,,11
INC0201177,2025-03-05 05:16:49,2025-03-05 05:27:49,25Live,WIE-110,Wieboldt Hall,Classroom Scheduling,Room reservation sync,MKTG-450-0-61 Brand Strategy,Auto-closed by scheduling integration.,,6
INC0200800,2025-03-05 05:19:53,2025-03-05 05:22:53,25Live,WIE-508,Wieboldt Hall,Classroom Scheduling,Room reservation sync,Room Hold — Facilities,Auto-closed by scheduling integration.,,21
INC0201080,2025-03-05 05:45:28,2025-03-05 06:00:28,25Live,WIE-251,Wieboldt Hall,Classroom Scheduling,Room reservation sync,MORS-470-0-51 Negotiations,Auto-closed by scheduling integration.,,28
INC0202286,2025-03-05 05:45:35,2025-03-05 06:04:35,25Live,WIE-412,Wieboldt Hall,Classroom Scheduling,Room reservation sync,Leadership Coaching Session,Auto-closed by scheduling integration.,,26
INC0201376,2025-03-05 05:54:33,2025-03-05 06:11:33,25Live,WIE-251,Wieboldt Hall,Classroom Scheduling,Room reservation sync,MORS-470-0-51 Negotiations,Auto-closed by scheduling integration.,,19
INC0201387,2025-03-05 05:55:11,2025-03-05 06:18:11,25Live,WIE-343,Wieboldt Hall,Classroom Scheduling,Room reservation sync,MKTG-450-0-61 Brand Strategy,Auto-closed by scheduling integration.,,21
INC0202118,2025-03-05 06:01:05,2025-03-05 06:28:05,25Live,WIE-352,Wieboldt Hall,Classroom Scheduling,Room reservation sync,Admissions Information Session,Auto-closed by scheduling integration.,,20
INC0201889,2025-03-05 06:07:02,2025-03-05 06:17:02,25Live,WIE-105,Wieboldt Hall,Classroom Scheduling,Room reservation sync,MECN-425-0-52 Managerial Economics,Auto-closed by scheduling integration.,,10
INC0201998,2025-03-05 06:55:32,,25Live,WIE-105,Wieboldt Hall,Classroom Scheduling,Room reservation sync,FINC-430-0-51 Corporate Finance,,,
INC0202196,2025-03-05 07:35:57,2025-03-05 07:55:57,25Live,WIE-455,Wieboldt Hall,Classroom Scheduling,Room reservation sync,Admissions Information Session,Auto-closed by scheduling integration.,,27
INC0201836,2025-03-05 07:49:38,2025-03-05 08:01:38,25Live,WIE-205,Wieboldt Hall,Classroom Scheduling,Room reservation sync,FINC-430-0-51 Corporate Finance,Auto-closed by scheduling integration.,,12
INC0200301,2025-03-05 10:24:00,2025-03-05 15:57:00,Staff1828361,WIE-251,Wieboldt Hall,Lecture Capture,Recording failed / not captured,Recording stopped 20 minutes into class; remainder not captured.,Recovered local backup recording and uploaded to course folder.,A. Okafor,333
INC0200597,2025-03-05 20:09:00,2025-03-12 00:13:00,Faculty6330518,WIE-412,Wieboldt Hall,Lecture Capture,Recording failed / not captured,Scheduled class recording did not start; instructor reports no video in portal.,Corrected room calendar mapping in capture scheduler.,T. Nakamura,8884
INC0201147,2025-03-06 06:32:12,,25Live,WIE-355,Wieboldt Hall,Classroom Scheduling,Room reservation sync,Executive Education Workshop,,,
INC0201903,2025-03-06 06:43:17,,25Live,WIE-105,Wieboldt Hall,Classroom Scheduling,Room reservation sync,Faculty Meeting,,,
INC0201770,2025-03-06 07:39:16,2025-03-06 08:02:16,25Live,WIE-251,Wieboldt Hall,Classroom Scheduling,Room reservation sync,Admissions Information Session,Auto-closed by scheduling integration.,,11
INC0200389,2025-03-06 14:03:00,2025-03-07 05:54:00,Faculty6156585,WIE-318,Wieboldt Hall,Lecture Capture,Recording failed / not captured,Capture appliance offline; last three scheduled recordings missing.,Corrected room calendar mapping in capture scheduler.,A. Okafor,951
INC0200604,2025-03-06 15:39:00,2025-05-22 08:37:00,Staff4849651,,Wieboldt Hall,Setup & Configuration,Event / class AV setup,Microphone and projector setup for guest speaker event.,Configured room for panel format; struck equipment after event.,K. Duval,110458
INC0201834,2025-03-07 05:55:15,,25Live,WIE-246,Wieboldt Hall,Classroom Scheduling,Room reservation sync,DECS-433-0-61 Business Analytics,,,
INC0200197,2025-03-07 11:56:00,2025-03-07 12:25:00,Student2803013,WIE-142,Wieboldt Hall,AV Technical Support,Audio / microphone,Program audio works but mic audio not reinforced in room.,Replaced batteries in bodypack; instructed on charging dock use.,M. Reyes,29
INC0202435,2025-03-08 05:49:36,,25Live,WIE-508,Wieboldt Hall,Classroom Scheduling,Room reservation sync,Faculty Meeting,,,
INC0201426,2025-03-08 05:55:10,2025-03-08 06:22:10,25Live,WIE-455,Wieboldt Hall,Classroom Scheduling,Room reservation sync,Executive Education Workshop,Auto-closed by scheduling integration.,,21
INC0201073,2025-03-08 06:08:50,2025-03-08 06:12:50,25Live,WIE-142,Wieboldt Hall,Classroom Scheduling,Room reservation sync,Executive Education Workshop,Auto-closed by scheduling integration.,,14
INC0201133,2025-03-08 06:39:53,,25Live,WIE-544,Wieboldt Hall,Classroom Scheduling,Room reservation sync,Admissions Information Session,,,
INC0201202,2025-03-08 07:16:51,2025-03-08 07:24:51,25Live,WIE-508,Wieboldt Hall,Classroom Scheduling,Room reservation sync,Executive Education Workshop,Auto-closed by scheduling integration.,,18
INC0201174,2025-03-08 07:42:08,2025-03-08 08:05:08,25Live,WIE-142,Wieboldt Hall,Classroom Scheduling,Room reservation sync,MORS-470-0-51 Negotiations,Auto-closed by scheduling integration.,,5
INC0200200,2025-03-08 08:34:00,2025-03-08 09:03:00,Staff3806372,,Wieboldt Hall,AV Technical Support,No display / HDMI handshake,HDMI handshake failure after switching from podium PC to laptop.,Power-cycled matrix switcher and re-seated HDMI at podium; signal restored.,A. Okafor,29
INC0201752,2025-03-09 05:00:14,2025-03-09 05:01:14,25Live,WIE-110,Wieboldt Hall,Classroom Scheduling,Room reservation sync,ACCT-410-0-51 Financial Accounting,Auto-closed by scheduling integration.,,14
INC0202494,2025-03-09 06:20:29,2025-03-09 06:30:29,25Live,WIE-355,Wieboldt Hall,Classroom Scheduling,Room reservation sync,Admissions Information Session,Auto-closed by scheduling integration.,,1
INC0200198,2025-03-09 10:12:00,2025-03-09 10:26:00,Student3991243,WIE-142,Wieboldt Hall,AV Technical Support,Audio / microphone,Lavalier mic cutting out intermittently during lecture.,Replaced batteries in bodypack; instructed on charging dock use.,M. Reyes,14
INC0202311,2025-03-10 05:39:17,,25Live,WIE-110,Wieboldt Hall,Classroom Scheduling,Room reservation sync,OPNS-430-0-62 Operations Management,,,
INC0201205,2025-03-10 05:48:27,2025-03-10 05:57:27,25Live,WIE-251,Wieboldt Hall,Classroom Scheduling,Room reservation sync,ACCT-410-0-51 Financial Accounting,Auto-closed by scheduling integration.,,19
INC0200067,2025-03-10 13:39:00,2025-03-14 03:39:00,Faculty1868359,WIE-258,Wieboldt Hall,Lecture Capture,Recording failed / not captured,Capture appliance offline; last three scheduled recordings missing.,Re-seated audio feed to appliance; levels verified on test recording.,A. Okafor,5160
INC0201790,2025-03-11 05:09:55,2025-03-11 05:23:55,25Live,WIE-441,Wieboldt Hall,Classroom Scheduling,Room reservation sync,Leadership Coaching Session,Auto-closed by scheduling integration.,,16
INC0201510,2025-03-11 05:13:33,2025-03-11 05:22:33,25Live,WIE-251,Wieboldt Hall,Classroom Scheduling,Room reservation sync,Faculty Meeting,Auto-closed by scheduling integration.,,29
INC0200809,2025-03-11 05:26:54,2025-03-11 05:55:54,25Live,WIE-537,Wieboldt Hall,Classroom Scheduling,Room reservation sync,MECN-425-0-52 Managerial Economics,Auto-closed by scheduling integration.,,28
INC0201098,2025-03-11 05:40:38,,25Live,WIE-251,Wieboldt Hall,Classroom Scheduling,Room reservation sync,MORS-470-0-51 Negotiations,,,
INC0201022,2025-03-11 06:02:33,2025-03-11 06:06:33,25Live,WIE-312,Wieboldt Hall,Classroom Scheduling,Room reservation sync,ACCT-410-0-51 Financial Accounting,Auto-closed by scheduling integration.,,18
INC0201490,2025-03-11 06:46:38,2025-03-11 07:08:38,25Live,WIE-148,Wieboldt Hall,Classroom Scheduling,Room reservation sync,Room Hold — Facilities,Auto-closed by scheduling integration.,,22
INC0200370,2025-03-11 09:54:00,2025-03-11 10:36:00,Faculty7524519,,Wieboldt Hall,AV Technical Support,No display / HDMI handshake,Instructor laptop connected via HDMI but projector shows 'No Signal'.,Replaced worn HDMI cable at podium wall plate.,L. Ferreira,42
INC0200500,2025-03-11 13:30:00,2025-03-11 13:32:00,Staff9725477,WIE-355,Wieboldt Hall,AV Technical Support,No display / HDMI handshake,Podium PC displays on confidence monitor but projector screen is black.,Replaced worn HDMI cable at podium wall plate.,J. Whitfield,2
INC0200066,2025-03-11 17:08:00,2025-03-14 05:46:00,Faculty8719611,WIE-105 ,Wieboldt Hall,Equipment Maintenance & Repair,Cabling / connectors,USB-C adapter at podium missing; instructor cannot connect MacBook.,Replaced missing adapter; added to weekly checklist.,A. Okafor,3638
INC0200371,2025-03-12 09:50:00,2025-03-12 12:51:00,Faculty9810612,,Wieboldt Hall,AV Technical Support,No display / HDMI handshake,Guest speaker laptop not detected on wall plate HDMI input.,Replaced worn HDMI cable at podium wall plate.,M. Reyes,181
INC0200579,2025-03-12 12:46:00,,Student5563357,WIE-521,Wieboldt Hall,Setup & Configuration,Event / class AV setup,AV setup requested for admissions information session.,,M. Reyes,
INC0200035,2025-03-12 20:29:00,2025-03-14 09:26:00,Staff9533009,WIE-343,Wieboldt Hall,Lecture Capture,Recording failed / not captured,Capture appliance offline; last three scheduled recordings missing.,Restarted capture appliance; verified next scheduled recording completed.,S. Patel,2217
INC0202063,2025-03-13 05:22:41,2025-03-13 05:24:41,25Live,WIE-412,Wieboldt Hall,Classroom Scheduling,Room reservation sync,Faculty Meeting,Auto-closed by scheduling integration.,,19
INC0201614,2025-03-13 05:28:14,,25Live,WIE-404,Wieboldt Hall,Classroom Scheduling,Room reservation sync,FINC-430-0-51 Corporate Finance,,,
INC0202079,2025-03-13 05:31:25,,25Live,WIE-508,Wieboldt Hall,Classroom Scheduling,Room reservation sync,DECS-433-0-61 Business Analytics,,,
INC0201172,2025-03-13 05:31:35,2025-03-13 05:49:35,25Live,WIE-110,Wieboldt Hall,Classroom Scheduling,Room reservation sync,OPNS-430-0-62 Operations Management,Auto-closed by scheduling integration.,,4
INC0201282,2025-03-13 05:35:00,2025-03-13 06:01:00,25Live,WIE-508,Wieboldt Hall,Classroom Scheduling,Room reservation sync,DECS-433-0-61 Business Analytics,Auto-closed by scheduling integration.,,25
INC0200713,2025-03-13 09:46:00,2025-03-14 15:52:00,Faculty4142366,WIE-110,Wieboldt Hall,Lecture Capture,Recording failed / not captured,Recording stopped 20 minutes into class; remainder not captured.,Restarted capture appliance; verified next scheduled recording completed.,A. Okafor,1806
INC0200153,2025-03-13 19:09:00,2025-03-19 09:28:00,Student5325586,WIE-312,Wieboldt Hall,Consultation,AV consultation / training,New faculty member requests walkthrough of classroom AV system.,Provided 30-minute room orientation; left quick-reference guide.,M. Reyes,8059
INC0201600,2025-03-14 05:08:02,2025-03-14 05:37:02,25Live,WIE-412,Wieboldt Hall,Classroom Scheduling,Room reservation sync,FINC-430-0-51 Corporate Finance,Auto-closed by scheduling integration.,,17
INC0202006,2025-03-14 05:10:35,2025-03-14 05:27:35,25Live,WIE-251,Wieboldt Hall,Classroom Scheduling,Room reservation sync,Room Hold — Facilities,Auto-closed by scheduling integration.,,15
INC0201503,2025-03-14 05:11:48,2025-03-14 05:37:48,25Live,WIE-352,Wieboldt Hall,Classroom Scheduling,Room reservation sync,DECS-433-0-61 Business Analytics,Auto-closed by scheduling integration.,,23
INC0201072,2025-03-14 05:23:48,2025-03-14 05:49:48,25Live,WIE-355,Wieboldt Hall,Classroom Scheduling,Room reservation sync,FINC-430-0-51 Corporate Finance,Auto-closed by scheduling integration.,,28
INC0200904,2025-03-14 07:56:12,2025-03-14 07:59:12,25Live,WIE-142,Wieboldt Hall,Classroom Scheduling,Room reservation sync,DECS-433-0-61 Business Analytics,Auto-closed by scheduling integration.,,7
INC0200178,2025-03-14 15:03:00,2025-03-16 17:39:00,Faculty9161262,WIE-318,Wieboldt Hall,Webconferencing,Zoom/Teams AV routing,Zoom shows wrong camera; instructor blocked at class start.,Selected correct USB bridge as mic/speaker in Zoom; verified with test call.,A. Okafor,3036
INC0201688,2025-03-15 06:10:53,2025-03-15 06:38:53,25Live,WIE-306,Wieboldt Hall,Classroom Scheduling,Room reservation sync,FINC-430-0-51 Corporate Finance,Auto-closed by scheduling integration.,,4
INC0202137,2025-03-15 07:11:47,2025-03-15 07:17:47,25Live,WIE-404,Wieboldt Hall,Classroom Scheduling,Room reservation sync,Room Hold — Facilities,Auto-closed by scheduling integration.,,16
INC0201954,2025-03-16 05:51:00,2025-03-16 05:52:00,25Live,WIE-544,Wieboldt Hall,Classroom Scheduling,Room reservation sync,Room Hold — Facilities,Auto-closed by scheduling integration.,,28
INC0201888,2025-03-16 06:02:36,2025-03-16 06:04:36,25Live,WIE-343,Wieboldt Hall,Classroom Scheduling,Room reservation sync,OPNS-430-0-62 Operations Management,Auto-closed by scheduling integration.,,27
INC0201665,2025-03-17 07:03:42,2025-03-17 07:12:42,25Live,WIE-251,Wieboldt Hall,Classroom Scheduling,Room reservation sync,Admissions Information Session,Auto-closed by scheduling integration.,,7
INC0201735,2025-03-18 05:02:19,2025-03-18 05:11:19,25Live,WIE-352,Wieboldt Hall,Classroom Scheduling,Room reservation sync,Room Hold — Facilities,Auto-closed by scheduling integration.,,10
INC0201843,2025-03-18 05:22:39,2025-03-18 05:42:39,25Live,WIE-306,Wieboldt Hall,Classroom Scheduling,Room reservation sync,DECS-433-0-61 Business Analytics,Auto-closed by scheduling integration.,,5
INC0201689,2025-03-18 05:22:41,2025-03-18 05:50:41,25Live,WIE-142,Wieboldt Hall,Classroom Scheduling,Room reservation sync,Leadership Coaching Session,Auto-closed by scheduling integration.,,8
INC0201188,2025-03-18 05:41:38,,25Live,WIE-352,Wieboldt Hall,Classroom Scheduling,Room reservation sync,MKTG-450-0-61 Brand Strategy,,,
INC0200919,2025-03-18 06:13:25,2025-03-18 06:27:25,25Live,WIE-537,Wieboldt Hall,Classroom Scheduling,Room reservation sync,DECS-433-0-61 Business Analytics,Auto-closed by scheduling integration.,,24
INC0200179,2025-03-18 14:19:00,2025-03-18 14:21:00,Faculty3301483,WIE-318,Wieboldt Hall,Webconferencing,Zoom/Teams AV routing,Camera feed not appearing in Teams; shows black tile.,Selected correct USB bridge as mic/speaker in Zoom; verified with test call.,A. Okafor,2
INC0201484,2025-03-19 05:34:36,2025-03-19 05:59:36,25Live,WIE-258,Wieboldt Hall,Classroom Scheduling,Room reservation sync,FINC-430-0-51 Corporate Finance,Auto-closed by scheduling integration.,,18
INC0201816,2025-03-19 06:26:07,2025-03-19 06:41:07,25Live,WIE-142,Wieboldt Hall,Classroom Scheduling,Room reservation sync,Student Club Panel Event,Auto-closed by scheduling integration.,,4
INC0202062,2025-03-19 06:48:31,2025-03-19 06:54:31,25Live,WIE-110,Wieboldt Hall,Classroom Scheduling,Room reservation sync,MKTG-450-0-61 Brand Strategy,Auto-closed by scheduling integration.,,6
INC0202417,2025-03-19 06:49:36,2025-03-19 07:07:36,25Live,WIE-441,Wieboldt Hall,Classroom Scheduling,Room reservation sync,Student Club Panel Event,Auto-closed by scheduling integration.,,8
INC0201975,2025-03-19 06:59:40,,25Live,WIE-537,Wieboldt Hall,Classroom Scheduling,Room reservation sync,MKTG-450-0-61 Brand Strategy,,,
INC0201554,2025-03-19 07:08:27,2025-03-19 07:37:27,25Live,WIE-110,Wieboldt Hall,Classroom Scheduling,Room reservation sync,OPNS-430-0-62 Operations Management,Auto-closed by scheduling integration.,,15
INC0201563,2025-03-19 07:09:08,2025-03-19 07:37:08,25Live,WIE-258,Wieboldt Hall,Classroom Scheduling,Room reservation sync,DECS-433-0-61 Business Analytics,Auto-closed by scheduling integration.,,27
INC0200042,2025-03-19 18:31:00,,Faculty4236131,,Wieboldt Hall,Webconferencing,Camera / PTZ,Auto-tracking camera losing instructor near whiteboard.,,A. Okafor,
INC0202500,2025-03-20 05:26:29,2025-03-20 05:44:29,25Live,WIE-251,Wieboldt Hall,Classroom Scheduling,Room reservation sync,MECN-425-0-52 Managerial Economics,Auto-closed by scheduling integration.,,29
INC0202234,2025-03-20 05:35:58,,25Live,WIE-343,Wieboldt Hall,Classroom Scheduling,Room reservation sync,MORS-470-0-51 Negotiations,,,
INC0200448,2025-03-20 10:38:00,2025-03-21 09:52:00,Faculty5949294,,Wieboldt Hall,Webconferencing,Zoom/Teams AV routing,Camera feed not appearing in Teams; shows black tile.,Selected correct USB bridge as mic/speaker in Zoom; verified with test call.,D. Lindqvist,1394
INC0200217,2025-03-20 12:27:00,2025-03-21 15:51:00,Student5379286,,Wieboldt Hall,Equipment Maintenance & Repair,Cabling / connectors,"Wall plate faceplate loose, cable strain on connector.",Swapped damaged HDMI cable; tested with laptop.,M. Reyes,1644
INC0200987,2025-03-21 05:04:08,,25Live,WIE-246,Wieboldt Hall,Classroom Scheduling,Room reservation sync,MECN-425-0-52 Managerial Economics,,,
INC0201531,2025-03-21 05:17:53,2025-03-21 05:32:53,25Live,WIE-110,Wieboldt Hall,Classroom Scheduling,Room reservation sync,ACCT-410-0-51 Financial Accounting,Auto-closed by scheduling integration.,,13
INC0202298,2025-03-21 05:20:22,2025-03-21 05:49:22,25Live,WIE-355,Wieboldt Hall,Classroom Scheduling,Room reservation sync,DECS-433-0-61 Business Analytics,Auto-closed by scheduling integration.,,22
INC0201759,2025-03-21 05:23:03,2025-03-21 05:38:03,25Live,WIE-148,Wieboldt Hall,Classroom Scheduling,Room reservation sync,Student Club Panel Event,Auto-closed by scheduling integration.,,14
INC0201533,2025-03-21 05:35:41,2025-03-21 05:43:41,25Live,WIE-251,Wieboldt Hall,Classroom Scheduling,Room reservation sync,MECN-425-0-52 Managerial Economics,Auto-closed by scheduling integration.,,17
INC0200043,2025-03-21 13:36:00,2025-03-22 18:31:00,Faculty2040059,WIE-105,Wieboldt Hall,Webconferencing,Camera / PTZ,Camera image degraded; colors washed out on far end.,Recalibrated auto-tracking zones; verified during live class.,S. Patel,1735
INC0201191,2025-03-22 05:07:36,2025-03-22 05:08:36,25Live,WIE-205,Wieboldt Hall,Classroom Scheduling,Room reservation sync,Student Club Panel Event,Auto-closed by scheduling integration.,,4
INC0201915,2025-03-22 05:10:02,,25Live,WIE-251,Wieboldt Hall,Classroom Scheduling,Room reservation sync,Room Hold — Facilities,,,
INC0202263,2025-03-22 05:10:52,2025-03-22 05:23:52,25Live,WIE-110,Wieboldt Hall,Classroom Scheduling,Room reservation sync,DECS-433-0-61 Business Analytics,Auto-closed by scheduling integration.,,13
INC0201270,2025-03-22 05:19:38,2025-03-22 05:22:38,25Live,WIE-306,Wieboldt Hall,Classroom Scheduling,Room reservation sync,Room Hold — Facilities,Auto-closed by scheduling integration.,,17
INC0202375,2025-03-22 06:14:17,2025-03-22 06:34:17,25Live,WIE-318,Wieboldt Hall,Classroom Scheduling,Room reservation sync,FINC-430-0-51 Corporate Finance,Auto-closed by scheduling integration.,,3
INC0202463,2025-03-22 06:25:23,2025-03-22 06:26:23,25Live,WIE-355,Wieboldt Hall,Classroom Scheduling,Room reservation sync,Room Hold — Facilities,Auto-closed by scheduling integration.,,1
INC0200501,2025-03-22 09:00:00,2025-03-25 12:56:00,Staff8715657,WIE-355,Wieboldt Hall,AV Technical Support,No display / HDMI handshake,HDMI handshake failure after switching from podium PC to laptop.,Rebooted control processor; input routing restored after reload.,D. Lindqvist,4556
INC0200863,2025-03-23 07:44:15,2025-03-23 08:10:15,25Live,WIE-508,Wieboldt Hall,Classroom Scheduling,Room reservation sync,MECN-425-0-52 Managerial Economics,Auto-closed by scheduling integration.,,4
INC0201630,2025-03-24 07:03:16,2025-03-24 07:06:16,25Live,WIE-537,Wieboldt Hall,Classroom Scheduling,Room reservation sync,DECS-433-0-61 Business Analytics,Auto-closed by scheduling integration.,,9
INC0202194,2025-03-24 07:21:39,2025-03-24 07:44:39,25Live,WIE-455,Wieboldt Hall,Classroom Scheduling,Room reservation sync,FINC-430-0-51 Corporate Finance,Auto-closed by scheduling integration.,,17
INC0202449,2025-03-24 07:42:55,2025-03-24 07:43:55,25Live,WIE-142,Wieboldt Hall,Classroom Scheduling,Room reservation sync,Leadership Coaching Session,Auto-closed by scheduling integration.,,18
INC0200099,2025-03-24 09:11:00,2025-03-24 10:28:00,Faculty2952239,WIE-544,Wieboldt Hall,AV Technical Support,Audio / microphone,Wireless mic static and dropouts near front of room.,Swapped faulty bodypack transmitter with spare unit.,E. Marsh,77
INC0200036,2025-03-24 09:44:00,2025-03-24 17:11:00,Student9937633,WIE-343,Wieboldt Hall,Lecture Capture,Recording failed / not captured,Scheduled class recording did not start; instructor reports no video in portal.,Restarted capture appliance; verified next scheduled recording completed.,M. Reyes,447
INC0201820,2025-03-25 05:19:39,2025-03-25 05:36:39,25Live,WIE-318,Wieboldt Hall,Classroom Scheduling,Room reservation sync,MECN-425-0-52 Managerial Economics,Auto-closed by scheduling integration.,,11
INC0201848,2025-03-25 05:22:13,2025-03-25 05:26:13,25Live,WIE-142,Wieboldt Hall,Classroom Scheduling,Room reservation sync,Room Hold — Facilities,Auto-closed by scheduling integration.,,28
INC0201558,2025-03-25 05:38:11,,25Live,WIE-205,Wieboldt Hall,Classroom Scheduling,Room reservation sync,Leadership Coaching Session,,,
INC0202243,2025-03-25 05:47:35,2025-03-25 06:07:35,25Live,WIE-110,Wieboldt Hall,Classroom Scheduling,Room reservation sync,ACCT-410-0-51 Financial Accounting,Auto-closed by scheduling integration.,,11
INC0201367,2025-03-25 05:51:58,2025-03-25 06:17:58,25Live,WIE-251,Wieboldt Hall,Classroom Scheduling,Room reservation sync,MORS-470-0-51 Negotiations,Auto-closed by scheduling integration.,,2
INC0201867,2025-03-25 06:16:56,2025-03-25 06:29:56,25Live,WIE-306,Wieboldt Hall,Classroom Scheduling,Room reservation sync,MORS-470-0-51 Negotiations,Auto-closed by scheduling integration.,,9
INC0201966,2025-03-25 06:58:05,2025-03-25 07:21:05,25Live,WIE-142,Wieboldt Hall,Classroom Scheduling,Room reservation sync,MECN-425-0-52 Managerial Economics,Auto-closed by scheduling integration.,,21
INC0200949,2025-03-25 07:59:05,,25Live,WIE-142,Wieboldt Hall,Classroom Scheduling,Room reservation sync,MKTG-450-0-61 Brand Strategy,,,
INC0200512,2025-03-25 12:12:00,2025-03-25 15:52:00,Student748674,WIE-343,Wieboldt Hall,AV Technical Support,No display / HDMI handshake,Guest speaker laptop not detected on wall plate HDMI input.,Rebooted control processor; input routing restored after reload.,A. Okafor,220
INC0201423,2025-03-26 05:03:27,2025-03-26 05:07:27,25Live,WIE-251,Wieboldt Hall,Classroom Scheduling,Room reservation sync,MECN-425-0-52 Managerial Economics,Auto-closed by scheduling integration.,,16
INC0202402,2025-03-26 05:08:17,,25Live,WIE-246,Wieboldt Hall,Classroom Scheduling,Room reservation sync,OPNS-430-0-62 Operations Management,,,
INC0200830,2025-03-26 05:10:48,2025-03-26 05:36:48,25Live,WIE-258,Wieboldt Hall,Classroom Scheduling,Room reservation sync,STRT-452-0-71 Competitive Strategy,Auto-closed by scheduling integration.,,13
INC0201669,2025-03-26 05:23:46,2025-03-26 05:41:46,25Live,WIE-441,Wieboldt Hall,Classroom Scheduling,Room reservation sync,Leadership Coaching Session,Auto-closed by scheduling integration.,,9
INC0201693,2025-03-26 05:45:32,2025-03-26 05:46:32,25Live,WIE-537,Wieboldt Hall,Classroom Scheduling,Room reservation sync,Faculty Meeting,Auto-closed by scheduling integration.,,20
INC0202088,2025-03-26 06:06:19,2025-03-26 06:14:19,25Live,WIE-246,Wieboldt Hall,Classroom Scheduling,Room reservation sync,FINC-430-0-51 Corporate Finance,Auto-closed by scheduling integration.,,17
INC0202427,2025-03-26 06:36:13,,25Live,WIE-110,Wieboldt Hall,Classroom Scheduling,Room reservation sync,MKTG-450-0-61 Brand Strategy,,,
INC0201853,2025-03-26 07:06:25,2025-03-26 07:10:25,25Live,WIE-352,Wieboldt Hall,Classroom Scheduling,Room reservation sync,OPNS-430-0-62 Operations Management,Auto-closed by scheduling integration.,,16
INC0201796,2025-03-26 07:51:09,,25Live,WIE-142,Wieboldt Hall,Classroom Scheduling,Room reservation sync,MECN-425-0-52 Managerial Economics,,,
INC0200583,2025-03-26 09:00:00,2025-03-26 13:11:00,Student4798572,WIE-251,Wieboldt Hall,AV Technical Support,No display / HDMI handshake,Instructor laptop connected via HDMI but projector shows 'No Signal'.,Replaced worn HDMI cable at podium wall plate.,D. Lindqvist,251
INC0200663,2025-03-26 21:44:00,2025-03-27 14:35:00,Faculty6394226,,Wieboldt Hall,Equipment Maintenance & Repair,Preventative maintenance,Firmware update window for control devices.,Completed PM checklist; all systems nominal.,D. Lindqvist,1011
INC0201773,2025-03-27 05:24:43,2025-03-27 05:35:43,25Live,WIE-343,Wieboldt Hall,Classroom Scheduling,Room reservation sync,ACCT-410-0-51 Financial Accounting,Auto-closed by scheduling integration.,,19
INC0201920,2025-03-27 05:29:01,2025-03-27 05:48:01,25Live,WIE-441,Wieboldt Hall,Classroom Scheduling,Room reservation sync,Leadership Coaching Session,Auto-closed by scheduling integration.,,16
INC0202396,2025-03-27 05:37:42,2025-03-27 05:44:42,25Live,WIE-318,Wieboldt Hall,Classroom Scheduling,Room reservation sync,Faculty Meeting,Auto-closed by scheduling integration.,,24
INC0200981,2025-03-27 05:41:41,2025-03-27 06:06:41,25Live,WIE-343,Wieboldt Hall,Classroom Scheduling,Room reservation sync,OPNS-430-0-62 Operations Management,Auto-closed by scheduling integration.,,15
INC0201931,2025-03-27 05:51:52,2025-03-27 06:00:52,25Live,WIE-355,Wieboldt Hall,Classroom Scheduling,Room reservation sync,Student Club Panel Event,Auto-closed by scheduling integration.,,25
INC0202488,2025-03-27 05:59:14,2025-03-27 06:13:14,25Live,WIE-355,Wieboldt Hall,Classroom Scheduling,Room reservation sync,MKTG-450-0-61 Brand Strategy,Auto-closed by scheduling integration.,,10
INC0200917,2025-03-27 06:11:24,2025-03-27 06:20:24,25Live,WIE-355,Wieboldt Hall,Classroom Scheduling,Room reservation sync,OPNS-430-0-62 Operations Management,Auto-closed by scheduling integration.,,24
INC0201114,2025-03-27 06:12:05,2025-03-27 06:32:05,25Live,WIE-148,Wieboldt Hall,Classroom Scheduling,Room reservation sync,MORS-470-0-51 Negotiations,Auto-closed by scheduling integration.,,8
INC0200911,2025-03-27 07:03:07,,25Live,WIE-110,Wieboldt Hall,Classroom Scheduling,Room reservation sync,Leadership Coaching Session,,,
INC0201730,2025-03-28 05:21:32,,25Live,WIE-110,Wieboldt Hall,Classroom Scheduling,Room reservation sync,Student Club Panel Event,,,
INC0201052,2025-03-28 05:32:09,2025-03-28 06:00:09,25Live,WIE-306,Wieboldt Hall,Classroom Scheduling,Room reservation sync,DECS-433-0-61 Business Analytics,Auto-closed by scheduling integration.,,17
INC0200420,2025-03-28 13:23:00,,Student4026671,WIE-343,Wieboldt Hall,Equipment Maintenance & Repair,Projector lamp / image quality,"Projector filter warning on startup, image flickering.",,T. Nakamura,
INC0200534,2025-03-28 15:51:00,2025-03-30 11:59:00,Student3634483,WIE-312,Wieboldt Hall,Lecture Capture,Capture scheduling / setup,One-time recording request for guest lecture.,Scheduled one-time recording; verified folder permissions.,T. Nakamura,2648
INC0202112,2025-03-29 05:07:13,2025-03-29 05:35:13,25Live,WIE-312,Wieboldt Hall,Classroom Scheduling,Room reservation sync,Faculty Meeting,Auto-closed by scheduling integration.,,14
INC0200933,2025-03-29 05:48:02,2025-03-29 05:53:02,25Live,WIE-205,Wieboldt Hall,Classroom Scheduling,Room reservation sync,DECS-433-0-61 Business Analytics,Auto-closed by scheduling integration.,,13
INC0200449,2025-03-29 17:21:00,2025-03-29 17:23:00,Faculty8068449,WIE-258,Wieboldt Hall,Webconferencing,Zoom/Teams AV routing,Hybrid class: in-room students cannot hear remote participants.,Re-seated USB extender at podium; camera re-enumerated in Teams.,T. Nakamura,2
INC0201965,2025-03-31 05:03:35,2025-03-31 05:08:35,25Live,WIE-312,Wieboldt Hall,Classroom Scheduling,Room reservation sync,Executive Education Workshop,Auto-closed by scheduling integration.,,24
INC0201951,2025-03-31 05:57:21,2025-03-31 05:58:21,25Live,WIE-455,Wieboldt Hall,Classroom Scheduling,Room reservation sync,Faculty Meeting,Auto-closed by scheduling integration.,,7
INC0201145,2025-03-31 07:15:32,2025-03-31 07:35:32,25Live,WIE-537,Wieboldt Hall,Classroom Scheduling,Room reservation sync,ACCT-410-0-51 Financial Accounting,Auto-closed by scheduling integration.,,7
INC0200068,2025-03-31 10:39:00,2025-03-31 10:44:00,Staff1724507,WIE-412,Wieboldt Hall,AV Technical Support,Control system / touch panel,'System Starting' hangs indefinitely; room unusable for class.,Rebooted control processor; panel reconnected after program reload.,S. Patel,5
INC0202178,2025-04-01 05:08:14,,25Live,WIE-355,Wieboldt Hall,Classroom Scheduling,Room reservation sync,MORS-470-0-51 Negotiations,,,
INC0201410,2025-04-01 05:13:10,2025-04-01 05:17:10,25Live,WIE-142,Wieboldt Hall,Classroom Scheduling,Room reservation sync,Student Club Panel Event,Auto-closed by scheduling integration.,,15
INC0201989,2025-04-01 05:40:27,2025-04-01 06:07:27,25Live,WIE-455,Wieboldt Hall,Classroom Scheduling,Room reservation sync,Student Club Panel Event,Auto-closed by scheduling integration.,,25
INC0201642,2025-04-01 05:55:12,2025-04-01 05:59:12,25Live,WIE-355,Wieboldt Hall,Classroom Scheduling,Room reservation sync,FINC-430-0-51 Corporate Finance,Auto-closed by scheduling integration.,,17
INC0202249,2025-04-01 05:58:25,,25Live,WIE-352,Wieboldt Hall,Classroom Scheduling,Room reservation sync,OPNS-430-0-62 Operations Management,,,
INC0201751,2025-04-01 06:00:08,,25Live,WIE-105,Wieboldt Hall,Classroom Scheduling,Room reservation sync,MORS-470-0-51 Negotiations,,,
INC0201076,2025-04-01 06:20:48,2025-04-01 06:28:48,25Live,WIE-318,Wieboldt Hall,Classroom Scheduling,Room reservation sync,Room Hold — Facilities,Auto-closed by scheduling integration.,,13
INC0201516,2025-04-01 06:28:18,2025-04-01 06:53:18,25Live,WIE-455,Wieboldt Hall,Classroom Scheduling,Room reservation sync,Faculty Meeting,Auto-closed by scheduling integration.,,24
INC0202486,2025-04-01 06:34:27,2025-04-01 06:35:27,25Live,WIE-355,Wieboldt Hall,Classroom Scheduling,Room reservation sync,Student Club Panel Event,Auto-closed by scheduling integration.,,2
INC0201763,2025-04-01 06:40:09,2025-04-01 06:51:09,25Live,WIE-441,Wieboldt Hall,Classroom Scheduling,Room reservation sync,MKTG-450-0-61 Brand Strategy,Auto-closed by scheduling integration.,,6
INC0202442,2025-04-01 06:56:26,2025-04-01 07:24:26,25Live,WIE-441,Wieboldt Hall,Classroom Scheduling,Room reservation sync,MKTG-450-0-61 Brand Strategy,Auto-closed by scheduling integration.,,13
INC0200535,2025-04-01 15:54:00,2025-04-16 00:41:00,Student9077130,WIE-142,Wieboldt Hall,Equipment Maintenance & Repair,Cabling / connectors,"HDMI cable at podium has bent pin, intermittent connection.",Replaced missing adapter; added to weekly checklist.,J. Whitfield,20687
INC0200767,2025-04-02 05:49:25,2025-04-02 06:15:25,25Live,WIE-110,Wieboldt Hall,Classroom Scheduling,Room reservation sync,MECN-425-0-52 Managerial Economics,Auto-closed by scheduling integration.,,20
INC0202246,2025-04-02 05:50:43,,25Live,WIE-537,Wieboldt Hall,Classroom Scheduling,Room reservation sync,DECS-433-0-61 Business Analytics,,,
INC0201535,2025-04-02 07:13:11,2025-04-02 07:30:11,25Live,WIE-441,Wieboldt Hall,Classroom Scheduling,Room reservation sync,FINC-430-0-51 Corporate Finance,Auto-closed by scheduling integration.,,23
INC0201627,2025-04-02 07:30:57,2025-04-02 07:36:57,25Live,WIE-110,Wieboldt Hall,Classroom Scheduling,Room reservation sync,ACCT-410-0-51 Financial Accounting,Auto-closed by scheduling integration.,,11
INC0201530,2025-04-02 07:44:38,2025-04-02 07:46:38,25Live,WIE-105,Wieboldt Hall,Classroom Scheduling,Room reservation sync,OPNS-430-0-62 Operations Management,Auto-closed by scheduling integration.,,16
INC0200368,2025-04-02 18:05:00,2025-04-04 19:30:00,Student2444110,WIE-148,Wieboldt Hall,Lecture Capture,Recording failed / not captured,Recording stopped 20 minutes into class; remainder not captured.,Corrected room calendar mapping in capture scheduler.,A. Okafor,2965
INC0201251,2025-04-03 05:26:48,,25Live,WIE-355,Wieboldt Hall,Classroom Scheduling,Room reservation sync,Student Club Panel Event,,,
INC0200826,2025-04-03 06:40:40,2025-04-03 07:08:40,25Live,WIE-251,Wieboldt Hall,Classroom Scheduling,Room reservation sync,Room Hold — Facilities,Auto-closed by scheduling integration.,,25
INC0201332,2025-04-03 07:43:55,2025-04-03 08:05:55,25Live,WIE-355,Wieboldt Hall,Classroom Scheduling,Room reservation sync,Faculty Meeting,Auto-closed by scheduling integration.,,11
INC0202201,2025-04-04 05:04:42,2025-04-04 05:11:42,25Live,WIE-251,Wieboldt Hall,Classroom Scheduling,Room reservation sync,Admissions Information Session,Auto-closed by scheduling integration.,,11
INC0200764,2025-04-04 05:27:43,,25Live,WIE-312,Wieboldt Hall,Classroom Scheduling,Room reservation sync,Room Hold — Facilities,,,
INC0202361,2025-04-04 07:14:11,,25Live,WIE-343,Wieboldt Hall,Classroom Scheduling,Room reservation sync,Room Hold — Facilities,,,
INC0200794,2025-04-04 07:14:59,2025-04-04 07:21:59,25Live,WIE-251,Wieboldt Hall,Classroom Scheduling,Room reservation sync,FINC-430-0-51 Corporate Finance,Auto-closed by scheduling integration.,,5
INC0201866,2025-04-04 07:37:59,2025-04-04 07:40:59,25Live,WIE-355,Wieboldt Hall,Classroom Scheduling,Room reservation sync,STRT-452-0-71 Competitive Strategy,Auto-closed by scheduling integration.,,7
INC0201003,2025-04-05 05:35:38,2025-04-05 05:45:38,25Live,WIE-110,Wieboldt Hall,Classroom Scheduling,Room reservation sync,Executive Education Workshop,Auto-closed by scheduling integration.,,28
INC0201352,2025-04-05 05:43:58,2025-04-05 05:54:58,25Live,WIE-355,Wieboldt Hall,Classroom Scheduling,Room reservation sync,Faculty Meeting,Auto-closed by scheduling integration.,,11
INC0201023,2025-04-05 05:45:50,2025-04-05 05:56:50,25Live,WIE-205,Wieboldt Hall,Classroom Scheduling,Room reservation sync,OPNS-430-0-62 Operations Management,Auto-closed by scheduling integration.,,24
INC0201359,2025-04-05 05:53:45,2025-04-05 06:04:45,25Live,WIE-110,Wieboldt Hall,Classroom Scheduling,Room reservation sync,ACCT-410-0-51 Financial Accounting,Auto-closed by scheduling integration.,,26
INC0201287,2025-04-05 06:45:36,2025-04-05 07:05:36,25Live,WIE-110,Wieboldt Hall,Classroom Scheduling,Room reservation sync,MORS-470-0-51 Negotiations,Auto-closed by scheduling integration.,,25
INC0201777,2025-04-05 07:39:43,2025-04-05 07:52:43,25Live,WIE-142,Wieboldt Hall,Classroom Scheduling,Room reservation sync,Executive Education Workshop,Auto-closed by scheduling integration.,,12
INC0200046,2025-04-05 11:47:00,2025-04-05 11:57:00,Student8299320,,Wieboldt Hall,AV Technical Support,No display / HDMI handshake,Guest speaker laptop not detected on wall plate HDMI input.,Rebooted control processor; input routing restored after reload.,T. Nakamura,10
INC0200158,2025-04-06 11:11:00,2025-04-06 12:48:00,Staff8209436,WIE-455,Wieboldt Hall,AV Technical Support,Audio / microphone,Program audio works but mic audio not reinforced in room.,Replaced batteries in bodypack; instructed on charging dock use.,M. Reyes,97
INC0200631,2025-04-06 11:29:00,2025-05-11 14:06:00,Student5869019,WIE-251,Wieboldt Hall,Lecture Capture,Capture scheduling / setup,One-time recording request for guest lecture.,Created recurring capture schedule; confirmed first recording with instructor.,A. Okafor,50557
INC0200584,2025-04-06 14:11:00,,Student4327381,WIE-251,Wieboldt Hall,AV Technical Support,No display / HDMI handshake,Guest speaker laptop not detected on wall plate HDMI input.,,D. Lindqvist,
INC0201159,2025-04-07 05:16:26,2025-04-07 05:22:26,25Live,WIE-246,Wieboldt Hall,Classroom Scheduling,Room reservation sync,STRT-452-0-71 Competitive Strategy,Auto-closed by scheduling integration.,,24
INC0201369,2025-04-07 05:21:32,2025-04-07 05:32:32,25Live,WIE-343,Wieboldt Hall,Classroom Scheduling,Room reservation sync,Executive Education Workshop,Auto-closed by scheduling integration.,,9
INC0201648,2025-04-07 05:56:53,,25Live,WIE-251,Wieboldt Hall,Classroom Scheduling,Room reservation sync,MECN-425-0-52 Managerial Economics,,,
INC0200146,2025-04-07 09:19:00,2025-04-07 10:04:00,Staff5091082,WIE-343,Wieboldt Hall,AV Technical Support,No display / HDMI handshake,Instructor laptop connected via HDMI but projector shows 'No Signal'.,Manually forced input on switcher; EDID re-handshake resolved the black screen.,D. Lindqvist,45
INC0200470,2025-04-07 09:58:00,2025-04-07 10:02:00,Faculty8850031,WIE-148,Wieboldt Hall,Webconferencing,Zoom/Teams AV routing,Remote participants cannot hear in-room audio on Zoom call.,Re-seated USB extender at podium; camera re-enumerated in Teams.,D. Lindqvist,4
INC0200522,2025-04-07 13:06:00,2025-04-07 13:49:00,Student8070110,,Wieboldt Hall,AV Technical Support,No display / HDMI handshake,Podium PC displays on confidence monitor but projector screen is black.,Rebooted control processor; input routing restored after reload.,A. Okafor,43
INC0201973,2025-04-08 05:27:26,,25Live,WIE-312,Wieboldt Hall,Classroom Scheduling,Room reservation sync,MECN-425-0-52 Managerial Economics,,,
INC0202013,2025-04-08 05:55:18,2025-04-08 06:02:18,25Live,WIE-142,Wieboldt Hall,Classroom Scheduling,Room reservation sync,MECN-425-0-52 Managerial Economics,Auto-closed by scheduling integration.,,7
INC0201525,2025-04-08 05:58:42,2025-04-08 06:10:42,25Live,WIE-355,Wieboldt Hall,Classroom Scheduling,Room reservation sync,MORS-470-0-51 Negotiations,Auto-closed by scheduling integration.,,2
INC0202119,2025-04-08 06:02:56,2025-04-08 06:08:56,25Live,WIE-110,Wieboldt Hall,Classroom Scheduling,Room reservation sync,STRT-452-0-71 Competitive Strategy,Auto-closed by scheduling integration.,,15
INC0202097,2025-04-08 06:17:25,,25Live,WIE-355,Wieboldt Hall,Classroom Scheduling,Room reservation sync,Admissions Information Session,,,
INC0201785,2025-04-08 06:18:42,2025-04-08 06:43:42,25Live,WIE-148,Wieboldt Hall,Classroom Scheduling,Room reservation sync,FINC-430-0-51 Corporate Finance,Auto-closed by scheduling integration.,,14
INC0201805,2025-04-08 06:49:39,,25Live,WIE-306,Wieboldt Hall,Classroom Scheduling,Room reservation sync,MORS-470-0-51 Negotiations,,,
INC0201733,2025-04-08 07:48:02,2025-04-08 08:04:02,25Live,WIE-142,Wieboldt Hall,Classroom Scheduling,Room reservation sync,Room Hold — Facilities,Auto-closed by scheduling integration.,,17
INC0200568,2025-04-08 08:15:00,2025-04-17 22:10:00,Student8858188,WIE-246,Wieboldt Hall,Lecture Capture,Capture scheduling / setup,Instructor requests recurring recording schedule for spring course.,Scheduled one-time recording; verified folder permissions.,M. Reyes,13795
INC0201416,2025-04-09 05:01:50,2025-04-09 05:19:50,25Live,WIE-306,Wieboldt Hall,Classroom Scheduling,Room reservation sync,Executive Education Workshop,Auto-closed by scheduling integration.,,17
INC0201384,2025-04-09 05:22:30,2025-04-09 05:37:30,25Live,WIE-205,Wieboldt Hall,Classroom Scheduling,Room reservation sync,Student Club Panel Event,Auto-closed by scheduling integration.,,12
INC0201560,2025-04-09 05:30:21,2025-04-09 05:47:21,25Live,WIE-312,Wieboldt Hall,Classroom Scheduling,Room reservation sync,DECS-433-0-61 Business Analytics,Auto-closed by scheduling integration.,,2
INC0201371,2025-04-09 05:39:58,2025-04-09 05:43:58,25Live,WIE-110,Wieboldt Hall,Classroom Scheduling,Room reservation sync,Faculty Meeting,Auto-closed by scheduling integration.,,23
INC0201197,2025-04-09 06:30:50,2025-04-09 06:55:50,25Live,WIE-343,Wieboldt Hall,Classroom Scheduling,Room reservation sync,Admissions Information Session,Auto-closed by scheduling integration.,,15
INC0201239,2025-04-09 06:32:39,,25Live,WIE-142,Wieboldt Hall,Classroom Scheduling,Room reservation sync,MORS-470-0-51 Negotiations,,,
INC0200936,2025-04-09 06:43:25,,25Live,WIE-355,Wieboldt Hall,Classroom Scheduling,Room reservation sync,Faculty Meeting,,,
INC0201818,2025-04-09 06:45:52,2025-04-09 07:09:52,25Live,WIE-148,Wieboldt Hall,Classroom Scheduling,Room reservation sync,MORS-470-0-51 Negotiations,Auto-closed by scheduling integration.,,13
INC0201164,2025-04-09 07:34:16,,25Live,WIE-142,Wieboldt Hall,Classroom Scheduling,Room reservation sync,Admissions Information Session,,,
INC0200797,2025-04-09 07:46:33,2025-04-09 07:50:33,25Live,WIE-142,Wieboldt Hall,Classroom Scheduling,Room reservation sync,STRT-452-0-71 Competitive Strategy,Auto-closed by scheduling integration.,,4
INC0201793,2025-04-09 07:58:59,2025-04-09 08:14:59,25Live,WIE-306,Wieboldt Hall,Classroom Scheduling,Room reservation sync,Leadership Coaching Session,Auto-closed by scheduling integration.,,16
INC0200723,2025-04-09 10:23:00,2025-04-11 03:53:00,Faculty3179119,WIE-142,Wieboldt Hall,Setup & Configuration,Event / class AV setup,AV setup requested for admissions information session.,Configured room for panel format; struck equipment after event.,M. Reyes,2490
INC0200281,2025-04-09 16:22:00,2025-04-10 01:20:00,Staff2845524,WIE-110,Wieboldt Hall,Webconferencing,Zoom/Teams AV routing,Hybrid class: in-room students cannot hear remote participants.,Set camera preset and saved default; walked instructor through controls.,M. Reyes,538
INC0201553,2025-04-10 05:04:36,2025-04-10 05:19:36,25Live,WIE-110,Wieboldt Hall,Classroom Scheduling,Room reservation sync,FINC-430-0-51 Corporate Finance,Auto-closed by scheduling integration.,,23
INC0202497,2025-04-10 05:05:20,2025-04-10 05:26:20,25Live,WIE-343,Wieboldt Hall,Classroom Scheduling,Room reservation sync,Faculty Meeting,Auto-closed by scheduling integration.,,5
INC0201723,2025-04-10 05:10:33,2025-04-10 05:16:33,25Live,WIE-246,Wieboldt Hall,Classroom Scheduling,Room reservation sync,Executive Education Workshop,Auto-closed by scheduling integration.,,7
INC0201002,2025-04-10 05:31:46,2025-04-10 05:44:46,25Live,WIE-251,Wieboldt Hall,Classroom Scheduling,Room reservation sync,DECS-433-0-61 Business Analytics,Auto-closed by scheduling integration.,,13
INC0201831,2025-04-10 06:16:22,,25Live,WIE-318,Wieboldt Hall,Classroom Scheduling,Room reservation sync,STRT-452-0-71 Competitive Strategy,,,
INC0200542,2025-04-10 14:51:00,2025-08-06 01:13:00,Staff673232,,Wieboldt Hall,Lecture Capture,Capture scheduling / setup,Instructor requests recurring recording schedule for spring course.,Re-mapped publishing folder and corrected course role permissions.,M. Reyes,169102
INC0201762,2025-04-11 05:24:23,2025-04-11 05:45:23,25Live,WIE-455,Wieboldt Hall,Classroom Scheduling,Room reservation sync,Leadership Coaching Session,Auto-closed by scheduling integration.,,28
INC0201501,2025-04-11 05:44:18,,25Live,WIE-352,Wieboldt Hall,Classroom Scheduling,Room reservation sync,Executive Education Workshop,,,
INC0202506,2025-04-11 06:21:27,2025-04-11 06:25:27,25Live,WIE-148,Wieboldt Hall,Classroom Scheduling,Room reservation sync,MECN-425-0-52 Managerial Economics,Auto-closed by scheduling integration.,,27
INC0202100,2025-04-11 06:42:59,2025-04-11 07:03:59,25Live,WIE-142,Wieboldt Hall,Classroom Scheduling,Room reservation sync,Faculty Meeting,Auto-closed by scheduling integration.,,29
INC0200276,2025-04-11 16:32:00,2025-04-12 11:00:00,Faculty2963570,WIE-110,Wieboldt Hall,AV Technical Support,Podium PC / login,Instructor cannot log in to podium PC with NetID.,Re-joined machine to domain; login verified.,M. Reyes,1108
INC0200069,2025-04-11 18:35:00,2025-04-12 00:59:00,Faculty6915376,WIE-412,Wieboldt Hall,AV Technical Support,Control system / touch panel,'System Starting' hangs indefinitely; room unusable for class.,Hard-reset touch panel via PoE port; control restored.,M. Reyes,384
INC0202035,2025-04-12 05:52:04,2025-04-12 06:19:04,25Live,WIE-142,Wieboldt Hall,Classroom Scheduling,Room reservation sync,Room Hold — Facilities,Auto-closed by scheduling integration.,,11
INC0201292,2025-04-12 06:52:14,2025-04-12 07:02:14,25Live,WIE-251,Wieboldt Hall,Classroom Scheduling,Room reservation sync,Faculty Meeting,Auto-closed by scheduling integration.,,14
INC0202398,2025-04-12 06:55:21,2025-04-12 07:16:21,25Live,WIE-251,Wieboldt Hall,Classroom Scheduling,Room reservation sync,OPNS-430-0-62 Operations Management,Auto-closed by scheduling integration.,,23
INC0201780,2025-04-12 07:30:20,2025-04-12 07:56:20,25Live,WIE-343,Wieboldt Hall,Classroom Scheduling,Room reservation sync,OPNS-430-0-62 Operations Management,Auto-closed by scheduling integration.,,19
INC0200041,2025-04-12 10:30:00,2025-04-12 14:33:00,Faculty8851022,WIE-105,Wieboldt Hall,Equipment Maintenance & Repair,Projector lamp / image quality,"Projector image noticeably dim, colors washed out.",Replaced projector lamp; brightness restored.,M. Reyes,243
INC0201654,2025-04-13 05:03:23,2025-04-13 05:21:23,25Live,WIE-521,Wieboldt Hall,Classroom Scheduling,Room reservation sync,STRT-452-0-71 Competitive Strategy,Auto-closed by scheduling integration.,,9
INC0201255,2025-04-13 05:55:58,,25Live,WIE-105,Wieboldt Hall,Classroom Scheduling,Room reservation sync,MKTG-450-0-61 Brand Strategy,,,
INC0201346,2025-04-13 06:15:23,2025-04-13 06:17:23,25Live,WIE-355,Wieboldt Hall,Classroom Scheduling,Room reservation sync,FINC-430-0-51 Corporate Finance,Auto-closed by scheduling integration.,,22
INC0200296,2025-04-13 11:46:00,2025-04-15 02:53:00,Faculty6114225,,Wieboldt Hall,AV Technical Support,Audio / microphone,Program audio works but mic audio not reinforced in room.,Corrected audio routing on touch panel; laptop audio restored.,D. Lindqvist,2347
INC0201865,2025-04-14 05:24:31,2025-04-14 05:27:31,25Live,WIE-205,Wieboldt Hall,Classroom Scheduling,Room reservation sync,DECS-433-0-61 Business Analytics,Auto-closed by scheduling integration.,,24
INC0201026,2025-04-14 05:50:32,,25Live,WIE-412,Wieboldt Hall,Classroom Scheduling,Room reservation sync,MECN-425-0-52 Managerial Economics,,,
INC0201463,2025-04-14 06:19:38,,25Live,WIE-251,Wieboldt Hall,Classroom Scheduling,Room reservation sync,Executive Education Workshop,,,
INC0200627,2025-04-14 11:10:00,2025-06-26 07:13:00,Staff568138,WIE-105,Wieboldt Hall,Equipment Maintenance & Repair,Cabling / connectors,"HDMI cable at podium has bent pin, intermittent connection.",Swapped damaged HDMI cable; tested with laptop.,S. Patel,104883
INC0200569,2025-04-14 14:23:00,2025-04-14 20:43:00,Faculty4931357,WIE-246,Wieboldt Hall,Lecture Capture,Capture scheduling / setup,One-time recording request for guest lecture.,Created recurring capture schedule; confirmed first recording with instructor.,S. Patel,380
INC0202409,2025-04-15 05:03:46,2025-04-15 05:29:46,25Live,WIE-312,Wieboldt Hall,Classroom Scheduling,Room reservation sync,OPNS-430-0-62 Operations Management,Auto-closed by scheduling integration.,,8
INC0201189,2025-04-15 05:08:36,2025-04-15 05:14:36,25Live,WIE-355,Wieboldt Hall,Classroom Scheduling,Room reservation sync,Admissions Information Session,Auto-closed by scheduling integration.,,4
INC0202205,2025-04-15 05:12:19,2025-04-15 05:36:19,25Live,WIE-105,Wieboldt Hall,Classroom Scheduling,Room reservation sync,ACCT-410-0-51 Financial Accounting,Auto-closed by scheduling integration.,,28
INC0200966,2025-04-15 06:31:27,2025-04-15 06:45:27,25Live,WIE-343,Wieboldt Hall,Classroom Scheduling,Room reservation sync,MECN-425-0-52 Managerial Economics,Auto-closed by scheduling integration.,,16
INC0201166,2025-04-15 07:48:40,,25Live,WIE-205,Wieboldt Hall,Classroom Scheduling,Room reservation sync,Room Hold — Facilities,,,
INC0201672,2025-04-15 07:55:41,2025-04-15 08:22:41,25Live,WIE-142,Wieboldt Hall,Classroom Scheduling,Room reservation sync,Student Club Panel Event,Auto-closed by scheduling integration.,,17
INC0200703,2025-04-15 09:58:00,2025-04-15 21:03:00,Faculty2597070,WIE-355,Wieboldt Hall,AV Technical Support,No display / HDMI handshake,Instructor laptop connected via HDMI but projector shows 'No Signal'.,Rebooted control processor; input routing restored after reload.,R. Calloway,665
INC0200015,2025-04-15 10:03:00,2025-04-15 10:44:00,Staff1222057,WIE-148,Wieboldt Hall,Lecture Capture,Recording failed / not captured,Scheduled class recording did not start; instructor reports no video in portal.,Re-seated audio feed to appliance; levels verified on test recording.,D. Lindqvist,41
INC0200337,2025-04-15 11:20:00,2025-04-16 04:14:00,Faculty8522511,,Wieboldt Hall,AV Technical Support,Control system / touch panel,Touch panel frozen on splash screen; no room control available.,Rebooted control processor; panel reconnected after program reload.,J. Whitfield,1014
INC0200112,2025-04-15 12:26:00,2025-04-16 05:26:00,Student2362599,WIE-110,Wieboldt Hall,Webconferencing,Camera / PTZ,Camera image degraded; colors washed out on far end.,Recalibrated auto-tracking zones; verified during live class.,A. Okafor,1020
INC0202115,2025-04-16 05:30:42,2025-04-16 05:59:42,25Live,WIE-441,Wieboldt Hall,Classroom Scheduling,Room reservation sync,OPNS-430-0-62 Operations Management,Auto-closed by scheduling integration.,,16
INC0200751,2025-04-16 05:36:58,2025-04-16 05:57:58,25Live,WIE-251,Wieboldt Hall,Classroom Scheduling,Room reservation sync,Room Hold — Facilities,Auto-closed by scheduling integration.,,24
INC0200937,2025-04-16 06:18:45,2025-04-16 06:44:45,25Live,WIE-508,Wieboldt Hall,Classroom Scheduling,Room reservation sync,MKTG-450-0-61 Brand Strategy,Auto-closed by scheduling integration.,,12
INC0201149,2025-04-16 06:46:51,2025-04-16 06:48:51,25Live,WIE-441,Wieboldt Hall,Classroom Scheduling,Room reservation sync,Student Club Panel Event,Auto-closed by scheduling integration.,,19
INC0202121,2025-04-16 07:36:16,2025-04-16 07:51:16,25Live,WIE-355,Wieboldt Hall,Classroom Scheduling,Room reservation sync,FINC-430-0-51 Corporate Finance,Auto-closed by scheduling integration.,,6
INC0200589,2025-04-16 16:46:00,2025-04-16 21:44:00,Student8327419,,Wieboldt Hall,AV Technical Support,Podium PC / login,Podium PC stuck on Windows update at class start.,Cleared temp files and restarted; escalated for RAM upgrade.,M. Reyes,298
INC0200994,2025-04-17 05:14:37,,25Live,WIE-142,Wieboldt Hall,Classroom Scheduling,Room reservation sync,Student Club Panel Event,,,
INC0201653,2025-04-17 05:15:56,2025-04-17 05:20:56,25Live,WIE-343,Wieboldt Hall,Classroom Scheduling,Room reservation sync,ACCT-410-0-51 Financial Accounting,Auto-closed by scheduling integration.,,15
INC0201071,2025-04-17 05:27:40,2025-04-17 05:43:40,25Live,WIE-110,Wieboldt Hall,Classroom Scheduling,Room reservation sync,DECS-433-0-61 Business Analytics,Auto-closed by scheduling integration.,,14
INC0201708,2025-04-17 05:45:27,2025-04-17 06:14:27,25Live,WIE-142,Wieboldt Hall,Classroom Scheduling,Room reservation sync,MORS-470-0-51 Negotiations,Auto-closed by scheduling integration.,,15
INC0201381,2025-04-17 05:53:41,2025-04-17 05:54:41,25Live,WIE-142,Wieboldt Hall,Classroom Scheduling,Room reservation sync,Admissions Information Session,Auto-closed by scheduling integration.,,3
INC0202352,2025-04-17 06:28:07,2025-04-17 06:39:07,25Live,WIE-352,Wieboldt Hall,Classroom Scheduling,Room reservation sync,MORS-470-0-51 Negotiations,Auto-closed by scheduling integration.,,27
INC0202225,2025-04-17 07:09:51,2025-04-17 07:22:51,25Live,WIE-142,Wieboldt Hall,Classroom Scheduling,Room reservation sync,MKTG-450-0-61 Brand Strategy,Auto-closed by scheduling integration.,,11
INC0200791,2025-04-17 07:59:22,2025-04-17 08:28:22,25Live,WIE-148,Wieboldt Hall,Classroom Scheduling,Room reservation sync,Room Hold — Facilities,Auto-closed by scheduling integration.,,19
INC0200208,2025-04-17 09:02:00,2025-07-26 08:34:00,Faculty8108193,WIE-251,Wieboldt Hall,Equipment Maintenance & Repair,Preventative maintenance,Semester-start room readiness verification.,Updated device firmware; verified control and AV paths.,D. Lindqvist,143972
INC0200645,2025-04-17 13:18:00,2025-05-18 17:13:00,Staff4743104,WIE-105,Wieboldt Hall,Webconferencing,Camera / PTZ,Auto-tracking camera losing instructor near whiteboard.,Recalibrated auto-tracking zones; verified during live class.,S. Patel,44875
INC0200647,2025-04-17 13:21:00,2025-04-17 13:35:00,Staff5911365,WIE-105,Wieboldt Hall,Webconferencing,Camera / PTZ,PTZ camera not responding to touch panel presets.,Duplicate of earlier ticket; closed.,R. Calloway,14
INC0200523,2025-04-17 16:51:00,2025-04-17 17:02:00,Student4902132,WIE-110,Wieboldt Hall,AV Technical Support,Audio / microphone,Lavalier mic cutting out intermittently during lecture.,Reset DSP to default preset; room audio normal.,J. Whitfield,11
INC0201361,2025-04-18 05:11:23,2025-04-18 05:31:23,25Live,WIE-318,Wieboldt Hall,Classroom Scheduling,Room reservation sync,Room Hold — Facilities,Auto-closed by scheduling integration.,,14
INC0201775,2025-04-18 05:19:28,2025-04-18 05:48:28,25Live,WIE-318,Wieboldt Hall,Classroom Scheduling,Room reservation sync,FINC-430-0-51 Corporate Finance,Auto-closed by scheduling integration.,,10
INC0201840,2025-04-18 05:44:07,2025-04-18 05:46:07,25Live,WIE-148,Wieboldt Hall,Classroom Scheduling,Room reservation sync,ACCT-410-0-51 Financial Accounting,Auto-closed by scheduling integration.,,10
INC0201963,2025-04-18 06:17:26,,25Live,WIE-142,Wieboldt Hall,Classroom Scheduling,Room reservation sync,OPNS-430-0-62 Operations Management,,,
INC0201219,2025-04-18 06:56:48,2025-04-18 07:06:48,25Live,WIE-441,Wieboldt Hall,Classroom Scheduling,Room reservation sync,MORS-470-0-51 Negotiations,Auto-closed by scheduling integration.,,5
INC0201930,2025-04-18 07:36:02,2025-04-18 08:00:02,25Live,WIE-142,Wieboldt Hall,Classroom Scheduling,Room reservation sync,MKTG-450-0-61 Brand Strategy,Auto-closed by scheduling integration.,,21
INC0202418,2025-04-18 07:48:24,2025-04-18 08:04:24,25Live,WIE-251,Wieboldt Hall,Classroom Scheduling,Room reservation sync,MECN-425-0-52 Managerial Economics,Auto-closed by scheduling integration.,,10
INC0201106,2025-04-19 05:03:15,2025-04-19 05:08:15,25Live,WIE-355,Wieboldt Hall,Classroom Scheduling,Room reservation sync,MKTG-450-0-61 Brand Strategy,Auto-closed by scheduling integration.,,10
INC0202140,2025-04-19 05:19:43,2025-04-19 05:46:43,25Live,WIE-312,Wieboldt Hall,Classroom Scheduling,Room reservation sync,Leadership Coaching Session,Auto-closed by scheduling integration.,,23
INC0200124,2025-04-19 14:05:00,2025-04-19 15:47:00,Faculty5149456,WIE-105,Wieboldt Hall,AV Technical Support,Audio / microphone,Lavalier mic cutting out intermittently during lecture.,Replaced batteries in bodypack; instructed on charging dock use.,E. Marsh,102
INC0200465,2025-04-19 17:53:00,2025-04-23 21:38:00,Faculty3057273,WIE-508,Wieboldt Hall,AV Technical Support,Audio / microphone,Program audio works but mic audio not reinforced in room.,Swapped faulty bodypack transmitter with spare unit.,E. Marsh,5985
INC0200570,2025-04-20 16:17:00,2026-03-23 12:23:00,Staff9656570,WIE-246,Wieboldt Hall,Lecture Capture,Capture scheduling / setup,Instructor requests recurring recording schedule for spring course.,Re-mapped publishing folder and corrected course role permissions.,J. Whitfield,485046
INC0202425,2025-04-21 05:03:30,2025-04-21 05:26:30,25Live,WIE-105,Wieboldt Hall,Classroom Scheduling,Room reservation sync,Room Hold — Facilities,Auto-closed by scheduling integration.,,25
INC0202376,2025-04-21 05:27:35,2025-04-21 05:35:35,25Live,WIE-412,Wieboldt Hall,Classroom Scheduling,Room reservation sync,DECS-433-0-61 Business Analytics,Auto-closed by scheduling integration.,,12
INC0200757,2025-04-21 05:48:37,2025-04-21 06:04:37,25Live,WIE-343,Wieboldt Hall,Classroom Scheduling,Room reservation sync,Leadership Coaching Session,Auto-closed by scheduling integration.,,29
INC0200990,2025-04-21 05:48:58,2025-04-21 06:16:58,25Live,WIE-142,Wieboldt Hall,Classroom Scheduling,Room reservation sync,STRT-452-0-71 Competitive Strategy,Auto-closed by scheduling integration.,,2
INC0201670,2025-04-21 07:42:17,2025-04-21 08:06:17,25Live,WIE-343,Wieboldt Hall,Classroom Scheduling,Room reservation sync,MORS-470-0-51 Negotiations,Auto-closed by scheduling integration.,,29
INC0200338,2025-04-21 11:09:00,2025-05-12 09:53:00,Faculty8956504,,Wieboldt Hall,AV Technical Support,Control system / touch panel,"Control panel unresponsive to touch, backlight on.",Hard-reset touch panel via PoE port; control restored.,A. Okafor,30164
INC0200113,2025-04-21 13:24:00,2025-04-22 17:28:00,Faculty4431570,WIE-110,Wieboldt Hall,Webconferencing,Camera / PTZ,Camera image degraded; colors washed out on far end.,Recalibrated auto-tracking zones; verified during live class.,A. Okafor,1684
INC0201414,2025-04-22 05:12:27,2025-04-22 05:25:27,25Live,WIE-258,Wieboldt Hall,Classroom Scheduling,Room reservation sync,Leadership Coaching Session,Auto-closed by scheduling integration.,,1
INC0202020,2025-04-22 06:07:39,2025-04-22 06:25:39,25Live,WIE-343,Wieboldt Hall,Classroom Scheduling,Room reservation sync,Admissions Information Session,Auto-closed by scheduling integration.,,5
INC0202254,2025-04-22 06:20:44,2025-04-22 06:35:44,25Live,WIE-258,Wieboldt Hall,Classroom Scheduling,Room reservation sync,OPNS-430-0-62 Operations Management,Auto-closed by scheduling integration.,,24
INC0201526,2025-04-22 06:23:44,2025-04-22 06:26:44,25Live,WIE-318,Wieboldt Hall,Classroom Scheduling,Room reservation sync,Admissions Information Session,Auto-closed by scheduling integration.,,7
INC0201284,2025-04-22 06:39:46,,25Live,WIE-355,Wieboldt Hall,Classroom Scheduling,Room reservation sync,Executive Education Workshop,,,
INC0200413,2025-04-22 17:41:00,2025-05-01 00:19:00,Faculty8543227,WIE-306,Wieboldt Hall,Lecture Capture,Recording failed / not captured,Capture appliance offline; last three scheduled recordings missing.,Corrected room calendar mapping in capture scheduler.,T. Nakamura,11918
INC0200648,2025-04-22 18:33:00,2025-07-12 17:48:00,Faculty5063233,WIE-105,Wieboldt Hall,Setup & Configuration,Event / class AV setup,Microphone and projector setup for guest speaker event.,Configured room for panel format; struck equipment after event.,M. Reyes,116595
INC0201036,2025-04-23 05:00:43,2025-04-23 05:05:43,25Live,WIE-352,Wieboldt Hall,Classroom Scheduling,Room reservation sync,Executive Education Workshop,Auto-closed by scheduling integration.,,25
INC0200921,2025-04-23 05:12:55,2025-04-23 05:36:55,25Live,WIE-251,Wieboldt Hall,Classroom Scheduling,Room reservation sync,Admissions Information Session,Auto-closed by scheduling integration.,,12
INC0202019,2025-04-23 05:52:41,2025-04-23 06:09:41,25Live,WIE-441,Wieboldt Hall,Classroom Scheduling,Room reservation sync,Faculty Meeting,Auto-closed by scheduling integration.,,6
INC0201808,2025-04-23 05:57:47,2025-04-23 06:00:47,25Live,WIE-508,Wieboldt Hall,Classroom Scheduling,Room reservation sync,Executive Education Workshop,Auto-closed by scheduling integration.,,4
INC0201295,2025-04-23 06:46:14,2025-04-23 07:03:14,25Live,WIE-251,Wieboldt Hall,Classroom Scheduling,Room reservation sync,OPNS-430-0-62 Operations Management,Auto-closed by scheduling integration.,,22
INC0200419,2025-04-23 09:13:00,2025-04-25 17:51:00,Student9041088,WIE-246,Wieboldt Hall,Setup & Configuration,Event / class AV setup,Microphone and projector setup for guest speaker event.,Provided requested microphones; staffed first 15 minutes of event.,L. Ferreira,3398
INC0200427,2025-04-23 18:46:00,2025-04-23 21:03:00,Faculty4168508,,Wieboldt Hall,AV Technical Support,No display / HDMI handshake,HDMI handshake failure after switching from podium PC to laptop.,Manually forced input on switcher; EDID re-handshake resolved the black screen.,S. Patel,137
INC0200390,2025-04-23 18:47:00,2025-04-24 15:20:00,Staff3504056,WIE-312,Wieboldt Hall,AV Technical Support,Podium PC / login,Instructor cannot log in to podium PC with NetID.,Re-joined machine to domain; login verified.,L. Ferreira,1233
INC0200812,2025-04-24 05:09:14,,25Live,WIE-251,Wieboldt Hall,Classroom Scheduling,Room reservation sync,MKTG-450-0-61 Brand Strategy,,,
INC0201611,2025-04-24 05:21:54,,25Live,WIE-258,Wieboldt Hall,Classroom Scheduling,Room reservation sync,Student Club Panel Event,,,
INC0201801,2025-04-24 05:26:01,2025-04-24 05:50:01,25Live,WIE-142,Wieboldt Hall,Classroom Scheduling,Room reservation sync,MECN-425-0-52 Managerial Economics,Auto-closed by scheduling integration.,,23
INC0201110,2025-04-24 06:01:28,2025-04-24 06:14:28,25Live,WIE-142,Wieboldt Hall,Classroom Scheduling,Room reservation sync,Admissions Information Session,Auto-closed by scheduling integration.,,15
INC0201354,2025-04-24 06:21:33,2025-04-24 06:41:33,25Live,WIE-455,Wieboldt Hall,Classroom Scheduling,Room reservation sync,OPNS-430-0-62 Operations Management,Auto-closed by scheduling integration.,,4
INC0201199,2025-04-24 07:01:49,2025-04-24 07:09:49,25Live,WIE-251,Wieboldt Hall,Classroom Scheduling,Room reservation sync,MORS-470-0-51 Negotiations,Auto-closed by scheduling integration.,,8
INC0201394,2025-04-24 07:18:15,2025-04-24 07:19:15,25Live,WIE-404,Wieboldt Hall,Classroom Scheduling,Room reservation sync,ACCT-410-0-51 Financial Accounting,Auto-closed by scheduling integration.,,28
INC0200297,2025-04-24 12:11:00,2025-04-24 12:27:00,Faculty4012643,WIE-205,Wieboldt Hall,AV Technical Support,Audio / microphone,Wireless mic static and dropouts near front of room.,Replaced batteries in bodypack; instructed on charging dock use.,S. Patel,16
INC0200646,2025-04-24 14:02:00,2025-04-25 14:35:00,Staff5911365,WIE-105,Wieboldt Hall,Webconferencing,Camera / PTZ,PTZ camera not responding to touch panel presets.,Recalibrated auto-tracking zones; verified during live class.,R. Calloway,1473
INC0200243,2025-04-24 16:33:00,2025-04-24 16:57:00,Faculty4094539,,Wieboldt Hall,AV Technical Support,Audio / microphone,Lavalier mic cutting out intermittently during lecture.,Replaced batteries in bodypack; instructed on charging dock use.,D. Lindqvist,24
INC0201261,2025-04-25 05:06:05,2025-04-25 05:10:05,25Live,WIE-355,Wieboldt Hall,Classroom Scheduling,Room reservation sync,DECS-433-0-61 Business Analytics,Auto-closed by scheduling integration.,,17
INC0201859,2025-04-25 05:13:26,2025-04-25 05:16:26,25Live,WIE-105,Wieboldt Hall,Classroom Scheduling,Room reservation sync,MKTG-450-0-61 Brand Strategy,Auto-closed by scheduling integration.,,23
INC0201135,2025-04-25 05:25:54,2025-04-25 05:36:54,25Live,WIE-105,Wieboldt Hall,Classroom Scheduling,Room reservation sync,Student Club Panel Event,Auto-closed by scheduling integration.,,16
INC0202308,2025-04-25 07:49:55,2025-04-25 07:58:55,25Live,WIE-246,Wieboldt Hall,Classroom Scheduling,Room reservation sync,STRT-452-0-71 Competitive Strategy,Auto-closed by scheduling integration.,,9
INC0200859,2025-04-26 06:13:09,2025-04-26 06:14:09,25Live,WIE-343,Wieboldt Hall,Classroom Scheduling,Room reservation sync,FINC-430-0-51 Corporate Finance,Auto-closed by scheduling integration.,,28
INC0202228,2025-04-26 07:43:00,2025-04-26 07:59:00,25Live,WIE-142,Wieboldt Hall,Classroom Scheduling,Room reservation sync,ACCT-410-0-51 Financial Accounting,Auto-closed by scheduling integration.,,12
INC0200478,2025-04-26 15:04:00,2025-05-06 03:35:00,Student5577018,,Wieboldt Hall,Consultation,AV consultation / training,Department asks for guidance on recording equipment for workshop series.,Reviewed hybrid workflow and set camera/audio defaults with instructor.,E. Marsh,13711
INC0202498,2025-04-27 05:58:53,2025-04-27 06:03:53,25Live,WIE-105,Wieboldt Hall,Classroom Scheduling,Room reservation sync,MORS-470-0-51 Negotiations,Auto-closed by scheduling integration.,,6
INC0202135,2025-04-28 05:17:58,2025-04-28 05:31:58,25Live,WIE-412,Wieboldt Hall,Classroom Scheduling,Room reservation sync,STRT-452-0-71 Competitive Strategy,Auto-closed by scheduling integration.,,7
INC0201475,2025-04-28 05:27:08,2025-04-28 05:36:08,25Live,WIE-205,Wieboldt Hall,Classroom Scheduling,Room reservation sync,MECN-425-0-52 Managerial Economics,Auto-closed by scheduling integration.,,25
INC0201091,2025-04-28 05:33:04,2025-04-28 05:41:04,25Live,WIE-441,Wieboldt Hall,Classroom Scheduling,Room reservation sync,Admissions Information Session,Auto-closed by scheduling integration.,,2
INC0201511,2025-04-28 05:37:46,2025-04-28 05:50:46,25Live,WIE-312,Wieboldt Hall,Classroom Scheduling,Room reservation sync,Leadership Coaching Session,Auto-closed by scheduling integration.,,2
INC0201215,2025-04-28 06:00:27,2025-04-28 06:23:27,25Live,WIE-105,Wieboldt Hall,Classroom Scheduling,Room reservation sync,OPNS-430-0-62 Operations Management,Auto-closed by scheduling integration.,,25
INC0202469,2025-04-28 06:11:11,2025-04-28 06:29:11,25Live,WIE-251,Wieboldt Hall,Classroom Scheduling,Room reservation sync,FINC-430-0-51 Corporate Finance,Auto-closed by scheduling integration.,,18
INC0201208,2025-04-28 07:01:44,,25Live,WIE-355,Wieboldt Hall,Classroom Scheduling,Room reservation sync,MECN-425-0-52 Managerial Economics,,,
INC0201222,2025-04-28 07:17:45,2025-04-28 07:34:45,25Live,WIE-142,Wieboldt Hall,Classroom Scheduling,Room reservation sync,Executive Education Workshop,Auto-closed by scheduling integration.,,17
INC0201584,2025-04-28 07:51:58,2025-04-28 08:12:58,25Live,WIE-343,Wieboldt Hall,Classroom Scheduling,Room reservation sync,ACCT-410-0-51 Financial Accounting,Auto-closed by scheduling integration.,,13
INC0200372,2025-04-28 09:26:00,2025-04-28 10:18:00,Staff6219142,,Wieboldt Hall,AV Technical Support,No display / HDMI handshake,Podium PC displays on confidence monitor but projector screen is black.,Rebooted control processor; input routing restored after reload.,R. Calloway,52
INC0200466,2025-04-28 12:05:00,2025-04-28 21:03:00,Faculty2626626,,Wieboldt Hall,AV Technical Support,Audio / microphone,Wireless mic static and dropouts near front of room.,Reset DSP to default preset; room audio normal.,S. Patel,538
INC0200513,2025-04-28 16:21:00,2025-05-08 13:25:00,Faculty8643506,WIE-306,Wieboldt Hall,Equipment Maintenance & Repair,Projector lamp / image quality,"Projector filter warning on startup, image flickering.",Scheduled projector replacement; loaner cart provided in interim.,M. Reyes,14224
INC0202305,2025-04-29 05:30:55,2025-04-29 05:32:55,25Live,WIE-105,Wieboldt Hall,Classroom Scheduling,Room reservation sync,DECS-433-0-61 Business Analytics,Auto-closed by scheduling integration.,,1
INC0201551,2025-04-29 05:35:33,2025-04-29 06:04:33,25Live,WIE-142,Wieboldt Hall,Classroom Scheduling,Room reservation sync,MKTG-450-0-61 Brand Strategy,Auto-closed by scheduling integration.,,16
INC0202343,2025-04-29 05:45:32,2025-04-29 06:07:32,25Live,WIE-110,Wieboldt Hall,Classroom Scheduling,Room reservation sync,MORS-470-0-51 Negotiations,Auto-closed by scheduling integration.,,22
INC0202106,2025-04-29 05:47:48,2025-04-29 05:50:48,25Live,WIE-142,Wieboldt Hall,Classroom Scheduling,Room reservation sync,STRT-452-0-71 Competitive Strategy,Auto-closed by scheduling integration.,,12
INC0202148,2025-04-29 05:47:58,2025-04-29 05:48:58,25Live,WIE-258,Wieboldt Hall,Classroom Scheduling,Room reservation sync,Room Hold — Facilities,Auto-closed by scheduling integration.,,27
INC0200834,2025-04-29 05:52:07,2025-04-29 06:10:07,25Live,WIE-110,Wieboldt Hall,Classroom Scheduling,Room reservation sync,DECS-433-0-61 Business Analytics,Auto-closed by scheduling integration.,,5
INC0202251,2025-04-29 06:05:27,2025-04-29 06:21:27,25Live,WIE-142,Wieboldt Hall,Classroom Scheduling,Room reservation sync,OPNS-430-0-62 Operations Management,Auto-closed by scheduling integration.,,14
INC0200319,2025-04-29 08:05:00,2025-04-29 09:16:00,Faculty7863327,WIE-110,Wieboldt Hall,Lecture Capture,Capture scheduling / setup,Instructor requests recurring recording schedule for spring course.,Re-mapped publishing folder and corrected course role permissions.,S. Patel,71
INC0200189,2025-04-29 10:15:00,2025-05-16 17:40:00,Student2946323,WIE-355,Wieboldt Hall,Lecture Capture,Recording failed / not captured,Lecture recording missing audio track for full session.,Restarted capture appliance; verified next scheduled recording completed.,S. Patel,24925
INC0200256,2025-04-29 11:14:00,2025-04-30 07:06:00,Student8642263,WIE-142,Wieboldt Hall,Webconferencing,Zoom/Teams AV routing,Hybrid class: in-room students cannot hear remote participants.,Re-seated USB extender at podium; camera re-enumerated in Teams.,A. Okafor,1192
INC0200590,2025-04-29 13:55:00,2025-05-01 00:55:00,Student3894074,WIE-343,Wieboldt Hall,AV Technical Support,Podium PC / login,Podium PC stuck on Windows update at class start.,Cleared temp files and restarted; escalated for RAM upgrade.,S. Patel,2100
INC0200817,2025-04-30 05:00:36,2025-04-30 05:16:36,25Live,WIE-318,Wieboldt Hall,Classroom Scheduling,Room reservation sync,OPNS-430-0-62 Operations Management,Auto-closed by scheduling integration.,,7
INC0201724,2025-04-30 05:20:39,2025-04-30 05:30:39,25Live,WIE-312,Wieboldt Hall,Classroom Scheduling,Room reservation sync,Admissions Information Session,Auto-closed by scheduling integration.,,28
INC0201330,2025-04-30 05:49:51,2025-04-30 05:54:51,25Live,WIE-455,Wieboldt Hall,Classroom Scheduling,Room reservation sync,FINC-430-0-51 Corporate Finance,Auto-closed by scheduling integration.,,12
INC0201212,2025-04-30 05:51:16,2025-04-30 06:17:16,25Live,WIE-355,Wieboldt Hall,Classroom Scheduling,Room reservation sync,Student Club Panel Event,Auto-closed by scheduling integration.,,21
INC0200988,2025-04-30 06:22:21,2025-04-30 06:25:21,25Live,WIE-455,Wieboldt Hall,Classroom Scheduling,Room reservation sync,Faculty Meeting,Auto-closed by scheduling integration.,,3
INC0201804,2025-04-30 06:59:22,2025-04-30 07:17:22,25Live,WIE-105,Wieboldt Hall,Classroom Scheduling,Room reservation sync,MORS-470-0-51 Negotiations,Auto-closed by scheduling integration.,,27
INC0201093,2025-04-30 07:12:38,,25Live,WIE-412,Wieboldt Hall,Classroom Scheduling,Room reservation sync,Faculty Meeting,,,
INC0201157,2025-04-30 07:35:46,2025-04-30 07:46:46,25Live,WIE-142,Wieboldt Hall,Classroom Scheduling,Room reservation sync,Executive Education Workshop,Auto-closed by scheduling integration.,,7
INC0200079,2025-04-30 10:12:00,2025-06-04 09:33:00,Staff5395564,WIE-318,Wieboldt Hall,Setup & Configuration,Event / class AV setup,Panel discussion: three handhelds and confidence monitor requested.,Configured room for panel format; struck equipment after event.,A. Okafor,50361
INC0200544,2025-04-30 10:19:00,2025-05-19 08:58:00,Faculty7014617,WIE-142,Wieboldt Hall,Equipment Maintenance & Repair,Cabling / connectors,USB-C adapter at podium missing; instructor cannot connect MacBook.,Replaced missing adapter; added to weekly checklist.,R. Calloway,27279
INC0200484,2025-04-30 17:35:00,2025-04-30 18:23:00,Student9926586,WIE-148,Wieboldt Hall,AV Technical Support,Audio / microphone,Wireless mic static and dropouts near front of room.,Corrected audio routing on touch panel; laptop audio restored.,R. Calloway,48
INC0202492,2025-05-01 05:16:11,2025-05-01 05:23:11,25Live,WIE-205,Wieboldt Hall,Classroom Scheduling,Room reservation sync,FINC-430-0-51 Corporate Finance,Auto-closed by scheduling integration.,,25
INC0201075,2025-05-01 05:38:36,2025-05-01 06:03:36,25Live,WIE-343,Wieboldt Hall,Classroom Scheduling,Room reservation sync,Leadership Coaching Session,Auto-closed by scheduling integration.,,12
INC0201528,2025-05-01 06:09:34,2025-05-01 06:24:34,25Live,WIE-205,Wieboldt Hall,Classroom Scheduling,Room reservation sync,Leadership Coaching Session,Auto-closed by scheduling integration.,,22
INC0200488,2025-05-01 17:42:00,2025-05-01 17:50:00,Faculty3240656,WIE-455,Wieboldt Hall,AV Technical Support,Control system / touch panel,'System Starting' hangs indefinitely; room unusable for class.,Rebooted control processor; panel reconnected after program reload.,A. Okafor,8
INC0200503,2025-05-01 18:17:00,2025-07-07 09:36:00,Faculty9157403,WIE-355,Wieboldt Hall,Consultation,AV consultation / training,New faculty member requests walkthrough of classroom AV system.,Reviewed hybrid workflow and set camera/audio defaults with instructor.,R. Calloway,95959
INC0201213,2025-05-02 05:17:34,2025-05-02 05:23:34,25Live,WIE-455,Wieboldt Hall,Classroom Scheduling,Room reservation sync,Student Club Panel Event,Auto-closed by scheduling integration.,,24
INC0201518,2025-05-02 05:41:43,2025-05-02 06:05:43,25Live,WIE-258,Wieboldt Hall,Classroom Scheduling,Room reservation sync,MECN-425-0-52 Managerial Economics,Auto-closed by scheduling integration.,,1
INC0202176,2025-05-02 05:44:17,2025-05-02 06:11:17,25Live,WIE-142,Wieboldt Hall,Classroom Scheduling,Room reservation sync,Leadership Coaching Session,Auto-closed by scheduling integration.,,18
INC0202261,2025-05-02 05:52:09,2025-05-02 06:15:09,25Live,WIE-312,Wieboldt Hall,Classroom Scheduling,Room reservation sync,Student Club Panel Event,Auto-closed by scheduling integration.,,16
INC0201500,2025-05-02 06:16:51,2025-05-02 06:29:51,25Live,WIE-312,Wieboldt Hall,Classroom Scheduling,Room reservation sync,Faculty Meeting,Auto-closed by scheduling integration.,,5
INC0201097,2025-05-02 06:23:36,2025-05-02 06:49:36,25Live,WIE-352,Wieboldt Hall,Classroom Scheduling,Room reservation sync,STRT-452-0-71 Competitive Strategy,Auto-closed by scheduling integration.,,15
INC0200373,2025-05-02 10:17:00,2025-05-02 18:14:00,Faculty1920212,WIE-343,Wieboldt Hall,AV Technical Support,No display / HDMI handshake,Projector shows brief image then drops to black screen repeatedly.,Rebooted control processor; input routing restored after reload.,M. Reyes,477
INC0201635,2025-05-03 06:02:57,2025-05-03 06:27:57,25Live,WIE-404,Wieboldt Hall,Classroom Scheduling,Room reservation sync,Leadership Coaching Session,Auto-closed by scheduling integration.,,3
INC0200489,2025-05-03 08:39:00,2025-05-05 22:27:00,Student8427212,WIE-110,Wieboldt Hall,Consultation,AV consultation / training,Instructor requests best-practice review for hybrid teaching setup.,Recommended equipment configuration; scheduled follow-up.,D. Lindqvist,3708
INC0200649,2025-05-03 12:30:00,2025-05-17 20:15:00,Student8708440,WIE-105,Wieboldt Hall,Setup & Configuration,Event / class AV setup,Microphone and projector setup for guest speaker event.,Completed setup and tested with event organizer.,S. Patel,20625
INC0200056,2025-05-03 12:43:00,2025-05-03 16:08:00,Staff3904472,WIE-355,Wieboldt Hall,AV Technical Support,Audio / microphone,Program audio works but mic audio not reinforced in room.,Replaced batteries in bodypack; instructed on charging dock use.,T. Nakamura,205
INC0200467,2025-05-04 08:03:00,2025-05-04 16:05:00,Faculty4325348,,Wieboldt Hall,AV Technical Support,Audio / microphone,Program audio works but mic audio not reinforced in room.,Replaced batteries in bodypack; instructed on charging dock use.,A. Okafor,482
INC0200428,2025-05-04 08:30:00,2025-05-04 19:46:00,Student9884361,WIE-312,Wieboldt Hall,AV Technical Support,No display / HDMI handshake,HDMI handshake failure after switching from podium PC to laptop.,Power-cycled matrix switcher and re-seated HDMI at podium; signal restored.,A. Okafor,676
INC0202071,2025-05-05 05:10:15,,25Live,WIE-508,Wieboldt Hall,Classroom Scheduling,Room reservation sync,MECN-425-0-52 Managerial Economics,,,
INC0201068,2025-05-05 05:17:59,2025-05-05 05:36:59,25Live,WIE-105,Wieboldt Hall,Classroom Scheduling,Room reservation sync,OPNS-430-0-62 Operations Management,Auto-closed by scheduling integration.,,5
INC0202027,2025-05-05 05:47:48,,25Live,WIE-343,Wieboldt Hall,Classroom Scheduling,Room reservation sync,Leadership Coaching Session,,,
INC0200885,2025-05-05 05:52:31,2025-05-05 05:59:31,25Live,WIE-142,Wieboldt Hall,Classroom Scheduling,Room reservation sync,FINC-430-0-51 Corporate Finance,Auto-closed by scheduling integration.,,12
INC0202075,2025-05-05 07:18:54,2025-05-05 07:26:54,25Live,WIE-258,Wieboldt Hall,Classroom Scheduling,Room reservation sync,MECN-425-0-52 Managerial Economics,Auto-closed by scheduling integration.,,19
INC0201397,2025-05-05 07:29:48,2025-05-05 07:46:48,25Live,WIE-142,Wieboldt Hall,Classroom Scheduling,Room reservation sync,Student Club Panel Event,Auto-closed by scheduling integration.,,4
INC0200187,2025-05-05 11:26:00,2025-05-06 11:19:00,Faculty8714545,,Wieboldt Hall,Lecture Capture,Capture scheduling / setup,Instructor requests recurring recording schedule for spring course.,Created recurring capture schedule; confirmed first recording with instructor.,R. Calloway,1433
INC0200016,2025-05-05 14:39:00,2025-05-07 05:03:00,Student4451267,WIE-251,Wieboldt Hall,Setup & Configuration,Event / class AV setup,Microphone and projector setup for guest speaker event.,Configured room for panel format; struck equipment after event.,A. Okafor,2304
INC0200190,2025-05-05 16:22:00,2025-05-07 20:10:00,Staff3184122,WIE-355,Wieboldt Hall,Lecture Capture,Recording failed / not captured,Capture appliance offline; last three scheduled recordings missing.,Corrected room calendar mapping in capture scheduler.,A. Okafor,3108
INC0200840,2025-05-06 05:00:06,2025-05-06 05:23:06,25Live,WIE-205,Wieboldt Hall,Classroom Scheduling,Room reservation sync,STRT-452-0-71 Competitive Strategy,Auto-closed by scheduling integration.,,19
INC0202090,2025-05-06 05:05:32,2025-05-06 05:23:32,25Live,WIE-205,Wieboldt Hall,Classroom Scheduling,Room reservation sync,Room Hold — Facilities,Auto-closed by scheduling integration.,,9
INC0202010,2025-05-06 05:07:34,2025-05-06 05:14:34,25Live,WIE-537,Wieboldt Hall,Classroom Scheduling,Room reservation sync,Room Hold — Facilities,Auto-closed by scheduling integration.,,8
INC0202393,2025-05-06 05:34:26,2025-05-06 05:40:26,25Live,WIE-455,Wieboldt Hall,Classroom Scheduling,Room reservation sync,Faculty Meeting,Auto-closed by scheduling integration.,,1
INC0201468,2025-05-06 05:43:57,2025-05-06 06:09:57,25Live,WIE-105,Wieboldt Hall,Classroom Scheduling,Room reservation sync,Leadership Coaching Session,Auto-closed by scheduling integration.,,8
INC0202440,2025-05-06 06:06:25,2025-05-06 06:07:25,25Live,WIE-142,Wieboldt Hall,Classroom Scheduling,Room reservation sync,Admissions Information Session,Auto-closed by scheduling integration.,,21
INC0201190,2025-05-06 06:14:15,,25Live,WIE-521,Wieboldt Hall,Classroom Scheduling,Room reservation sync,MKTG-450-0-61 Brand Strategy,,,
INC0200829,2025-05-06 06:19:13,2025-05-06 06:43:13,25Live,WIE-142,Wieboldt Hall,Classroom Scheduling,Room reservation sync,MKTG-450-0-61 Brand Strategy,Auto-closed by scheduling integration.,,2
INC0200974,2025-05-06 06:56:01,2025-05-06 07:07:01,25Live,WIE-306,Wieboldt Hall,Classroom Scheduling,Room reservation sync,MKTG-450-0-61 Brand Strategy,Auto-closed by scheduling integration.,,13
INC0201349,2025-05-06 07:25:29,2025-05-06 07:44:29,25Live,WIE-355,Wieboldt Hall,Classroom Scheduling,Room reservation sync,MECN-425-0-52 Managerial Economics,Auto-closed by scheduling integration.,,12
INC0201338,2025-05-06 07:41:08,2025-05-06 07:51:08,25Live,WIE-246,Wieboldt Hall,Classroom Scheduling,Room reservation sync,OPNS-430-0-62 Operations Management,Auto-closed by scheduling integration.,,28
INC0200121,2025-05-06 11:15:00,2025-05-06 14:07:00,Faculty2036047,,Wieboldt Hall,AV Technical Support,Audio / microphone,Program audio works but mic audio not reinforced in room.,Replaced batteries in bodypack; instructed on charging dock use.,D. Lindqvist,172
INC0200191,2025-05-06 14:01:00,2025-05-07 13:35:00,Staff2237181,,Wieboldt Hall,Lecture Capture,Recording failed / not captured,Recording stopped 20 minutes into class; remainder not captured.,Recovered local backup recording and uploaded to course folder.,E. Marsh,1414
INC0201034,2025-05-07 05:15:46,2025-05-07 05:42:46,25Live,WIE-142,Wieboldt Hall,Classroom Scheduling,Room reservation sync,MKTG-450-0-61 Brand Strategy,Auto-closed by scheduling integration.,,15
INC0200761,2025-05-07 05:17:31,2025-05-07 05:38:31,25Live,WIE-544,Wieboldt Hall,Classroom Scheduling,Room reservation sync,Leadership Coaching Session,Auto-closed by scheduling integration.,,16
INC0202084,2025-05-07 05:57:09,,25Live,WIE-441,Wieboldt Hall,Classroom Scheduling,Room reservation sync,Admissions Information Session,,,
INC0201841,2025-05-07 06:02:25,2025-05-07 06:18:25,25Live,WIE-508,Wieboldt Hall,Classroom Scheduling,Room reservation sync,OPNS-430-0-62 Operations Management,Auto-closed by scheduling integration.,,14
INC0200399,2025-05-07 08:42:00,2025-05-07 13:32:00,Faculty4644056,WIE-142,Wieboldt Hall,AV Technical Support,No display / HDMI handshake,Guest speaker laptop not detected on wall plate HDMI input.,Manually forced input on switcher; EDID re-handshake resolved the black screen.,A. Okafor,290
INC0200283,2025-05-07 16:47:00,2025-05-08 08:34:00,Student1463328,WIE-251,Wieboldt Hall,AV Technical Support,Input switching failure,Touch panel input selection not changing projector source.,Reloaded control program; input switching functional.,A. Okafor,947
INC0202303,2025-05-08 05:04:49,2025-05-08 05:21:49,25Live,WIE-251,Wieboldt Hall,Classroom Scheduling,Room reservation sync,DECS-433-0-61 Business Analytics,Auto-closed by scheduling integration.,,10
INC0201087,2025-05-08 05:23:58,2025-05-08 05:32:58,25Live,WIE-142,Wieboldt Hall,Classroom Scheduling,Room reservation sync,MECN-425-0-52 Managerial Economics,Auto-closed by scheduling integration.,,8
INC0200997,2025-05-08 05:57:16,,25Live,WIE-258,Wieboldt Hall,Classroom Scheduling,Room reservation sync,ACCT-410-0-51 Financial Accounting,,,
INC0201447,2025-05-08 06:02:51,2025-05-08 06:21:51,25Live,WIE-251,Wieboldt Hall,Classroom Scheduling,Room reservation sync,Room Hold — Facilities,Auto-closed by scheduling integration.,,20
INC0201521,2025-05-08 06:12:02,2025-05-08 06:25:02,25Live,WIE-318,Wieboldt Hall,Classroom Scheduling,Room reservation sync,Faculty Meeting,Auto-closed by scheduling integration.,,8
INC0200836,2025-05-08 06:27:37,2025-05-08 06:33:37,25Live,WIE-318,Wieboldt Hall,Classroom Scheduling,Room reservation sync,Student Club Panel Event,Auto-closed by scheduling integration.,,28
INC0202283,2025-05-08 07:32:27,2025-05-08 07:34:27,25Live,WIE-306,Wieboldt Hall,Classroom Scheduling,Room reservation sync,Admissions Information Session,Auto-closed by scheduling integration.,,29
INC0201619,2025-05-08 07:56:01,2025-05-08 08:19:01,25Live,WIE-251,Wieboldt Hall,Classroom Scheduling,Room reservation sync,FINC-430-0-51 Corporate Finance,Auto-closed by scheduling integration.,,15
INC0200359,2025-05-08 16:17:00,2025-08-08 03:54:00,Faculty8156366,WIE-205,Wieboldt Hall,Equipment Maintenance & Repair,Projector lamp / image quality,"Projector image noticeably dim, colors washed out.",Cleaned filter and reset lamp hours counter.,T. Nakamura,131737
INC0202070,2025-05-09 06:02:37,2025-05-09 06:10:37,25Live,WIE-142,Wieboldt Hall,Classroom Scheduling,Room reservation sync,MECN-425-0-52 Managerial Economics,Auto-closed by scheduling integration.,,12
INC0202153,2025-05-09 06:10:17,2025-05-09 06:18:17,25Live,WIE-142,Wieboldt Hall,Classroom Scheduling,Room reservation sync,Leadership Coaching Session,Auto-closed by scheduling integration.,,24
INC0202004,2025-05-09 06:18:54,2025-05-09 06:39:54,25Live,WIE-246,Wieboldt Hall,Classroom Scheduling,Room reservation sync,Leadership Coaching Session,Auto-closed by scheduling integration.,,11
INC0200747,2025-05-09 06:47:55,2025-05-09 07:04:55,25Live,WIE-110,Wieboldt Hall,Classroom Scheduling,Room reservation sync,Admissions Information Session,Auto-closed by scheduling integration.,,29
INC0201760,2025-05-09 07:29:46,2025-05-09 07:54:46,25Live,WIE-441,Wieboldt Hall,Classroom Scheduling,Room reservation sync,Room Hold — Facilities,Auto-closed by scheduling integration.,,16
INC0200898,2025-05-09 07:43:36,2025-05-09 08:06:36,25Live,WIE-148,Wieboldt Hall,Classroom Scheduling,Room reservation sync,Executive Education Workshop,Auto-closed by scheduling integration.,,10
INC0200514,2025-05-09 09:31:00,2025-05-30 22:39:00,Faculty2945106,,Wieboldt Hall,Equipment Maintenance & Repair,Projector lamp / image quality,"Yellow tint on projected image, worse on left side.",Scheduled projector replacement; loaner cart provided in interim.,T. Nakamura,31028
INC0200214,2025-05-09 17:48:00,2025-05-22 08:09:00,Faculty9693294,WIE-142,Wieboldt Hall,AV Technical Support,No display / HDMI handshake,HDMI handshake failure after switching from podium PC to laptop.,Manually forced input on switcher; EDID re-handshake resolved the black screen.,E. Marsh,18141
INC0201740,2025-05-10 05:19:12,2025-05-10 05:28:12,25Live,WIE-455,Wieboldt Hall,Classroom Scheduling,Room reservation sync,MORS-470-0-51 Negotiations,Auto-closed by scheduling integration.,,13
INC0200876,2025-05-10 05:22:41,,25Live,WIE-142,Wieboldt Hall,Classroom Scheduling,Room reservation sync,DECS-433-0-61 Business Analytics,,,
INC0201225,2025-05-10 05:46:51,2025-05-10 06:11:51,25Live,WIE-343,Wieboldt Hall,Classroom Scheduling,Room reservation sync,STRT-452-0-71 Competitive Strategy,Auto-closed by scheduling integration.,,13
INC0201858,2025-05-10 07:38:13,2025-05-10 07:40:13,25Live,WIE-312,Wieboldt Hall,Classroom Scheduling,Room reservation sync,DECS-433-0-61 Business Analytics,Auto-closed by scheduling integration.,,17
INC0200426,2025-05-10 09:23:00,2025-05-10 11:50:00,Faculty4461181,WIE-355,Wieboldt Hall,AV Technical Support,Audio / microphone,Wireless mic static and dropouts near front of room.,Reset DSP to default preset; room audio normal.,A. Okafor,147
INC0200690,2025-05-10 09:31:00,2025-05-10 12:28:00,Staff1907180,,Wieboldt Hall,Lecture Capture,Recording failed / not captured,Recording stopped 20 minutes into class; remainder not captured.,Re-seated audio feed to appliance; levels verified on test recording.,J. Whitfield,177
INC0200429,2025-05-10 12:22:00,2025-05-11 02:27:00,Staff845595,WIE-312,Wieboldt Hall,AV Technical Support,No display / HDMI handshake,Instructor laptop connected via HDMI but projector shows 'No Signal'.,Replaced worn HDMI cable at podium wall plate.,D. Lindqvist,845
INC0200400,2025-05-10 12:46:00,2025-05-10 13:04:00,Staff3238178,WIE-142,Wieboldt Hall,AV Technical Support,No display / HDMI handshake,HDMI handshake failure after switching from podium PC to laptop.,Manually forced input on switcher; EDID re-handshake resolved the black screen.,E. Marsh,18
INC0200284,2025-05-10 15:56:00,2025-05-10 16:48:00,Staff675130,,Wieboldt Hall,AV Technical Support,Input switching failure,Instructor unable to switch between laptop and PC mid-class.,Matrix switcher front-panel override cleared; touch panel control restored.,R. Calloway,52
INC0200215,2025-05-11 08:40:00,2025-05-11 09:13:00,Faculty6353419,,Wieboldt Hall,AV Technical Support,No display / HDMI handshake,Guest speaker laptop not detected on wall plate HDMI input.,Replaced worn HDMI cable at podium wall plate.,M. Reyes,33
INC0202149,2025-05-12 05:18:10,2025-05-12 05:19:10,25Live,WIE-343,Wieboldt Hall,Classroom Scheduling,Room reservation sync,Student Club Panel Event,Auto-closed by scheduling integration.,,19
INC0201356,2025-05-12 05:54:35,,25Live,WIE-105,Wieboldt Hall,Classroom Scheduling,Room reservation sync,OPNS-430-0-62 Operations Management,,,
INC0202432,2025-05-12 07:05:42,2025-05-12 07:09:42,25Live,WIE-318,Wieboldt Hall,Classroom Scheduling,Room reservation sync,MORS-470-0-51 Negotiations,Auto-closed by scheduling integration.,,23
INC0201385,2025-05-13 05:09:55,2025-05-13 05:28:55,25Live,WIE-110,Wieboldt Hall,Classroom Scheduling,Room reservation sync,OPNS-430-0-62 Operations Management,Auto-closed by scheduling integration.,,5
INC0201451,2025-05-13 05:11:48,2025-05-13 05:22:48,25Live,WIE-312,Wieboldt Hall,Classroom Scheduling,Room reservation sync,STRT-452-0-71 Competitive Strategy,Auto-closed by scheduling integration.,,24
INC0202237,2025-05-13 05:34:37,,25Live,WIE-148,Wieboldt Hall,Classroom Scheduling,Room reservation sync,STRT-452-0-71 Competitive Strategy,,,
INC0201650,2025-05-13 05:43:32,2025-05-13 06:11:32,25Live,WIE-205,Wieboldt Hall,Classroom Scheduling,Room reservation sync,FINC-430-0-51 Corporate Finance,Auto-closed by scheduling integration.,,18
INC0200050,2025-05-13 08:18:00,2025-05-13 10:10:00,Staff1958059,WIE-312,Wieboldt Hall,AV TECHNICAL SUPPORT,No display / HDMI handshake,Projector shows brief image then drops to black screen repeatedly.,Manually forced input on switcher; EDID re-handshake resolved the black screen.,D. Lindqvist,112
INC0201917,2025-05-14 05:01:03,2025-05-14 05:24:03,25Live,WIE-251,Wieboldt Hall,Classroom Scheduling,Room reservation sync,Student Club Panel Event,Auto-closed by scheduling integration.,,19
INC0201729,2025-05-14 05:01:33,2025-05-14 05:26:33,25Live,WIE-110,Wieboldt Hall,Classroom Scheduling,Room reservation sync,Executive Education Workshop,Auto-closed by scheduling integration.,,23
INC0201181,2025-05-14 05:04:06,,25Live,WIE-148,Wieboldt Hall,Classroom Scheduling,Room reservation sync,DECS-433-0-61 Business Analytics,,,
INC0201732,2025-05-14 05:06:00,2025-05-14 05:35:00,25Live,WIE-352,Wieboldt Hall,Classroom Scheduling,Room reservation sync,DECS-433-0-61 Business Analytics,Auto-closed by scheduling integration.,,5
INC0201446,2025-05-14 05:15:42,,25Live,WIE-148,Wieboldt Hall,Classroom Scheduling,Room reservation sync,Faculty Meeting,,,
INC0201907,2025-05-14 05:22:07,2025-05-14 05:50:07,25Live,WIE-312,Wieboldt Hall,Classroom Scheduling,Room reservation sync,Room Hold — Facilities,Auto-closed by scheduling integration.,,27
INC0202269,2025-05-14 05:57:24,2025-05-14 05:59:24,25Live,WIE-355,Wieboldt Hall,Classroom Scheduling,Room reservation sync,DECS-433-0-61 Business Analytics,Auto-closed by scheduling integration.,,11
INC0201486,2025-05-14 06:06:50,2025-05-14 06:14:50,25Live,WIE-142,Wieboldt Hall,Classroom Scheduling,Room reservation sync,Admissions Information Session,Auto-closed by scheduling integration.,,6
INC0200435,2025-05-14 15:21:00,2025-05-15 07:11:00,Student3563472,WIE-312,Wieboldt Hall,Webconferencing,Zoom/Teams AV routing,Remote participants cannot hear in-room audio on Zoom call.,Re-seated USB extender at podium; camera re-enumerated in Teams.,L. Ferreira,950
INC0200978,2025-05-15 05:20:38,2025-05-15 05:49:38,25Live,WIE-251,Wieboldt Hall,Classroom Scheduling,Room reservation sync,Room Hold — Facilities,Auto-closed by scheduling integration.,,26
INC0200983,2025-05-15 05:45:38,2025-05-15 06:00:38,25Live,WIE-142,Wieboldt Hall,Classroom Scheduling,Room reservation sync,Admissions Information Session,Auto-closed by scheduling integration.,,5
INC0201918,2025-05-15 06:10:17,2025-05-15 06:22:17,25Live,WIE-318,Wieboldt Hall,Classroom Scheduling,Room reservation sync,STRT-452-0-71 Competitive Strategy,Auto-closed by scheduling integration.,,27
INC0201201,2025-05-15 06:51:19,2025-05-15 07:15:19,25Live,WIE-205,Wieboldt Hall,Classroom Scheduling,Room reservation sync,MKTG-450-0-61 Brand Strategy,Auto-closed by scheduling integration.,,19
INC0201565,2025-05-16 05:10:13,,25Live,WIE-355,Wieboldt Hall,Classroom Scheduling,Room reservation sync,Room Hold — Facilities,,,
INC0202206,2025-05-16 05:35:38,2025-05-16 05:36:38,25Live,WIE-544,Wieboldt Hall,Classroom Scheduling,Room reservation sync,DECS-433-0-61 Business Analytics,Auto-closed by scheduling integration.,,14
INC0202459,2025-05-16 06:58:22,2025-05-16 07:12:22,25Live,WIE-246,Wieboldt Hall,Classroom Scheduling,Room reservation sync,ACCT-410-0-51 Financial Accounting,Auto-closed by scheduling integration.,,17
INC0201433,2025-05-16 07:31:10,2025-05-16 07:45:10,25Live,WIE-312,Wieboldt Hall,Classroom Scheduling,Room reservation sync,Leadership Coaching Session,Auto-closed by scheduling integration.,,1
INC0200001,2025-05-16 10:47:00,2025-05-16 12:20:00,Staff9295494,,Wieboldt Hall,AV Technical Support,No display / HDMI handshake,Podium PC displays on confidence monitor but projector screen is black.,Power-cycled matrix switcher and re-seated HDMI at podium; signal restored.,A. Okafor,93
INC0200629,2025-05-16 14:33:00,2025-05-16 15:23:00,Staff3810086,WIE-251,Wieboldt Hall,AV Technical Support,Input switching failure,Instructor unable to switch between laptop and PC mid-class.,Reloaded control program; input switching functional.,D. Lindqvist,50
INC0202429,2025-05-17 05:37:53,2025-05-17 05:58:53,25Live,WIE-355,Wieboldt Hall,Classroom Scheduling,Room reservation sync,Room Hold — Facilities,Auto-closed by scheduling integration.,,23
INC0200900,2025-05-18 07:52:49,2025-05-18 08:08:49,25Live,WIE-312,Wieboldt Hall,Classroom Scheduling,Room reservation sync,FINC-430-0-51 Corporate Finance,Auto-closed by scheduling integration.,,21
INC0200002,2025-05-18 18:48:00,2025-05-18 19:14:00,Student1619263,,Wieboldt Hall,AV Technical Support,Control system / touch panel,"Control panel unresponsive to touch, backlight on.",Rebooted control processor; panel reconnected after program reload.,T. Nakamura,26
INC0200285,2025-05-18 20:34:00,2025-05-19 06:13:00,Student9780447,,Wieboldt Hall,AV Technical Support,Input switching failure,Instructor unable to switch between laptop and PC mid-class.,Matrix switcher front-panel override cleared; touch panel control restored.,S. Patel,579
INC0201310,2025-05-19 05:31:28,2025-05-19 05:46:28,25Live,WIE-251,Wieboldt Hall,Classroom Scheduling,Room reservation sync,MORS-470-0-51 Negotiations,Auto-closed by scheduling integration.,,6
INC0202323,2025-05-19 05:53:30,2025-05-19 06:03:30,25Live,WIE-148,Wieboldt Hall,Classroom Scheduling,Room reservation sync,STRT-452-0-71 Competitive Strategy,Auto-closed by scheduling integration.,,4
INC0200839,2025-05-19 06:17:57,2025-05-19 06:26:57,25Live,WIE-352,Wieboldt Hall,Classroom Scheduling,Room reservation sync,OPNS-430-0-62 Operations Management,Auto-closed by scheduling integration.,,14
INC0200819,2025-05-19 06:59:21,2025-05-19 07:10:21,25Live,WIE-142,Wieboldt Hall,Classroom Scheduling,Room reservation sync,MECN-425-0-52 Managerial Economics,Auto-closed by scheduling integration.,,9
INC0200691,2025-05-19 20:01:00,2025-07-14 17:18:00,Student9158271,,Wieboldt Hall,Lecture Capture,Recording failed / not captured,Scheduled class recording did not start; instructor reports no video in portal.,Restarted capture appliance; verified next scheduled recording completed.,D. Lindqvist,80477
INC0201139,2025-05-20 05:20:37,2025-05-20 05:28:37,25Live,WIE-246,Wieboldt Hall,Classroom Scheduling,Room reservation sync,MORS-470-0-51 Negotiations,Auto-closed by scheduling integration.,,14
INC0202458,2025-05-20 06:04:59,2025-05-20 06:27:59,25Live,WIE-148,Wieboldt Hall,Classroom Scheduling,Room reservation sync,Leadership Coaching Session,Auto-closed by scheduling integration.,,20
INC0200813,2025-05-20 06:15:14,2025-05-20 06:24:14,25Live,WIE-246,Wieboldt Hall,Classroom Scheduling,Room reservation sync,Executive Education Workshop,Auto-closed by scheduling integration.,,10
INC0200915,2025-05-20 06:28:58,2025-05-20 06:52:58,25Live,WIE-148,Wieboldt Hall,Classroom Scheduling,Room reservation sync,DECS-433-0-61 Business Analytics,Auto-closed by scheduling integration.,,20
INC0200087,2025-05-20 12:33:00,2025-05-23 13:58:00,Faculty8552445,,Wieboldt Hall,Lecture Capture,Recording failed / not captured,Scheduled class recording did not start; instructor reports no video in portal.,Corrected room calendar mapping in capture scheduler.,M. Reyes,4405
INC0201015,2025-05-21 05:23:29,2025-05-21 05:50:29,25Live,WIE-246,Wieboldt Hall,Classroom Scheduling,Room reservation sync,MECN-425-0-52 Managerial Economics,Auto-closed by scheduling integration.,,12
INC0201701,2025-05-21 05:36:53,2025-05-21 06:00:53,25Live,WIE-105,Wieboldt Hall,Classroom Scheduling,Room reservation sync,OPNS-430-0-62 Operations Management,Auto-closed by scheduling integration.,,13
INC0201734,2025-05-21 06:26:23,2025-05-21 06:37:23,25Live,WIE-355,Wieboldt Hall,Classroom Scheduling,Room reservation sync,Admissions Information Session,Auto-closed by scheduling integration.,,5
INC0201099,2025-05-21 06:31:43,2025-05-21 06:56:43,25Live,WIE-251,Wieboldt Hall,Classroom Scheduling,Room reservation sync,Leadership Coaching Session,Auto-closed by scheduling integration.,,24
INC0202479,2025-05-21 07:08:35,2025-05-21 07:10:35,25Live,WIE-306,Wieboldt Hall,Classroom Scheduling,Room reservation sync,Executive Education Workshop,Auto-closed by scheduling integration.,,17
INC0200732,2025-05-21 07:13:00,2025-05-21 08:07:00,Student1144267,,Wieboldt Hall,AV Technical Support,No display / HDMI handshake,Guest speaker laptop not detected on wall plate HDMI input.,Replaced worn HDMI cable at podium wall plate.,A. Okafor,54
INC0200269,2025-05-21 08:38:00,2025-05-24 02:20:00,Faculty6644060,,Wieboldt Hall,EQUIPMENT MAINTENANCE & REPAIR,Preventative maintenance,Firmware update window for control devices.,Updated device firmware; verified control and AV paths.,D. Lindqvist,3942
INC0202200,2025-05-22 07:19:15,2025-05-22 07:45:15,25Live,WIE-521,Wieboldt Hall,Classroom Scheduling,Room reservation sync,DECS-433-0-61 Business Analytics,Auto-closed by scheduling integration.,,9
INC0200642,2025-05-22 12:21:00,2025-05-22 12:35:00,Staff2635111,WIE-355,Wieboldt Hall,AV Technical Support,No display / HDMI handshake,HDMI handshake failure after switching from podium PC to laptop.,Power-cycled matrix switcher and re-seated HDMI at podium; signal restored.,R. Calloway,14
INC0200051,2025-05-23 15:26:00,2025-06-13 22:44:00,Student4626106,,Wieboldt Hall,Setup & Configuration,Event / class AV setup,Microphone and projector setup for guest speaker event.,Provided requested microphones; staffed first 15 minutes of event.,T. Nakamura,30678
INC0202122,2025-05-24 06:47:14,2025-05-24 07:00:14,25Live,WIE-355,Wieboldt Hall,Classroom Scheduling,Room reservation sync,MECN-425-0-52 Managerial Economics,Auto-closed by scheduling integration.,,14
INC0200003,2025-05-24 11:02:00,2025-05-24 16:58:00,Staff6025254,WIE-312,Wieboldt Hall,AV Technical Support,Control system / touch panel,'System Starting' hangs indefinitely; room unusable for class.,Hard-reset touch panel via PoE port; control restored.,J. Whitfield,356
INC0200506,2025-05-24 13:25:00,2025-05-24 15:36:00,Student7342448,,Wieboldt Hall,AV Technical Support,No display / HDMI handshake,Instructor laptop connected via HDMI but projector shows 'No Signal'.,Manually forced input on switcher; EDID re-handshake resolved the black screen.,A. Okafor,131
INC0200058,2025-05-25 21:42:00,,Staff4789613,WIE-110,Wieboldt Hall,Consultation,AV consultation / training,New faculty member requests walkthrough of classroom AV system.,,M. Reyes,
INC0202422,2025-05-26 05:40:15,2025-05-26 06:00:15,25Live,WIE-105,Wieboldt Hall,Classroom Scheduling,Room reservation sync,Faculty Meeting,Auto-closed by scheduling integration.,,18
INC0202229,2025-05-26 06:50:03,2025-05-26 07:18:03,25Live,WIE-246,Wieboldt Hall,Classroom Scheduling,Room reservation sync,Executive Education Workshop,Auto-closed by scheduling integration.,,25
INC0200688,2025-05-26 10:56:00,2025-05-30 00:29:00,Faculty5794549,WIE-110,Wieboldt Hall,Lecture Capture,Capture scheduling / setup,Course recordings publishing to wrong folder; permissions need correction.,Created recurring capture schedule; confirmed first recording with instructor.,E. Marsh,5133
INC0201007,2025-05-27 05:07:19,2025-05-27 05:12:19,25Live,WIE-148,Wieboldt Hall,Classroom Scheduling,Room reservation sync,Faculty Meeting,Auto-closed by scheduling integration.,,7
INC0202395,2025-05-27 05:29:53,2025-05-27 05:31:53,25Live,WIE-343,Wieboldt Hall,Classroom Scheduling,Room reservation sync,Leadership Coaching Session,Auto-closed by scheduling integration.,,21
INC0201283,2025-05-27 05:42:58,2025-05-27 06:00:58,25Live,WIE-251,Wieboldt Hall,Classroom Scheduling,Room reservation sync,Leadership Coaching Session,Auto-closed by scheduling integration.,,5
INC0201791,2025-05-27 05:48:37,2025-05-27 05:52:37,25Live,WIE-544,Wieboldt Hall,Classroom Scheduling,Room reservation sync,ACCT-410-0-51 Financial Accounting,Auto-closed by scheduling integration.,,18
INC0201939,2025-05-27 06:43:08,2025-05-27 06:52:08,25Live,WIE-110,Wieboldt Hall,Classroom Scheduling,Room reservation sync,Room Hold — Facilities,Auto-closed by scheduling integration.,,23
INC0201122,2025-05-27 07:06:52,2025-05-27 07:11:52,25Live,WIE-508,Wieboldt Hall,Classroom Scheduling,Room reservation sync,Room Hold — Facilities,Auto-closed by scheduling integration.,,26
INC0200304,2025-05-27 10:54:00,2025-05-27 19:24:00,Faculty6114112,,Wieboldt Hall,AV Technical Support,Audio / microphone,Laptop audio not playing through room speakers.,Corrected audio routing on touch panel; laptop audio restored.,M. Reyes,510
INC0200114,2025-05-27 11:13:00,2025-06-13 21:48:00,Faculty9495237,WIE-343,Wieboldt Hall,Consultation,AV consultation / training,Instructor requests best-practice review for hybrid teaching setup.,Recommended equipment configuration; scheduled follow-up.,S. Patel,25115
INC0200621,2025-05-27 11:22:00,2025-05-27 12:53:00,Staff6226523,,Wieboldt Hall,AV Technical Support,Podium PC / login,Podium PC extremely slow to load PowerPoint.,Re-joined machine to domain; login verified.,M. Reyes,91
INC0200331,2025-05-27 13:49:00,2025-05-27 18:29:00,Student682405,WIE-343,Wieboldt Hall,AV Technical Support,No display / HDMI handshake,Podium PC displays on confidence monitor but projector screen is black.,Power-cycled matrix switcher and re-seated HDMI at podium; signal restored.,A. Okafor,280
INC0200242,2025-05-27 16:35:00,2025-06-06 06:05:00,Staff1606454,WIE-148,Wieboldt Hall,Equipment Maintenance & Repair,Preventative maintenance,Firmware update window for control devices.,Completed PM checklist; all systems nominal.,M. Reyes,13770
INC0200306,2025-05-27 16:36:00,2025-05-28 05:41:00,Faculty9968618,WIE-412,Wieboldt Hall,Webconferencing,Zoom/Teams AV routing,Remote participants cannot hear in-room audio on Zoom call.,Re-seated USB extender at podium; camera re-enumerated in Teams.,M. Reyes,785
INC0201846,2025-05-28 05:50:20,2025-05-28 06:02:20,25Live,WIE-412,Wieboldt Hall,Classroom Scheduling,Room reservation sync,Admissions Information Session,Auto-closed by scheduling integration.,,14
INC0201115,2025-05-28 07:12:26,2025-05-28 07:31:26,25Live,WIE-142,Wieboldt Hall,Classroom Scheduling,Room reservation sync,Faculty Meeting,Auto-closed by scheduling integration.,,27
INC0201934,2025-05-28 07:59:57,2025-05-28 08:04:57,25Live,WIE-343,Wieboldt Hall,Classroom Scheduling,Room reservation sync,MECN-425-0-52 Managerial Economics,Auto-closed by scheduling integration.,,3
INC0200004,2025-05-28 11:05:00,2025-05-28 11:32:00,Faculty6077222,WIE-312,Wieboldt Hall,AV Technical Support,Control system / touch panel,Touch panel frozen on splash screen; no room control available.,Rebooted control processor; panel reconnected after program reload.,M. Reyes,27
INC0200211,2025-05-28 13:39:00,2025-05-28 14:04:00,Student1145093,WIE-312,Wieboldt Hall,AV Technical Support,No display / HDMI handshake,HDMI handshake failure after switching from podium PC to laptop.,Replaced worn HDMI cable at podium wall plate.,M. Reyes,25
INC0201662,2025-05-29 05:21:11,2025-05-29 05:46:11,25Live,WIE-441,Wieboldt Hall,Classroom Scheduling,Room reservation sync,MECN-425-0-52 Managerial Economics,Auto-closed by scheduling integration.,,11
INC0201988,2025-05-29 05:26:56,2025-05-29 05:50:56,25Live,WIE-306,Wieboldt Hall,Classroom Scheduling,Room reservation sync,Leadership Coaching Session,Auto-closed by scheduling integration.,,5
INC0201924,2025-05-29 06:06:44,2025-05-29 06:19:44,25Live,WIE-142,Wieboldt Hall,Classroom Scheduling,Room reservation sync,DECS-433-0-61 Business Analytics,Auto-closed by scheduling integration.,,1
INC0200561,2025-05-29 14:14:00,2025-05-29 19:12:00,Faculty4146585,WIE-142,Wieboldt Hall,AV Technical Support,Podium PC / login,Instructor cannot log in to podium PC with NetID.,Deferred updates to maintenance window; PC available for class.,A. Okafor,298
INC0200040,2025-05-29 14:30:00,2025-05-30 18:39:00,Faculty2076215,WIE-251,Wieboldt Hall,Lecture Capture,Capture scheduling / setup,Course recordings publishing to wrong folder; permissions need correction.,Re-mapped publishing folder and corrected course role permissions.,D. Lindqvist,1689
INC0201429,2025-05-30 05:28:37,2025-05-30 05:50:37,25Live,WIE-412,Wieboldt Hall,Classroom Scheduling,Room reservation sync,OPNS-430-0-62 Operations Management,Auto-closed by scheduling integration.,,12
INC0202508,2025-05-30 06:37:39,2025-05-30 07:03:39,25Live,WIE-521,Wieboldt Hall,Classroom Scheduling,Room reservation sync,STRT-452-0-71 Competitive Strategy,Auto-closed by scheduling integration.,,1
INC0201256,2025-05-30 06:55:18,2025-05-30 07:12:18,25Live,WIE-312,Wieboldt Hall,Classroom Scheduling,Room reservation sync,Room Hold — Facilities,Auto-closed by scheduling integration.,,17
INC0201962,2025-05-30 07:12:40,2025-05-30 07:21:40,25Live,WIE-508,Wieboldt Hall,Classroom Scheduling,Room reservation sync,Executive Education Workshop,Auto-closed by scheduling integration.,,1
INC0200286,2025-05-30 11:34:00,2025-05-31 16:09:00,Faculty7787295,WIE-105 ,Wieboldt Hall,Webconferencing,Zoom/Teams AV routing,Remote participants cannot hear in-room audio on Zoom call.,Selected correct USB bridge as mic/speaker in Zoom; verified with test call.,M. Reyes,1715
INC0200325,2025-05-30 16:28:00,2025-06-11 19:24:00,Faculty8269379,WIE-246 ,Wieboldt Hall,Lecture Capture,Recording failed / not captured,Scheduled class recording did not start; instructor reports no video in portal.,Recovered local backup recording and uploaded to course folder.,M. Reyes,17456
INC0201628,2025-05-31 05:06:32,2025-05-31 05:11:32,25Live,WIE-508,Wieboldt Hall,Classroom Scheduling,Room reservation sync,Faculty Meeting,Auto-closed by scheduling integration.,,16
INC0201504,2025-05-31 05:20:39,2025-05-31 05:23:39,25Live,WIE-148,Wieboldt Hall,Classroom Scheduling,Room reservation sync,MKTG-450-0-61 Brand Strategy,Auto-closed by scheduling integration.,,3
INC0201578,2025-05-31 06:13:57,2025-05-31 06:38:57,25Live,WIE-251,Wieboldt Hall,Classroom Scheduling,Room reservation sync,MKTG-450-0-61 Brand Strategy,Auto-closed by scheduling integration.,,2
INC0201996,2025-05-31 06:17:05,2025-05-31 06:43:05,25Live,WIE-404,Wieboldt Hall,Classroom Scheduling,Room reservation sync,STRT-452-0-71 Competitive Strategy,Auto-closed by scheduling integration.,,28
INC0200969,2025-05-31 06:39:07,,25Live,WIE-355,Wieboldt Hall,Classroom Scheduling,Room reservation sync,ACCT-410-0-51 Financial Accounting,,,
INC0200622,2025-05-31 17:08:00,2025-05-31 22:19:00,Student3808611,WIE-318,Wieboldt Hall,AV Technical Support,Podium PC / login,Podium PC stuck on Windows update at class start.,Deferred updates to maintenance window; PC available for class.,A. Okafor,311
INC0202215,2025-06-01 07:07:34,2025-06-01 07:16:34,25Live,WIE-142,Wieboldt Hall,Classroom Scheduling,Room reservation sync,Faculty Meeting,Auto-closed by scheduling integration.,,8
INC0200515,2025-06-01 16:15:00,2025-06-02 01:11:00,Student7983164,,Wieboldt Hall,Webconferencing,Zoom/Teams AV routing,Remote participants cannot hear in-room audio on Zoom call.,Re-seated USB extender at podium; camera re-enumerated in Teams.,M. Reyes,536
INC0202327,2025-06-02 06:37:53,2025-06-02 06:38:53,25Live,WIE-355,Wieboldt Hall,Classroom Scheduling,Room reservation sync,MECN-425-0-52 Managerial Economics,Auto-closed by scheduling integration.,,8
INC0200088,2025-06-02 11:57:00,2025-06-07 15:46:00,Faculty5827196,WIE-537,Wieboldt Hall,Lecture Capture,Recording failed / not captured,Scheduled class recording did not start; instructor reports no video in portal.,Re-seated audio feed to appliance; levels verified on test recording.,A. Okafor,7429
INC0200733,2025-06-02 18:37:00,2025-06-02 23:38:00,Staff5718442,WIE-355,Wieboldt Hall,AV Technical Support,No display / HDMI handshake,HDMI handshake failure after switching from podium PC to laptop.,Replaced worn HDMI cable at podium wall plate.,M. Reyes,301
INC0200892,2025-06-03 05:01:03,2025-06-03 05:11:03,25Live,WIE-251,Wieboldt Hall,Classroom Scheduling,Room reservation sync,OPNS-430-0-62 Operations Management,Auto-closed by scheduling integration.,,18
INC0201938,2025-06-03 05:08:30,,25Live,WIE-148,Wieboldt Hall,Classroom Scheduling,Room reservation sync,DECS-433-0-61 Business Analytics,,,
INC0202281,2025-06-03 05:37:13,2025-06-03 05:41:13,25Live,WIE-312,Wieboldt Hall,Classroom Scheduling,Room reservation sync,STRT-452-0-71 Competitive Strategy,Auto-closed by scheduling integration.,,19
INC0201794,2025-06-03 05:47:24,2025-06-03 06:08:24,25Live,WIE-343,Wieboldt Hall,Classroom Scheduling,Room reservation sync,Room Hold — Facilities,Auto-closed by scheduling integration.,,13
INC0202473,2025-06-03 05:49:28,2025-06-03 05:54:28,25Live,WIE-455,Wieboldt Hall,Classroom Scheduling,Room reservation sync,Executive Education Workshop,Auto-closed by scheduling integration.,,17
INC0201152,2025-06-03 06:28:16,2025-06-03 06:38:16,25Live,WIE-343,Wieboldt Hall,Classroom Scheduling,Room reservation sync,Room Hold — Facilities,Auto-closed by scheduling integration.,,2
INC0201125,2025-06-03 07:27:25,2025-06-03 07:54:25,25Live,WIE-142,Wieboldt Hall,Classroom Scheduling,Room reservation sync,MORS-470-0-51 Negotiations,Auto-closed by scheduling integration.,,16
INC0200930,2025-06-03 07:28:30,2025-06-03 07:39:30,25Live,WIE-148,Wieboldt Hall,Classroom Scheduling,Room reservation sync,ACCT-410-0-51 Financial Accounting,Auto-closed by scheduling integration.,,10
INC0201498,2025-06-03 07:31:48,2025-06-03 07:46:48,25Live,WIE-455,Wieboldt Hall,Classroom Scheduling,Room reservation sync,FINC-430-0-51 Corporate Finance,Auto-closed by scheduling integration.,,19
INC0202284,2025-06-03 07:38:44,2025-06-03 08:04:44,25Live,WIE-343,Wieboldt Hall,Classroom Scheduling,Room reservation sync,MECN-425-0-52 Managerial Economics,Auto-closed by scheduling integration.,,27
INC0200643,2025-06-03 17:39:00,2025-06-03 19:11:00,Faculty1797188,,Wieboldt Hall,AV Technical Support,No display / HDMI handshake,Projector shows brief image then drops to black screen repeatedly.,Power-cycled matrix switcher and re-seated HDMI at podium; signal restored.,T. Nakamura,92
INC0202348,2025-06-04 06:02:22,2025-06-04 06:07:22,25Live,WIE-352,Wieboldt Hall,Classroom Scheduling,Room reservation sync,Leadership Coaching Session,Auto-closed by scheduling integration.,,16
INC0200945,2025-06-04 06:07:01,,25Live,WIE-205,Wieboldt Hall,Classroom Scheduling,Room reservation sync,Faculty Meeting,,,
INC0200758,2025-06-04 06:12:30,2025-06-04 06:16:30,25Live,WIE-258,Wieboldt Hall,Classroom Scheduling,Room reservation sync,DECS-433-0-61 Business Analytics,Auto-closed by scheduling integration.,,7
INC0200963,2025-06-04 07:40:09,2025-06-04 07:53:09,25Live,WIE-251,Wieboldt Hall,Classroom Scheduling,Room reservation sync,MORS-470-0-51 Negotiations,Auto-closed by scheduling integration.,,26
INC0200307,2025-06-04 14:20:00,2025-06-04 14:29:00,Student8369512,WIE-142,Wieboldt Hall,Lecture Capture,Recording failed / not captured,Scheduled class recording did not start; instructor reports no video in portal.,Restarted capture appliance; verified next scheduled recording completed.,D. Lindqvist,9
INC0202109,2025-06-05 05:07:59,2025-06-05 05:29:59,25Live,WIE-148,Wieboldt Hall,Classroom Scheduling,Room reservation sync,Room Hold — Facilities,Auto-closed by scheduling integration.,,27
INC0201066,2025-06-05 06:37:33,,25Live,WIE-105,Wieboldt Hall,Classroom Scheduling,Room reservation sync,Student Club Panel Event,,,
INC0200954,2025-06-05 07:10:25,2025-06-05 07:31:25,25Live,WIE-251,Wieboldt Hall,Classroom Scheduling,Room reservation sync,ACCT-410-0-51 Financial Accounting,Auto-closed by scheduling integration.,,20
INC0200133,2025-06-05 09:29:00,2025-06-05 10:27:00,Faculty5226167,WIE-355,Wieboldt Hall,AV Technical Support,Input switching failure,Room stuck on document camera input; cannot switch back to podium PC.,Reloaded control program; input switching functional.,D. Lindqvist,58
INC0200562,2025-06-05 11:17:00,2025-06-09 14:41:00,Faculty1687237,,Wieboldt Hall,Lecture Capture,Capture scheduling / setup,Course recordings publishing to wrong folder; permissions need correction.,Created recurring capture schedule; confirmed first recording with instructor.,E. Marsh,5964
INC0202457,2025-06-06 06:31:47,2025-06-06 06:41:47,25Live,WIE-251,Wieboldt Hall,Classroom Scheduling,Room reservation sync,FINC-430-0-51 Corporate Finance,Auto-closed by scheduling integration.,,5
INC0200047,2025-06-06 11:05:00,2025-06-06 12:17:00,Faculty2970648,WIE-142,Wieboldt Hall,AV Technical Support,Podium PC / login,Instructor cannot log in to podium PC with NetID.,Deferred updates to maintenance window; PC available for class.,M. Reyes,72
INC0201143,2025-06-07 05:20:47,2025-06-07 05:43:47,25Live,WIE-246,Wieboldt Hall,Classroom Scheduling,Room reservation sync,OPNS-430-0-62 Operations Management,Auto-closed by scheduling integration.,,25
INC0201375,2025-06-07 05:33:13,2025-06-07 05:54:13,25Live,WIE-251,Wieboldt Hall,Classroom Scheduling,Room reservation sync,Leadership Coaching Session,Auto-closed by scheduling integration.,,24
INC0201692,2025-06-07 06:08:09,2025-06-07 06:15:09,25Live,WIE-312,Wieboldt Hall,Classroom Scheduling,Room reservation sync,STRT-452-0-71 Competitive Strategy,Auto-closed by scheduling integration.,,23
INC0201900,2025-06-07 07:21:34,2025-06-07 07:49:34,25Live,WIE-508,Wieboldt Hall,Classroom Scheduling,Room reservation sync,ACCT-410-0-51 Financial Accounting,Auto-closed by scheduling integration.,,14
INC0200332,2025-06-07 18:34:00,2025-06-08 17:21:00,Staff5269252,,Wieboldt Hall,AV Technical Support,No display / HDMI handshake,Guest speaker laptop not detected on wall plate HDMI input.,Power-cycled matrix switcher and re-seated HDMI at podium; signal restored.,A. Okafor,1367
INC0202295,2025-06-08 05:28:39,2025-06-08 05:37:39,25Live,WIE-258,Wieboldt Hall,Classroom Scheduling,Room reservation sync,Faculty Meeting,Auto-closed by scheduling integration.,,13
INC0202470,2025-06-09 05:12:22,2025-06-09 05:32:22,25Live,WIE-343,Wieboldt Hall,Classroom Scheduling,Room reservation sync,ACCT-410-0-51 Financial Accounting,Auto-closed by scheduling integration.,,2
INC0201392,2025-06-09 05:15:50,2025-06-09 05:34:50,25Live,WIE-412,Wieboldt Hall,Classroom Scheduling,Room reservation sync,Leadership Coaching Session,Auto-closed by scheduling integration.,,7
INC0202253,2025-06-09 05:16:03,2025-06-09 05:39:03,25Live,WIE-343,Wieboldt Hall,Classroom Scheduling,Room reservation sync,ACCT-410-0-51 Financial Accounting,Auto-closed by scheduling integration.,,24
INC0201111,2025-06-09 05:51:33,,25Live,WIE-355,Wieboldt Hall,Classroom Scheduling,Room reservation sync,DECS-433-0-61 Business Analytics,,,
INC0200768,2025-06-09 06:30:41,2025-06-09 06:50:41,25Live,WIE-148,Wieboldt Hall,Classroom Scheduling,Room reservation sync,Faculty Meeting,Auto-closed by scheduling integration.,,24
INC0202168,2025-06-09 06:40:41,2025-06-09 06:46:41,25Live,WIE-343,Wieboldt Hall,Classroom Scheduling,Room reservation sync,OPNS-430-0-62 Operations Management,Auto-closed by scheduling integration.,,17
INC0202399,2025-06-09 07:10:18,,25Live,WIE-142,Wieboldt Hall,Classroom Scheduling,Room reservation sync,ACCT-410-0-51 Financial Accounting,,,
INC0200134,2025-06-09 08:16:00,2025-06-09 20:26:00,Faculty5504110,WIE-355,Wieboldt Hall,AV Technical Support,Input switching failure,Touch panel input selection not changing projector source.,Matrix switcher front-panel override cleared; touch panel control restored.,D. Lindqvist,730
INC0200305,2025-06-09 09:25:00,2025-06-09 09:27:00,Faculty8005608,WIE-544,Wieboldt Hall,AV Technical Support,Audio / microphone,Laptop audio not playing through room speakers.,Reset DSP to default preset; room audio normal.,T. Nakamura,2
INC0200308,2025-06-09 12:08:00,2025-06-09 19:54:00,Faculty8321064,WIE-142,Wieboldt Hall,Lecture Capture,Recording failed / not captured,Capture appliance offline; last three scheduled recordings missing.,Recovered local backup recording and uploaded to course folder.,J. Whitfield,466
INC0200504,2025-06-09 12:16:00,2025-06-13 01:47:00,Faculty275313,WIE-142,Wieboldt Hall,Webconferencing,Camera / PTZ,Auto-tracking camera losing instructor near whiteboard.,Replaced camera; presets rebuilt and tested.,A. Okafor,5131
INC0200541,2025-06-09 16:55:00,2025-06-10 05:42:00,Staff2133597,,Wieboldt Hall,AV Technical Support,No display / HDMI handshake,Podium PC displays on confidence monitor but projector screen is black.,Rebooted control processor; input routing restored after reload.,T. Nakamura,767
INC0200815,2025-06-10 05:09:37,2025-06-10 05:33:37,25Live,WIE-412,Wieboldt Hall,Classroom Scheduling,Room reservation sync,FINC-430-0-51 Corporate Finance,Auto-closed by scheduling integration.,,24
INC0201590,2025-06-10 05:28:43,,25Live,WIE-142,Wieboldt Hall,Classroom Scheduling,Room reservation sync,Student Club Panel Event,,,
INC0202139,2025-06-10 06:21:43,2025-06-10 06:41:43,25Live,WIE-105,Wieboldt Hall,Classroom Scheduling,Room reservation sync,FINC-430-0-51 Corporate Finance,Auto-closed by scheduling integration.,,13
INC0201494,2025-06-10 06:24:31,,25Live,WIE-110,Wieboldt Hall,Classroom Scheduling,Room reservation sync,Admissions Information Session,,,
INC0200833,2025-06-10 06:33:19,,25Live,WIE-343,Wieboldt Hall,Classroom Scheduling,Room reservation sync,Executive Education Workshop,,,
INC0200164,2025-06-10 07:49:00,,Faculty3570169,WIE-355,Wieboldt Hall,Consultation,AV consultation / training,Department asks for guidance on recording equipment for workshop series.,,R. Calloway,
INC0200485,2025-06-10 08:56:00,2025-06-10 14:18:00,Faculty5531197,WIE-355,Wieboldt Hall,AV Technical Support,Input switching failure,Instructor unable to switch between laptop and PC mid-class.,Reloaded control program; input switching functional.,T. Nakamura,322
INC0200147,2025-06-10 11:52:00,2025-06-11 20:58:00,Faculty8144269,WIE-110,Wieboldt Hall,Equipment Maintenance & Repair,Preventative maintenance,Semester-start room readiness verification.,Room verified ready; minor cable management performed.,T. Nakamura,1986
INC0200674,2025-06-10 17:23:00,2025-06-11 03:04:00,Faculty1352458,WIE-110,Wieboldt Hall,Setup & Configuration,Event / class AV setup,Microphone and projector setup for guest speaker event.,Provided requested microphones; staffed first 15 minutes of event.,M. Reyes,581
INC0201372,2025-06-11 05:54:00,,25Live,WIE-312,Wieboldt Hall,Classroom Scheduling,Room reservation sync,MECN-425-0-52 Managerial Economics,,,
INC0201726,2025-06-11 05:57:59,2025-06-11 06:07:59,25Live,WIE-343,Wieboldt Hall,Classroom Scheduling,Room reservation sync,ACCT-410-0-51 Financial Accounting,Auto-closed by scheduling integration.,,23
INC0201971,2025-06-11 06:43:26,2025-06-11 06:46:26,25Live,WIE-105,Wieboldt Hall,Classroom Scheduling,Room reservation sync,Faculty Meeting,Auto-closed by scheduling integration.,,21
INC0201443,2025-06-11 06:48:04,,25Live,WIE-343,Wieboldt Hall,Classroom Scheduling,Room reservation sync,DECS-433-0-61 Business Analytics,,,
INC0200870,2025-06-11 06:56:32,,25Live,WIE-205,Wieboldt Hall,Classroom Scheduling,Room reservation sync,Leadership Coaching Session,,,
INC0200186,2025-06-11 08:29:00,2025-07-14 19:11:00,Faculty3166292,,Wieboldt Hall,Setup & Configuration,Event / class AV setup,Microphone and projector setup for guest speaker event.,Provided requested microphones; staffed first 15 minutes of event.,A. Okafor,48162
INC0200575,2025-06-11 09:03:00,2025-06-11 10:47:00,Staff3775104,,Wieboldt Hall,AV Technical Support,No display / HDMI handshake,Instructor laptop connected via HDMI but projector shows 'No Signal'.,Replaced worn HDMI cable at podium wall plate.,D. Lindqvist,104
INC0200031,2025-06-11 13:03:00,2025-06-11 13:10:00,Staff196327,,Wieboldt Hall,AV Technical Support,Podium PC / login,Instructor cannot log in to podium PC with NetID.,Cleared temp files and restarted; escalated for RAM upgrade.,A. Okafor,7
INC0200785,2025-06-12 05:04:36,2025-06-12 05:07:36,25Live,WIE-343,Wieboldt Hall,Classroom Scheduling,Room reservation sync,Faculty Meeting,Auto-closed by scheduling integration.,,4
INC0201126,2025-06-12 05:19:15,2025-06-12 05:35:15,25Live,WIE-537,Wieboldt Hall,Classroom Scheduling,Room reservation sync,DECS-433-0-61 Business Analytics,Auto-closed by scheduling integration.,,13
INC0202412,2025-06-12 05:24:25,2025-06-12 05:36:25,25Live,WIE-258,Wieboldt Hall,Classroom Scheduling,Room reservation sync,Admissions Information Session,Auto-closed by scheduling integration.,,28
INC0202078,2025-06-12 06:20:58,2025-06-12 06:48:58,25Live,WIE-312,Wieboldt Hall,Classroom Scheduling,Room reservation sync,Admissions Information Session,Auto-closed by scheduling integration.,,5
INC0201268,2025-06-12 06:31:16,2025-06-12 06:55:16,25Live,WIE-205,Wieboldt Hall,Classroom Scheduling,Room reservation sync,Admissions Information Session,Auto-closed by scheduling integration.,,4
INC0202204,2025-06-12 06:53:37,2025-06-12 07:13:37,25Live,WIE-251,Wieboldt Hall,Classroom Scheduling,Room reservation sync,Admissions Information Session,Auto-closed by scheduling integration.,,7
INC0200505,2025-06-12 15:29:00,2025-06-15 01:51:00,Staff7271553,,Wieboldt Hall,Webconferencing,Camera / PTZ,PTZ camera not responding to touch panel presets.,Recalibrated auto-tracking zones; verified during live class.,T. Nakamura,3502
INC0201557,2025-06-13 05:07:29,2025-06-13 05:23:29,25Live,WIE-312,Wieboldt Hall,Classroom Scheduling,Room reservation sync,Student Club Panel Event,Auto-closed by scheduling integration.,,3
INC0201786,2025-06-13 05:32:01,2025-06-13 05:53:01,25Live,WIE-355,Wieboldt Hall,Classroom Scheduling,Room reservation sync,OPNS-430-0-62 Operations Management,Auto-closed by scheduling integration.,,4
INC0202275,2025-06-13 05:39:32,2025-06-13 06:05:32,25Live,WIE-306,Wieboldt Hall,Classroom Scheduling,Room reservation sync,Executive Education Workshop,Auto-closed by scheduling integration.,,10
INC0200965,2025-06-14 05:25:10,2025-06-14 05:35:10,25Live,WIE-251,Wieboldt Hall,Classroom Scheduling,Room reservation sync,Room Hold — Facilities,Auto-closed by scheduling integration.,,18
INC0202195,2025-06-14 05:36:59,2025-06-14 05:52:59,25Live,WIE-251,Wieboldt Hall,Classroom Scheduling,Room reservation sync,MORS-470-0-51 Negotiations,Auto-closed by scheduling integration.,,20
INC0201417,2025-06-14 05:42:20,2025-06-14 05:47:20,25Live,WIE-251,Wieboldt Hall,Classroom Scheduling,Room reservation sync,ACCT-410-0-51 Financial Accounting,Auto-closed by scheduling integration.,,13
INC0202073,2025-06-14 05:45:43,,25Live,WIE-343,Wieboldt Hall,Classroom Scheduling,Room reservation sync,Room Hold — Facilities,,,
INC0201035,2025-06-14 06:30:02,2025-06-14 06:41:02,25Live,WIE-355,Wieboldt Hall,Classroom Scheduling,Room reservation sync,Faculty Meeting,Auto-closed by scheduling integration.,,23
INC0201602,2025-06-14 06:57:11,2025-06-14 07:15:11,25Live,WIE-544,Wieboldt Hall,Classroom Scheduling,Room reservation sync,Faculty Meeting,Auto-closed by scheduling integration.,,25
INC0200924,2025-06-14 07:42:24,2025-06-14 07:59:24,25Live,WIE-251,Wieboldt Hall,Classroom Scheduling,Room reservation sync,DECS-433-0-61 Business Analytics,Auto-closed by scheduling integration.,,1
INC0202366,2025-06-14 07:57:10,2025-06-14 08:00:10,25Live,WIE-312,Wieboldt Hall,Classroom Scheduling,Room reservation sync,MKTG-450-0-61 Brand Strategy,Auto-closed by scheduling integration.,,13
INC0200563,2025-06-14 17:21:00,2025-06-14 22:43:00,Staff4621293,WIE-142,Wieboldt Hall,Lecture Capture,Capture scheduling / setup,Instructor requests recurring recording schedule for spring course.,Re-mapped publishing folder and corrected course role permissions.,M. Reyes,322
INC0201515,2025-06-16 05:12:54,,25Live,WIE-148,Wieboldt Hall,Classroom Scheduling,Room reservation sync,MECN-425-0-52 Managerial Economics,,,
INC0201259,2025-06-16 05:40:03,2025-06-16 06:08:03,25Live,WIE-205,Wieboldt Hall,Classroom Scheduling,Room reservation sync,STRT-452-0-71 Competitive Strategy,Auto-closed by scheduling integration.,,7
INC0201370,2025-06-16 06:23:50,2025-06-16 06:51:50,25Live,WIE-105,Wieboldt Hall,Classroom Scheduling,Room reservation sync,Student Club Panel Event,Auto-closed by scheduling integration.,,27
INC0201435,2025-06-17 05:05:12,,25Live,WIE-142,Wieboldt Hall,Classroom Scheduling,Room reservation sync,DECS-433-0-61 Business Analytics,,,
INC0200856,2025-06-17 05:08:58,,25Live,WIE-251,Wieboldt Hall,Classroom Scheduling,Room reservation sync,Student Club Panel Event,,,
INC0201898,2025-06-17 05:11:33,2025-06-17 05:14:33,25Live,WIE-355,Wieboldt Hall,Classroom Scheduling,Room reservation sync,ACCT-410-0-51 Financial Accounting,Auto-closed by scheduling integration.,,9
INC0200750,2025-06-17 05:14:09,2025-06-17 05:23:09,25Live,WIE-455,Wieboldt Hall,Classroom Scheduling,Room reservation sync,Student Club Panel Event,Auto-closed by scheduling integration.,,26
INC0201030,2025-06-17 05:19:27,2025-06-17 05:39:27,25Live,WIE-110,Wieboldt Hall,Classroom Scheduling,Room reservation sync,DECS-433-0-61 Business Analytics,Auto-closed by scheduling integration.,,21
INC0201082,2025-06-17 05:32:39,2025-06-17 05:45:39,25Live,WIE-404,Wieboldt Hall,Classroom Scheduling,Room reservation sync,Admissions Information Session,Auto-closed by scheduling integration.,,7
INC0201661,2025-06-17 05:34:44,2025-06-17 05:35:44,25Live,WIE-142,Wieboldt Hall,Classroom Scheduling,Room reservation sync,Room Hold — Facilities,Auto-closed by scheduling integration.,,20
INC0202461,2025-06-17 05:42:58,2025-06-17 05:55:58,25Live,WIE-205,Wieboldt Hall,Classroom Scheduling,Room reservation sync,OPNS-430-0-62 Operations Management,Auto-closed by scheduling integration.,,25
INC0201673,2025-06-17 06:09:14,2025-06-17 06:38:14,25Live,WIE-355,Wieboldt Hall,Classroom Scheduling,Room reservation sync,DECS-433-0-61 Business Analytics,Auto-closed by scheduling integration.,,5
INC0201413,2025-06-17 06:33:48,2025-06-17 06:48:48,25Live,WIE-251,Wieboldt Hall,Classroom Scheduling,Room reservation sync,STRT-452-0-71 Competitive Strategy,Auto-closed by scheduling integration.,,20
INC0201868,2025-06-17 06:36:37,,25Live,WIE-521,Wieboldt Hall,Classroom Scheduling,Room reservation sync,FINC-430-0-51 Corporate Finance,,,
INC0200225,2025-06-17 09:25:00,2025-07-08 13:53:00,Student2271133,WIE-246,Wieboldt Hall,Lecture Capture,Recording failed / not captured,Scheduled class recording did not start; instructor reports no video in portal.,Re-seated audio feed to appliance; levels verified on test recording.,K. Duval,30508
INC0200626,2025-06-17 17:48:00,2025-06-17 19:39:00,Faculty6057111,WIE-355,Wieboldt Hall,AV Technical Support,Podium PC / login,Instructor cannot log in to podium PC with NetID.,Re-joined machine to domain; login verified.,D. Lindqvist,111
INC0200486,2025-06-17 18:00:00,2025-06-17 19:27:00,Faculty5996538,WIE-355,Wieboldt Hall,AV Technical Support,Input switching failure,Touch panel input selection not changing projector source.,Reloaded control program; input switching functional.,A. Okafor,87
INC0200039,2025-06-17 18:44:00,2025-06-18 02:59:00,Student8141410,WIE-251,Wieboldt Hall,Equipment Maintenance & Repair,Projector lamp / image quality,"Projector filter warning on startup, image flickering.",Replaced projector lamp; brightness restored.,R. Calloway,495
INC0200441,2025-06-17 19:51:00,2025-06-24 06:51:00,Staff195442,WIE-312,Wieboldt Hall,Equipment Maintenance & Repair,Preventative maintenance,Firmware update window for control devices.,Room verified ready; minor cable management performed.,A. Okafor,9300
INC0200875,2025-06-18 05:22:11,2025-06-18 05:45:11,25Live,WIE-251,Wieboldt Hall,Classroom Scheduling,Room reservation sync,ACCT-410-0-51 Financial Accounting,Auto-closed by scheduling integration.,,16
INC0201187,2025-06-18 05:37:26,2025-06-18 05:56:26,25Live,WIE-105,Wieboldt Hall,Classroom Scheduling,Room reservation sync,STRT-452-0-71 Competitive Strategy,Auto-closed by scheduling integration.,,20
INC0201827,2025-06-18 05:37:34,2025-06-18 06:03:34,25Live,WIE-455,Wieboldt Hall,Classroom Scheduling,Room reservation sync,MORS-470-0-51 Negotiations,Auto-closed by scheduling integration.,,10
INC0201972,2025-06-18 05:42:55,2025-06-18 06:11:55,25Live,WIE-521,Wieboldt Hall,Classroom Scheduling,Room reservation sync,FINC-430-0-51 Corporate Finance,Auto-closed by scheduling integration.,,2
INC0200748,2025-06-18 05:54:32,2025-06-18 06:05:32,25Live,WIE-251,Wieboldt Hall,Classroom Scheduling,Room reservation sync,MORS-470-0-51 Negotiations,Auto-closed by scheduling integration.,,28
INC0201312,2025-06-18 06:05:47,2025-06-18 06:33:47,25Live,WIE-110,Wieboldt Hall,Classroom Scheduling,Room reservation sync,Executive Education Workshop,Auto-closed by scheduling integration.,,27
INC0200880,2025-06-18 07:58:09,2025-06-18 08:18:09,25Live,WIE-251,Wieboldt Hall,Classroom Scheduling,Room reservation sync,MECN-425-0-52 Managerial Economics,Auto-closed by scheduling integration.,,29
INC0200576,2025-06-18 10:18:00,2025-06-20 06:58:00,Student2878093,WIE-312,Wieboldt Hall,AV Technical Support,No display / HDMI handshake,Instructor laptop connected via HDMI but projector shows 'No Signal'.,Manually forced input on switcher; EDID re-handshake resolved the black screen.,A. Okafor,2680
INC0200209,2025-06-18 17:16:00,2025-06-18 18:57:00,Staff3726630,,Wieboldt Hall,AV Technical Support,Podium PC / login,Podium PC extremely slow to load PowerPoint.,Re-joined machine to domain; login verified.,J. Whitfield,101
INC0200135,2025-06-18 19:21:00,2025-06-18 22:07:00,Faculty5870623,WIE-355,Wieboldt Hall,AV Technical Support,Input switching failure,Touch panel input selection not changing projector source.,Reloaded control program; input switching functional.,J. Whitfield,166
INC0201562,2025-06-19 05:31:53,,25Live,WIE-318,Wieboldt Hall,Classroom Scheduling,Room reservation sync,MORS-470-0-51 Negotiations,,,
INC0201968,2025-06-19 07:31:16,2025-06-19 07:54:16,25Live,WIE-142,Wieboldt Hall,Classroom Scheduling,Room reservation sync,MECN-425-0-52 Managerial Economics,Auto-closed by scheduling integration.,,15
INC0200102,2025-06-19 19:57:00,2025-08-12 21:04:00,Faculty1630511,WIE-355,Wieboldt Hall,Webconferencing,Camera / PTZ,Camera image degraded; colors washed out on far end.,Restored camera presets from backup; tracking verified.,M. Reyes,77827
INC0202203,2025-06-20 05:05:48,2025-06-20 05:24:48,25Live,WIE-544,Wieboldt Hall,Classroom Scheduling,Room reservation sync,MECN-425-0-52 Managerial Economics,Auto-closed by scheduling integration.,,2
INC0201914,2025-06-20 06:40:55,2025-06-20 06:54:55,25Live,WIE-455,Wieboldt Hall,Classroom Scheduling,Room reservation sync,MECN-425-0-52 Managerial Economics,Auto-closed by scheduling integration.,,18
INC0201981,2025-06-20 07:05:31,2025-06-20 07:19:31,25Live,WIE-343,Wieboldt Hall,Classroom Scheduling,Room reservation sync,MECN-425-0-52 Managerial Economics,Auto-closed by scheduling integration.,,11
INC0201681,2025-06-21 05:49:25,2025-06-21 05:55:25,25Live,WIE-148,Wieboldt Hall,Classroom Scheduling,Room reservation sync,FINC-430-0-51 Corporate Finance,Auto-closed by scheduling integration.,,20
INC0202245,2025-06-21 05:56:53,2025-06-21 06:24:53,25Live,WIE-355,Wieboldt Hall,Classroom Scheduling,Room reservation sync,OPNS-430-0-62 Operations Management,Auto-closed by scheduling integration.,,13
INC0201512,2025-06-21 07:10:23,2025-06-21 07:19:23,25Live,WIE-312,Wieboldt Hall,Classroom Scheduling,Room reservation sync,MECN-425-0-52 Managerial Economics,Auto-closed by scheduling integration.,,10
INC0201107,2025-06-21 07:56:41,2025-06-21 08:24:41,25Live,WIE-355,Wieboldt Hall,Classroom Scheduling,Room reservation sync,Admissions Information Session,Auto-closed by scheduling integration.,,10
INC0200487,2025-06-21 16:21:00,2025-06-21 22:51:00,Faculty443211,WIE-355,Wieboldt Hall,AV Technical Support,Input switching failure,Instructor unable to switch between laptop and PC mid-class.,Reloaded control program; input switching functional.,M. Reyes,390
INC0201084,2025-06-23 05:45:18,2025-06-23 06:14:18,25Live,WIE-251,Wieboldt Hall,Classroom Scheduling,Room reservation sync,Admissions Information Session,Auto-closed by scheduling integration.,,29
INC0202177,2025-06-23 06:28:31,2025-06-23 06:36:31,25Live,WIE-251,Wieboldt Hall,Classroom Scheduling,Room reservation sync,ACCT-410-0-51 Financial Accounting,Auto-closed by scheduling integration.,,23
INC0201720,2025-06-23 06:30:12,2025-06-23 06:32:12,25Live,WIE-355,Wieboldt Hall,Classroom Scheduling,Room reservation sync,MORS-470-0-51 Negotiations,Auto-closed by scheduling integration.,,9
INC0201683,2025-06-23 07:42:43,2025-06-23 07:49:43,25Live,WIE-521,Wieboldt Hall,Classroom Scheduling,Room reservation sync,MECN-425-0-52 Managerial Economics,Auto-closed by scheduling integration.,,6
INC0200593,2025-06-23 09:45:00,2025-06-23 11:06:00,Faculty8099096,WIE-142,Wieboldt Hall,Lecture Capture,Recording failed / not captured,Scheduled class recording did not start; instructor reports no video in portal.,Re-seated audio feed to appliance; levels verified on test recording.,J. Whitfield,81
INC0200637,2025-06-23 17:03:00,2025-06-23 17:39:00,Student9688169,WIE-105,Wieboldt Hall,AV Technical Support,No display / HDMI handshake,Instructor laptop connected via HDMI but projector shows 'No Signal'.,Manually forced input on switcher; EDID re-handshake resolved the black screen.,M. Reyes,36
INC0200096,2025-06-23 22:17:00,2025-10-05 14:39:00,Faculty2721441,,Wieboldt Hall,Equipment Maintenance & Repair,Preventative maintenance,Quarterly AV preventative maintenance check.,Completed PM checklist; all systems nominal.,S. Patel,149302
INC0201737,2025-06-24 05:07:13,2025-06-24 05:31:13,25Live,WIE-246,Wieboldt Hall,Classroom Scheduling,Room reservation sync,OPNS-430-0-62 Operations Management,Auto-closed by scheduling integration.,,28
INC0201686,2025-06-24 05:27:27,2025-06-24 05:30:27,25Live,WIE-251,Wieboldt Hall,Classroom Scheduling,Room reservation sync,FINC-430-0-51 Corporate Finance,Auto-closed by scheduling integration.,,16
INC0201738,2025-06-24 06:25:12,2025-06-24 06:36:12,25Live,WIE-355,Wieboldt Hall,Classroom Scheduling,Room reservation sync,Executive Education Workshop,Auto-closed by scheduling integration.,,22
INC0202316,2025-06-24 06:48:08,2025-06-24 06:59:08,25Live,WIE-521,Wieboldt Hall,Classroom Scheduling,Room reservation sync,Admissions Information Session,Auto-closed by scheduling integration.,,27
INC0200684,2025-06-24 09:50:00,2025-06-25 00:03:00,Student728582,WIE-246,Wieboldt Hall,AV Technical Support,Audio / microphone,Program audio works but mic audio not reinforced in room.,Reset DSP to default preset; room audio normal.,A. Okafor,853
INC0200640,2025-06-24 13:26:00,2025-06-28 00:26:00,Staff4075259,WIE-205,Wieboldt Hall,Lecture Capture,Recording failed / not captured,Recording stopped 20 minutes into class; remainder not captured.,Restarted capture appliance; verified next scheduled recording completed.,D. Lindqvist,4980
INC0200638,2025-06-24 19:15:00,2025-06-25 03:37:00,Staff4380315,WIE-105,Wieboldt Hall,AV Technical Support,No display / HDMI handshake,HDMI handshake failure after switching from podium PC to laptop.,Replaced worn HDMI cable at podium wall plate.,A. Okafor,502
INC0202032,2025-06-25 05:01:29,,25Live,WIE-251,Wieboldt Hall,Classroom Scheduling,Room reservation sync,Leadership Coaching Session,,,
INC0202300,2025-06-25 05:06:11,2025-06-25 05:15:11,25Live,WIE-258,Wieboldt Hall,Classroom Scheduling,Room reservation sync,ACCT-410-0-51 Financial Accounting,Auto-closed by scheduling integration.,,1
INC0201856,2025-06-25 05:28:55,2025-06-25 05:45:55,25Live,WIE-148,Wieboldt Hall,Classroom Scheduling,Room reservation sync,Room Hold — Facilities,Auto-closed by scheduling integration.,,24
INC0201990,2025-06-25 06:11:01,2025-06-25 06:24:01,25Live,WIE-355,Wieboldt Hall,Classroom Scheduling,Room reservation sync,ACCT-410-0-51 Financial Accounting,Auto-closed by scheduling integration.,,26
INC0202355,2025-06-25 06:16:26,2025-06-25 06:32:26,25Live,WIE-148,Wieboldt Hall,Classroom Scheduling,Room reservation sync,ACCT-410-0-51 Financial Accounting,Auto-closed by scheduling integration.,,1
INC0201136,2025-06-25 06:18:41,2025-06-25 06:41:41,25Live,WIE-306,Wieboldt Hall,Classroom Scheduling,Room reservation sync,MORS-470-0-51 Negotiations,Auto-closed by scheduling integration.,,26
INC0200493,2025-06-25 09:53:00,2025-07-25 16:39:00,Faculty9046287,WIE-343,Wieboldt Hall,Lecture Capture,Capture scheduling / setup,Instructor requests recurring recording schedule for spring course.,Created recurring capture schedule; confirmed first recording with instructor.,D. Lindqvist,43606
INC0202475,2025-06-26 05:02:38,2025-06-26 05:27:38,25Live,WIE-455,Wieboldt Hall,Classroom Scheduling,Room reservation sync,STRT-452-0-71 Competitive Strategy,Auto-closed by scheduling integration.,,1
INC0201659,2025-06-26 05:23:36,2025-06-26 05:39:36,25Live,WIE-455,Wieboldt Hall,Classroom Scheduling,Room reservation sync,ACCT-410-0-51 Financial Accounting,Auto-closed by scheduling integration.,,13
INC0201366,2025-06-26 05:32:33,2025-06-26 05:50:33,25Live,WIE-142,Wieboldt Hall,Classroom Scheduling,Room reservation sync,OPNS-430-0-62 Operations Management,Auto-closed by scheduling integration.,,13
INC0201586,2025-06-26 06:22:05,2025-06-26 06:34:05,25Live,WIE-142,Wieboldt Hall,Classroom Scheduling,Room reservation sync,MECN-425-0-52 Managerial Economics,Auto-closed by scheduling integration.,,7
INC0201347,2025-06-26 07:24:46,2025-06-26 07:44:46,25Live,WIE-412,Wieboldt Hall,Classroom Scheduling,Room reservation sync,DECS-433-0-61 Business Analytics,Auto-closed by scheduling integration.,,19
INC0202033,2025-06-27 07:48:41,2025-06-27 08:04:41,25Live,WIE-312,Wieboldt Hall,Classroom Scheduling,Room reservation sync,Executive Education Workshop,Auto-closed by scheduling integration.,,25
INC0202098,2025-06-27 07:55:49,2025-06-27 08:16:49,25Live,WIE-258,Wieboldt Hall,Classroom Scheduling,Room reservation sync,Student Club Panel Event,Auto-closed by scheduling integration.,,12
INC0202233,2025-06-28 07:08:47,,25Live,WIE-441,Wieboldt Hall,Classroom Scheduling,Room reservation sync,Leadership Coaching Session,,,
INC0200594,2025-06-28 12:39:00,2025-07-02 11:14:00,Faculty6869288,WIE-142,Wieboldt Hall,Lecture Capture,Recording failed / not captured,Capture appliance offline; last three scheduled recordings missing.,Corrected room calendar mapping in capture scheduler.,R. Calloway,5675
INC0201290,2025-06-30 05:36:15,2025-06-30 05:41:15,25Live,WIE-105,Wieboldt Hall,Classroom Scheduling,Room reservation sync,MKTG-450-0-61 Brand Strategy,Auto-closed by scheduling integration.,,10
INC0201243,2025-06-30 07:50:36,2025-06-30 08:03:36,25Live,WIE-148,Wieboldt Hall,Classroom Scheduling,Room reservation sync,Leadership Coaching Session,Auto-closed by scheduling integration.,,23
INC0200172,2025-06-30 15:48:00,2025-07-07 12:12:00,Faculty8400662,,Wieboldt Hall,Lecture Capture,Capture scheduling / setup,One-time recording request for guest lecture.,Created recurring capture schedule; confirmed first recording with instructor.,D. Lindqvist,9864
INC0200148,2025-06-30 19:12:00,2025-07-01 04:18:00,Student4873170,WIE-343,Wieboldt Hall,Equipment Maintenance & Repair,Projector lamp / image quality,"Yellow tint on projected image, worse on left side.",Scheduled projector replacement; loaner cart provided in interim.,D. Lindqvist,546
INC0201275,2025-07-01 05:50:21,2025-07-01 05:58:21,25Live,WIE-142,Wieboldt Hall,Classroom Scheduling,Room reservation sync,MORS-470-0-51 Negotiations,Auto-closed by scheduling integration.,,14
INC0201549,2025-07-01 06:12:27,2025-07-01 06:26:27,25Live,WIE-110,Wieboldt Hall,Classroom Scheduling,Room reservation sync,ACCT-410-0-51 Financial Accounting,Auto-closed by scheduling integration.,,18
INC0200943,2025-07-01 06:50:27,2025-07-01 07:04:27,25Live,WIE-355,Wieboldt Hall,Classroom Scheduling,Room reservation sync,MECN-425-0-52 Managerial Economics,Auto-closed by scheduling integration.,,12
INC0202530,2025-07-02 05:19:26,,25Live,WIE-343,Wieboldt Hall,Classroom Scheduling,Room reservation sync,FINC-430-0-51 Corporate Finance,,,
INC0202519,2025-07-02 05:31:05,2025-07-02 05:34:05,25Live,WIE-148,Wieboldt Hall,Classroom Scheduling,Room reservation sync,MECN-425-0-52 Managerial Economics,Auto-closed by scheduling integration.,,20
INC0202452,2025-07-03 05:55:27,2025-07-03 06:02:27,25Live,WIE-352,Wieboldt Hall,Classroom Scheduling,Room reservation sync,STRT-452-0-71 Competitive Strategy,Auto-closed by scheduling integration.,,18
INC0200641,2025-07-03 18:03:00,2025-07-05 04:22:00,Student7640640,,Wieboldt Hall,Lecture Capture,Recording failed / not captured,Scheduled class recording did not start; instructor reports no video in portal.,Restarted capture appliance; verified next scheduled recording completed.,A. Okafor,2059
INC0200685,2025-07-06 13:12:00,2025-07-06 20:28:00,Student230046,WIE-246,Wieboldt Hall,AV Technical Support,Audio / microphone,Laptop audio not playing through room speakers.,Corrected audio routing on touch panel; laptop audio restored.,D. Lindqvist,436
INC0202335,2025-07-07 07:48:45,2025-07-07 08:09:45,25Live,WIE-110,Wieboldt Hall,Classroom Scheduling,Room reservation sync,MORS-470-0-51 Negotiations,Auto-closed by scheduling integration.,,27
INC0202043,2025-07-08 05:00:22,,25Live,WIE-355,Wieboldt Hall,Classroom Scheduling,Room reservation sync,Leadership Coaching Session,,,
INC0200525,2025-07-08 18:20:00,2025-10-13 03:19:00,Faculty150653,WIE-355,Wieboldt Hall,AV Technical Support,Audio / microphone,Program audio works but mic audio not reinforced in room.,Reset DSP to default preset; room audio normal.,T. Nakamura,138779
INC0201663,2025-07-09 05:19:54,2025-07-09 05:34:54,25Live,WIE-306,Wieboldt Hall,Classroom Scheduling,Room reservation sync,Room Hold — Facilities,Auto-closed by scheduling integration.,,8
INC0201016,2025-07-09 06:09:20,2025-07-09 06:33:20,25Live,WIE-148,Wieboldt Hall,Classroom Scheduling,Room reservation sync,MORS-470-0-51 Negotiations,Auto-closed by scheduling integration.,,6
INC0202080,2025-07-10 05:58:00,2025-07-10 06:11:00,25Live,WIE-343,Wieboldt Hall,Classroom Scheduling,Room reservation sync,Faculty Meeting,Auto-closed by scheduling integration.,,28
INC0201049,2025-07-10 06:00:07,2025-07-10 06:17:07,25Live,WIE-355,Wieboldt Hall,Classroom Scheduling,Room reservation sync,Admissions Information Session,Auto-closed by scheduling integration.,,17
INC0200617,2025-07-10 16:07:00,2025-07-13 00:56:00,Faculty6417444,WIE-142,Wieboldt Hall,Lecture Capture,Capture scheduling / setup,One-time recording request for guest lecture.,Re-mapped publishing folder and corrected course role permissions.,A. Okafor,3409
INC0201017,2025-07-11 07:49:18,2025-07-11 07:54:18,25Live,WIE-110,Wieboldt Hall,Classroom Scheduling,Room reservation sync,Faculty Meeting,Auto-closed by scheduling integration.,,29
INC0201373,2025-07-12 05:41:56,,25Live,WIE-306,Wieboldt Hall,Classroom Scheduling,Room reservation sync,STRT-452-0-71 Competitive Strategy,,,
INC0202362,2025-07-13 06:40:47,2025-07-13 06:49:47,25Live,WIE-544,Wieboldt Hall,Classroom Scheduling,Room reservation sync,Admissions Information Session,Auto-closed by scheduling integration.,,14
INC0200149,2025-07-13 12:31:00,2025-08-01 18:38:00,Staff1311662,,Wieboldt Hall,Equipment Maintenance & Repair,Projector lamp / image quality,"Projector filter warning on startup, image flickering.",Scheduled projector replacement; loaner cart provided in interim.,D. Lindqvist,27727
INC0201024,2025-07-14 07:33:42,2025-07-14 08:00:42,25Live,WIE-318,Wieboldt Hall,Classroom Scheduling,Room reservation sync,Admissions Information Session,Auto-closed by scheduling integration.,,12
INC0201103,2025-07-15 05:12:48,2025-07-15 05:13:48,25Live,WIE-355,Wieboldt Hall,Classroom Scheduling,Room reservation sync,Faculty Meeting,Auto-closed by scheduling integration.,,21
INC0200970,2025-07-15 06:08:23,2025-07-15 06:27:23,25Live,WIE-355,Wieboldt Hall,Classroom Scheduling,Room reservation sync,MKTG-450-0-61 Brand Strategy,Auto-closed by scheduling integration.,,1
INC0201603,2025-07-15 06:09:02,2025-07-15 06:21:02,25Live,WIE-343,Wieboldt Hall,Classroom Scheduling,Room reservation sync,FINC-430-0-51 Corporate Finance,Auto-closed by scheduling integration.,,2
INC0200517,2025-07-17 14:04:00,2025-07-17 14:15:00,Faculty6231439,,Wieboldt Hall,AV Technical Support,Control system / touch panel,"Control panel unresponsive to touch, backlight on.",Hard-reset touch panel via PoE port; control restored.,M. Reyes,11
INC0200220,2025-07-17 15:49:00,,Staff2124376,WIE-246 ,Wieboldt Hall,Equipment Maintenance & Repair,Cabling / connectors,"Wall plate faceplate loose, cable strain on connector.",,D. Lindqvist,
INC0200126,2025-07-18 15:42:00,2025-08-11 00:09:00,Faculty3748420,,Wieboldt Hall,Setup & Configuration,Event / class AV setup,AV setup requested for admissions information session.,Provided requested microphones; staffed first 15 minutes of event.,R. Calloway,33627
INC0201319,2025-07-19 05:28:04,2025-07-19 05:57:04,25Live,WIE-521,Wieboldt Hall,Classroom Scheduling,Room reservation sync,ACCT-410-0-51 Financial Accounting,Auto-closed by scheduling integration.,,10
INC0200842,2025-07-19 06:59:42,,25Live,WIE-318,Wieboldt Hall,Classroom Scheduling,Room reservation sync,MKTG-450-0-61 Brand Strategy,,,
INC0201331,2025-07-20 05:42:53,2025-07-20 05:48:53,25Live,WIE-258,Wieboldt Hall,Classroom Scheduling,Room reservation sync,Executive Education Workshop,Auto-closed by scheduling integration.,,12
INC0201469,2025-07-22 05:59:29,2025-07-22 06:18:29,25Live,WIE-355,Wieboldt Hall,Classroom Scheduling,Room reservation sync,Faculty Meeting,Auto-closed by scheduling integration.,,22
INC0201608,2025-07-22 07:10:21,,25Live,WIE-105,Wieboldt Hall,Classroom Scheduling,Room reservation sync,MECN-425-0-52 Managerial Economics,,,
INC0202183,2025-07-22 07:58:56,2025-07-22 08:18:56,25Live,WIE-412,Wieboldt Hall,Classroom Scheduling,Room reservation sync,MECN-425-0-52 Managerial Economics,Auto-closed by scheduling integration.,,19
INC0202373,2025-07-23 05:27:04,,25Live,WIE-110,Wieboldt Hall,Classroom Scheduling,Room reservation sync,OPNS-430-0-62 Operations Management,,,
INC0201241,2025-07-23 06:05:23,2025-07-23 06:29:23,25Live,WIE-404,Wieboldt Hall,Classroom Scheduling,Room reservation sync,Leadership Coaching Session,Auto-closed by scheduling integration.,,5
INC0201716,2025-07-24 07:36:40,2025-07-24 07:51:40,25Live,WIE-105,Wieboldt Hall,Classroom Scheduling,Room reservation sync,ACCT-410-0-51 Financial Accounting,Auto-closed by scheduling integration.,,16
INC0202406,2025-07-25 07:50:13,2025-07-25 07:56:13,25Live,WIE-251,Wieboldt Hall,Classroom Scheduling,Room reservation sync,Admissions Information Session,Auto-closed by scheduling integration.,,9
INC0200328,2025-07-25 09:27:00,2025-07-29 17:31:00,Faculty1890495,WIE-343,Wieboldt Hall,AV Technical Support,Control system / touch panel,'System Starting' hangs indefinitely; room unusable for class.,Rebooted control processor; panel reconnected after program reload.,R. Calloway,6244
INC0201081,2025-07-29 06:17:13,2025-07-29 06:46:13,25Live,WIE-110,Wieboldt Hall,Classroom Scheduling,Room reservation sync,MORS-470-0-51 Negotiations,Auto-closed by scheduling integration.,,26
INC0200942,2025-07-29 07:24:24,2025-07-29 07:26:24,25Live,WIE-142,Wieboldt Hall,Classroom Scheduling,Room reservation sync,ACCT-410-0-51 Financial Accounting,Auto-closed by scheduling integration.,,23
INC0200248,2025-07-30 17:01:00,2025-08-01 00:12:00,Faculty6213571,,Wieboldt Hall,Setup & Configuration,Event / class AV setup,AV setup requested for admissions information session.,Configured room for panel format; struck equipment after event.,D. Lindqvist,1871
INC0201774,2025-08-02 07:58:12,2025-08-02 08:22:12,25Live,WIE-404,Wieboldt Hall,Classroom Scheduling,Room reservation sync,Student Club Panel Event,Auto-closed by scheduling integration.,,18
INC0200619,2025-08-04 14:18:00,2025-08-04 14:59:00,Faculty8742043,WIE-251,Wieboldt Hall,AV Technical Support,Audio / microphone,Lavalier mic cutting out intermittently during lecture.,Replaced batteries in bodypack; instructed on charging dock use.,A. Okafor,41
INC0200620,2025-08-04 14:23:00,2025-08-04 14:29:00,Faculty8742043,WIE-251,Wieboldt Hall,AV Technical Support,Audio / microphone,Lavalier mic cutting out intermittently during lecture.,Duplicate of earlier ticket; closed.,A. Okafor,6
INC0201313,2025-08-06 05:10:36,2025-08-06 05:33:36,25Live,WIE-312,Wieboldt Hall,Classroom Scheduling,Room reservation sync,MKTG-450-0-61 Brand Strategy,Auto-closed by scheduling integration.,,25
INC0200518,2025-08-06 11:37:00,,Faculty5811648,WIE-355,Wieboldt Hall,Equipment Maintenance & Repair,Projector lamp / image quality,"Yellow tint on projected image, worse on left side.",,A. Okafor,
INC0200347,2025-08-07 19:53:00,2025-08-11 12:57:00,Faculty8074127,,Wieboldt Hall,AV Technical Support,No display / HDMI handshake,Projector shows brief image then drops to black screen repeatedly.,Manually forced input on switcher; EDID re-handshake resolved the black screen.,M. Reyes,5344
INC0200816,2025-08-08 05:12:11,,25Live,WIE-412,Wieboldt Hall,Classroom Scheduling,Room reservation sync,FINC-430-0-51 Corporate Finance,,,
INC0200519,2025-08-08 11:15:00,2025-08-08 11:17:00,Staff4266550,WIE-355,Wieboldt Hall,AV Technical Support,No display / HDMI handshake,Podium PC displays on confidence monitor but projector screen is black.,Power-cycled matrix switcher and re-seated HDMI at podium; signal restored.,M. Reyes,2
INC0201719,2025-08-09 05:44:02,2025-08-09 05:53:02,25Live,WIE-318,Wieboldt Hall,Classroom Scheduling,Room reservation sync,FINC-430-0-51 Corporate Finance,Auto-closed by scheduling integration.,,1
INC0200925,2025-08-11 06:17:47,2025-08-11 06:39:47,25Live,WIE-205,Wieboldt Hall,Classroom Scheduling,Room reservation sync,MECN-425-0-52 Managerial Economics,Auto-closed by scheduling integration.,,21
INC0201060,2025-08-11 07:44:37,2025-08-11 08:07:37,25Live,WIE-105,Wieboldt Hall,Classroom Scheduling,Room reservation sync,Executive Education Workshop,Auto-closed by scheduling integration.,,20
INC0200244,2025-08-11 14:18:00,2025-08-11 17:07:00,Faculty1449276,WIE-441,Wieboldt Hall,Consultation,AV consultation / training,New faculty member requests walkthrough of classroom AV system.,Reviewed hybrid workflow and set camera/audio defaults with instructor.,A. Okafor,169
INC0201539,2025-08-12 05:05:52,2025-08-12 05:15:52,25Live,WIE-105,Wieboldt Hall,Classroom Scheduling,Room reservation sync,MORS-470-0-51 Negotiations,Auto-closed by scheduling integration.,,26
INC0202301,2025-08-12 05:33:50,2025-08-12 05:59:50,25Live,WIE-142,Wieboldt Hall,Classroom Scheduling,Room reservation sync,Leadership Coaching Session,Auto-closed by scheduling integration.,,28
INC0201086,2025-08-18 05:24:01,2025-08-18 05:40:01,25Live,WIE-306,Wieboldt Hall,Classroom Scheduling,Room reservation sync,DECS-433-0-61 Business Analytics,Auto-closed by scheduling integration.,,14
INC0200890,2025-08-18 05:50:49,2025-08-18 06:00:49,25Live,WIE-105,Wieboldt Hall,Classroom Scheduling,Room reservation sync,Student Club Panel Event,Auto-closed by scheduling integration.,,2
INC0202364,2025-08-18 06:22:47,2025-08-18 06:43:47,25Live,WIE-246,Wieboldt Hall,Classroom Scheduling,Room reservation sync,Leadership Coaching Session,Auto-closed by scheduling integration.,,10
INC0200976,2025-08-19 05:49:17,,25Live,WIE-142,Wieboldt Hall,Classroom Scheduling,Room reservation sync,Room Hold — Facilities,,,
INC0201921,2025-08-19 05:59:36,2025-08-19 06:13:36,25Live,WIE-251,Wieboldt Hall,Classroom Scheduling,Room reservation sync,MECN-425-0-52 Managerial Economics,Auto-closed by scheduling integration.,,12
INC0201792,2025-08-19 07:48:08,2025-08-19 08:15:08,25Live,WIE-105,Wieboldt Hall,Classroom Scheduling,Room reservation sync,FINC-430-0-51 Corporate Finance,Auto-closed by scheduling integration.,,2
INC0200520,2025-08-19 09:07:00,2025-08-19 13:50:00,Faculty7029422,WIE-355,Wieboldt Hall,AV Technical Support,No display / HDMI handshake,Podium PC displays on confidence monitor but projector screen is black.,Rebooted control processor; input routing restored after reload.,M. Reyes,283
INC0200548,2025-08-19 11:47:00,2025-09-15 21:53:00,Faculty8514208,WIE-251,Wieboldt Hall,Setup & Configuration,Event / class AV setup,Panel discussion: three handhelds and confidence monitor requested.,Configured room for panel format; struck equipment after event.,S. Patel,39486
INC0200144,2025-08-19 12:05:00,2025-09-08 10:09:00,Staff9188381,WIE-306,Wieboldt Hall,AV Technical Support,Audio / microphone,Program audio works but mic audio not reinforced in room.,Swapped faulty bodypack transmitter with spare unit.,A. Okafor,28684
INC0201657,2025-08-20 06:43:17,2025-08-20 06:59:17,25Live,WIE-258,Wieboldt Hall,Classroom Scheduling,Room reservation sync,DECS-433-0-61 Business Analytics,Auto-closed by scheduling integration.,,13
INC0201253,2025-08-20 07:40:24,2025-08-20 07:46:24,25Live,WIE-142,Wieboldt Hall,Classroom Scheduling,Room reservation sync,Faculty Meeting,Auto-closed by scheduling integration.,,12
INC0202516,2025-08-21 06:43:59,,25Live,WIE-205,Wieboldt Hall,Classroom Scheduling,Room reservation sync,Executive Education Workshop,,,
INC0200145,2025-08-21 14:38:00,2025-08-21 15:12:00,Faculty9267626,WIE-306,Wieboldt Hall,AV Technical Support,Audio / microphone,Laptop audio not playing through room speakers.,Corrected audio routing on touch panel; laptop audio restored.,S. Patel,34
INC0200909,2025-08-22 05:18:32,2025-08-22 05:21:32,25Live,WIE-148,Wieboldt Hall,Classroom Scheduling,Room reservation sync,Executive Education Workshop,Auto-closed by scheduling integration.,,7
INC0200536,2025-08-22 13:18:00,2025-08-22 22:09:00,Student986668,WIE-544,Wieboldt Hall,Equipment Maintenance & Repair,Preventative maintenance,Semester-start room readiness verification.,Room verified ready; minor cable management performed.,M. Reyes,531
INC0202271,2025-08-27 05:15:13,2025-08-27 05:37:13,25Live,WIE-246,Wieboldt Hall,Classroom Scheduling,Room reservation sync,Faculty Meeting,Auto-closed by scheduling integration.,,25
INC0202526,2025-08-27 05:28:55,2025-08-27 05:54:55,25Live,WIE-205,Wieboldt Hall,Classroom Scheduling,Room reservation sync,Room Hold — Facilities,Auto-closed by scheduling integration.,,29
INC0200454,2025-08-27 08:59:00,2025-08-29 23:21:00,Faculty5239621,WIE-258,Wieboldt Hall,Lecture Capture,Recording failed / not captured,Recording stopped 20 minutes into class; remainder not captured.,Corrected room calendar mapping in capture scheduler.,S. Patel,3742
INC0201645,2025-08-28 05:19:37,2025-08-28 05:29:37,25Live,WIE-105,Wieboldt Hall,Classroom Scheduling,Room reservation sync,Faculty Meeting,Auto-closed by scheduling integration.,,9
INC0202217,2025-08-28 05:47:46,2025-08-28 05:49:46,25Live,WIE-110,Wieboldt Hall,Classroom Scheduling,Room reservation sync,OPNS-430-0-62 Operations Management,Auto-closed by scheduling integration.,,27
INC0200521,2025-08-28 18:37:00,2025-08-28 18:42:00,Student9481055,WIE-355,Wieboldt Hall,AV Technical Support,No display / HDMI handshake,HDMI handshake failure after switching from podium PC to laptop.,Manually forced input on switcher; EDID re-handshake resolved the black screen.,M. Reyes,5
INC0201403,2025-08-29 05:53:59,2025-08-29 06:18:59,25Live,WIE-148,Wieboldt Hall,Classroom Scheduling,Room reservation sync,Room Hold — Facilities,Auto-closed by scheduling integration.,,25
INC0201829,2025-08-30 05:10:07,2025-08-30 05:37:07,25Live,WIE-105,Wieboldt Hall,Classroom Scheduling,Room reservation sync,FINC-430-0-51 Corporate Finance,Auto-closed by scheduling integration.,,6
INC0201886,2025-08-30 06:07:07,2025-08-30 06:26:07,25Live,WIE-251,Wieboldt Hall,Classroom Scheduling,Room reservation sync,Admissions Information Session,Auto-closed by scheduling integration.,,3
INC0202082,2025-09-01 05:14:06,2025-09-01 05:30:06,25Live,WIE-251,Wieboldt Hall,Classroom Scheduling,Room reservation sync,Student Club Panel Event,Auto-closed by scheduling integration.,,13
INC0201493,2025-09-01 05:15:26,2025-09-01 05:38:26,25Live,WIE-110,Wieboldt Hall,Classroom Scheduling,Room reservation sync,MKTG-450-0-61 Brand Strategy,Auto-closed by scheduling integration.,,17
INC0200455,2025-09-01 14:09:00,2025-09-02 09:49:00,Faculty7344461,WIE-258,Wieboldt Hall,Lecture Capture,Recording failed / not captured,Recording stopped 20 minutes into class; remainder not captured.,Re-seated audio feed to appliance; levels verified on test recording.,T. Nakamura,1180
INC0201470,2025-09-02 05:02:56,2025-09-02 05:22:56,25Live,WIE-205,Wieboldt Hall,Classroom Scheduling,Room reservation sync,Student Club Panel Event,Auto-closed by scheduling integration.,,21
INC0200783,2025-09-02 05:03:53,,25Live,WIE-355,Wieboldt Hall,Classroom Scheduling,Room reservation sync,Leadership Coaching Session,,,
INC0202055,2025-09-02 05:04:03,2025-09-02 05:18:03,25Live,WIE-251,Wieboldt Hall,Classroom Scheduling,Room reservation sync,Room Hold — Facilities,Auto-closed by scheduling integration.,,3
INC0201294,2025-09-02 05:48:26,,25Live,WIE-312,Wieboldt Hall,Classroom Scheduling,Room reservation sync,DECS-433-0-61 Business Analytics,,,
INC0202428,2025-09-02 05:49:19,2025-09-02 06:15:19,25Live,WIE-537,Wieboldt Hall,Classroom Scheduling,Room reservation sync,MORS-470-0-51 Negotiations,Auto-closed by scheduling integration.,,6
INC0201779,2025-09-02 06:13:10,2025-09-02 06:42:10,25Live,WIE-412,Wieboldt Hall,Classroom Scheduling,Room reservation sync,OPNS-430-0-62 Operations Management,Auto-closed by scheduling integration.,,14
INC0202258,2025-09-02 07:23:43,,25Live,WIE-110,Wieboldt Hall,Classroom Scheduling,Room reservation sync,MECN-425-0-52 Managerial Economics,,,
INC0200061,2025-09-02 17:35:00,2025-09-02 22:25:00,Faculty1875531,WIE-205,Wieboldt Hall,Webconferencing,Zoom/Teams AV routing,Camera feed not appearing in Teams; shows black tile.,Re-seated USB extender at podium; camera re-enumerated in Teams.,M. Reyes,290
INC0201925,2025-09-03 06:10:03,2025-09-03 06:15:03,25Live,WIE-251,Wieboldt Hall,Classroom Scheduling,Room reservation sync,FINC-430-0-51 Corporate Finance,Auto-closed by scheduling integration.,,20
INC0201124,2025-09-03 06:19:05,2025-09-03 06:27:05,25Live,WIE-312,Wieboldt Hall,Classroom Scheduling,Room reservation sync,DECS-433-0-61 Business Analytics,Auto-closed by scheduling integration.,,22
INC0202218,2025-09-03 07:40:44,,25Live,WIE-105,Wieboldt Hall,Classroom Scheduling,Room reservation sync,DECS-433-0-61 Business Analytics,,,
INC0201674,2025-09-04 05:12:12,,25Live,WIE-110,Wieboldt Hall,Classroom Scheduling,Room reservation sync,ACCT-410-0-51 Financial Accounting,,,
INC0200832,2025-09-04 06:37:43,2025-09-04 06:42:43,25Live,WIE-251,Wieboldt Hall,Classroom Scheduling,Room reservation sync,MECN-425-0-52 Managerial Economics,Auto-closed by scheduling integration.,,22
INC0200404,2025-09-04 14:06:00,2025-09-04 21:58:00,Staff4663613,WIE-142,Wieboldt Hall,AV Technical Support,No display / HDMI handshake,Guest speaker laptop not detected on wall plate HDMI input.,Manually forced input on switcher; EDID re-handshake resolved the black screen.,J. Whitfield,472
INC0200108,2025-09-04 14:12:00,2025-09-16 07:56:00,Staff2046565,WIE-258,Wieboldt Hall,Lecture Capture,Recording failed / not captured,Lecture recording missing audio track for full session.,Re-seated audio feed to appliance; levels verified on test recording.,M. Reyes,16904
INC0200362,2025-09-04 14:41:00,2025-09-04 14:43:00,Staff3229038,WIE-355,Wieboldt Hall,Webconferencing,Zoom/Teams AV routing,Hybrid class: in-room students cannot hear remote participants.,Re-seated USB extender at podium; camera re-enumerated in Teams.,A. Okafor,2
INC0201412,2025-09-05 05:11:02,2025-09-05 05:15:02,25Live,WIE-142,Wieboldt Hall,Classroom Scheduling,Room reservation sync,FINC-430-0-51 Corporate Finance,Auto-closed by scheduling integration.,,15
INC0201905,2025-09-05 06:55:58,2025-09-05 07:17:58,25Live,WIE-312,Wieboldt Hall,Classroom Scheduling,Room reservation sync,Executive Education Workshop,Auto-closed by scheduling integration.,,23
INC0201206,2025-09-05 07:38:36,2025-09-05 07:57:36,25Live,WIE-251,Wieboldt Hall,Classroom Scheduling,Room reservation sync,MORS-470-0-51 Negotiations,Auto-closed by scheduling integration.,,16
INC0200205,2025-09-05 14:43:00,2025-09-05 14:45:00,Faculty5635286,WIE-312,Wieboldt Hall,AV Technical Support,No display / HDMI handshake,HDMI handshake failure after switching from podium PC to laptop.,Replaced worn HDMI cable at podium wall plate.,S. Patel,2
INC0202378,2025-09-06 05:01:39,2025-09-06 05:07:39,25Live,WIE-343,Wieboldt Hall,Classroom Scheduling,Room reservation sync,Faculty Meeting,Auto-closed by scheduling integration.,,28
INC0200874,2025-09-06 06:43:24,2025-09-06 07:09:24,25Live,WIE-142,Wieboldt Hall,Classroom Scheduling,Room reservation sync,Student Club Panel Event,Auto-closed by scheduling integration.,,16
INC0202052,2025-09-07 06:02:23,2025-09-07 06:08:23,25Live,WIE-318,Wieboldt Hall,Classroom Scheduling,Room reservation sync,Room Hold — Facilities,Auto-closed by scheduling integration.,,14
INC0200771,2025-09-07 07:22:41,,25Live,WIE-258,Wieboldt Hall,Classroom Scheduling,Room reservation sync,DECS-433-0-61 Business Analytics,,,
INC0202370,2025-09-08 06:15:12,2025-09-08 06:40:12,25Live,WIE-251,Wieboldt Hall,Classroom Scheduling,Room reservation sync,Faculty Meeting,Auto-closed by scheduling integration.,,5
INC0201127,2025-09-08 07:18:15,2025-09-08 07:38:15,25Live,WIE-110,Wieboldt Hall,Classroom Scheduling,Room reservation sync,OPNS-430-0-62 Operations Management,Auto-closed by scheduling integration.,,6
INC0201932,2025-09-09 05:31:07,2025-09-09 05:50:07,25Live,WIE-343,Wieboldt Hall,Classroom Scheduling,Room reservation sync,Faculty Meeting,Auto-closed by scheduling integration.,,3
INC0202468,2025-09-09 05:46:07,2025-09-09 05:50:07,25Live,WIE-142,Wieboldt Hall,Classroom Scheduling,Room reservation sync,Faculty Meeting,Auto-closed by scheduling integration.,,22
INC0202515,2025-09-09 05:46:39,2025-09-09 05:48:39,25Live,WIE-105,Wieboldt Hall,Classroom Scheduling,Room reservation sync,STRT-452-0-71 Competitive Strategy,Auto-closed by scheduling integration.,,3
INC0201054,2025-09-09 06:02:55,2025-09-09 06:13:55,25Live,WIE-318,Wieboldt Hall,Classroom Scheduling,Room reservation sync,FINC-430-0-51 Corporate Finance,Auto-closed by scheduling integration.,,7
INC0201643,2025-09-09 07:53:26,2025-09-09 08:20:26,25Live,WIE-142,Wieboldt Hall,Classroom Scheduling,Room reservation sync,MORS-470-0-51 Negotiations,Auto-closed by scheduling integration.,,15
INC0200403,2025-09-09 21:27:00,2025-09-09 23:58:00,Student1823411,WIE-318,Wieboldt Hall,AV TECHNICAL SUPPORT,Audio / microphone,Program audio works but mic audio not reinforced in room.,Reset DSP to default preset; room audio normal.,A. Okafor,151
INC0202306,2025-09-10 05:39:19,2025-09-10 06:05:19,25Live,WIE-508,Wieboldt Hall,Classroom Scheduling,Room reservation sync,MECN-425-0-52 Managerial Economics,Auto-closed by scheduling integration.,,7
INC0201927,2025-09-10 06:01:00,2025-09-10 06:12:00,25Live,WIE-355,Wieboldt Hall,Classroom Scheduling,Room reservation sync,Admissions Information Session,Auto-closed by scheduling integration.,,11
INC0202232,2025-09-10 07:11:15,2025-09-10 07:22:15,25Live,WIE-355,Wieboldt Hall,Classroom Scheduling,Room reservation sync,Admissions Information Session,Auto-closed by scheduling integration.,,13
INC0200265,2025-09-10 09:27:00,2025-09-15 01:42:00,Faculty9235355,WIE-251,Wieboldt Hall,Equipment Maintenance & Repair,Projector lamp / image quality,"Projector filter warning on startup, image flickering.",Cleaned filter and reset lamp hours counter.,S. Patel,6735
INC0202307,2025-09-11 05:51:44,2025-09-11 06:02:44,25Live,WIE-105,Wieboldt Hall,Classroom Scheduling,Room reservation sync,Leadership Coaching Session,Auto-closed by scheduling integration.,,20
INC0200847,2025-09-12 05:29:54,2025-09-12 05:58:54,25Live,WIE-343,Wieboldt Hall,Classroom Scheduling,Room reservation sync,Room Hold — Facilities,Auto-closed by scheduling integration.,,22
INC0201048,2025-09-13 06:14:12,2025-09-13 06:19:12,25Live,WIE-251,Wieboldt Hall,Classroom Scheduling,Room reservation sync,Student Club Panel Event,Auto-closed by scheduling integration.,,23
INC0201577,2025-09-13 06:39:50,2025-09-13 07:03:50,25Live,WIE-258,Wieboldt Hall,Classroom Scheduling,Room reservation sync,MECN-425-0-52 Managerial Economics,Auto-closed by scheduling integration.,,16
INC0200206,2025-09-13 15:06:00,2025-09-14 04:22:00,Faculty6928231,WIE-312,Wieboldt Hall,AV Technical Support,No display / HDMI handshake,Guest speaker laptop not detected on wall plate HDMI input.,Power-cycled matrix switcher and re-seated HDMI at podium; signal restored.,A. Okafor,796
INC0200201,2025-09-14 16:14:00,2025-10-07 17:10:00,Staff7903475,WIE-205,Wieboldt Hall,Equipment Maintenance & Repair,Preventative maintenance,Firmware update window for control devices.,Room verified ready; minor cable management performed.,D. Lindqvist,33176
INC0200971,2025-09-16 05:20:44,2025-09-16 05:28:44,25Live,WIE-312,Wieboldt Hall,Classroom Scheduling,Room reservation sync,OPNS-430-0-62 Operations Management,Auto-closed by scheduling integration.,,21
INC0200434,2025-09-16 09:49:00,2025-10-01 06:48:00,Faculty573264,,Wieboldt Hall,Lecture Capture,Capture scheduling / setup,Instructor requests recurring recording schedule for spring course.,Re-mapped publishing folder and corrected course role permissions.,D. Lindqvist,21419
INC0200393,2025-09-16 13:44:00,,Staff9620609,WIE-148,Wieboldt Hall,Setup & Configuration,Event / class AV setup,Microphone and projector setup for guest speaker event.,,S. Patel,
INC0202067,2025-09-17 05:23:48,2025-09-17 05:37:48,25Live,WIE-318,Wieboldt Hall,Classroom Scheduling,Room reservation sync,FINC-430-0-51 Corporate Finance,Auto-closed by scheduling integration.,,6
INC0201146,2025-09-17 06:40:23,2025-09-17 07:03:23,25Live,WIE-246,Wieboldt Hall,Classroom Scheduling,Room reservation sync,Admissions Information Session,Auto-closed by scheduling integration.,,12
INC0201781,2025-09-17 07:22:34,,25Live,WIE-251,Wieboldt Hall,Classroom Scheduling,Room reservation sync,Admissions Information Session,,,
INC0201983,2025-09-17 07:59:22,2025-09-17 08:22:22,25Live,WIE-355,Wieboldt Hall,Classroom Scheduling,Room reservation sync,MECN-425-0-52 Managerial Economics,Auto-closed by scheduling integration.,,28
INC0200077,2025-09-17 09:01:00,2025-10-19 21:21:00,Faculty6660356,WIE-110,Wieboldt Hall,Webconferencing,Camera / PTZ,Camera image degraded; colors washed out on far end.,Replaced camera; presets rebuilt and tested.,L. Ferreira,46820
INC0200405,2025-09-17 17:25:00,2025-09-17 18:31:00,Staff2514424,WIE-142,Wieboldt Hall,AV Technical Support,No display / HDMI handshake,Projector shows brief image then drops to black screen repeatedly.,Power-cycled matrix switcher and re-seated HDMI at podium; signal restored.,A. Okafor,66
INC0202487,2025-09-18 05:28:48,2025-09-18 05:37:48,25Live,WIE-355,Wieboldt Hall,Classroom Scheduling,Room reservation sync,FINC-430-0-51 Corporate Finance,Auto-closed by scheduling integration.,,3
INC0202278,2025-09-18 05:59:00,2025-09-18 06:26:00,25Live,WIE-312,Wieboldt Hall,Classroom Scheduling,Room reservation sync,Room Hold — Facilities,Auto-closed by scheduling integration.,,6
INC0201045,2025-09-19 05:16:56,2025-09-19 05:38:56,25Live,WIE-110,Wieboldt Hall,Classroom Scheduling,Room reservation sync,MORS-470-0-51 Negotiations,Auto-closed by scheduling integration.,,17
INC0201318,2025-09-19 07:42:20,2025-09-19 07:47:20,25Live,WIE-251,Wieboldt Hall,Classroom Scheduling,Room reservation sync,Leadership Coaching Session,Auto-closed by scheduling integration.,,19
INC0200266,2025-09-19 13:19:00,,Faculty2051602,WIE-251,Wieboldt Hall,Equipment Maintenance & Repair,Projector lamp / image quality,"Yellow tint on projected image, worse on left side.",,M. Reyes,
INC0200207,2025-09-20 12:33:00,2025-09-20 14:49:00,Faculty8403061,WIE-312,Wieboldt Hall,AV Technical Support,No display / HDMI handshake,Projector shows brief image then drops to black screen repeatedly.,Manually forced input on switcher; EDID re-handshake resolved the black screen.,T. Nakamura,136
INC0200516,2025-09-20 14:27:00,,Faculty2603511,WIE-355,Wieboldt Hall,AV Technical Support,Control system / touch panel,'System Starting' hangs indefinitely; room unusable for class.,,J. Whitfield,
INC0200543,2025-09-20 20:00:00,2026-01-13 11:30:00,Student5869276,WIE-355,Wieboldt Hall,AV Technical Support,Podium PC / login,Podium PC extremely slow to load PowerPoint.,Re-joined machine to domain; login verified.,M. Reyes,165090
INC0201465,2025-09-21 07:09:29,2025-09-21 07:33:29,25Live,WIE-110,Wieboldt Hall,Classroom Scheduling,Room reservation sync,Admissions Information Session,Auto-closed by scheduling integration.,,22
INC0202083,2025-09-21 07:30:20,2025-09-21 07:35:20,25Live,WIE-251,Wieboldt Hall,Classroom Scheduling,Room reservation sync,Leadership Coaching Session,Auto-closed by scheduling integration.,,21
INC0200078,2025-09-22 11:21:00,,Student8455094,,Wieboldt Hall,Webconferencing,Camera / PTZ,PTZ camera not responding to touch panel presets.,,E. Marsh,
INC0200127,2025-09-22 12:14:00,2025-09-24 06:03:00,Staff4043624,WIE-312,Wieboldt Hall,Equipment Maintenance & Repair,Projector lamp / image quality,"Projector image noticeably dim, colors washed out.",Scheduled projector replacement; loaner cart provided in interim.,M. Reyes,2509
INC0200889,2025-09-23 05:05:31,2025-09-23 05:06:31,25Live,WIE-455,Wieboldt Hall,Classroom Scheduling,Room reservation sync,OPNS-430-0-62 Operations Management,Auto-closed by scheduling integration.,,18
INC0200790,2025-09-23 05:14:37,2025-09-23 05:36:37,25Live,WIE-343,Wieboldt Hall,Classroom Scheduling,Room reservation sync,Leadership Coaching Session,Auto-closed by scheduling integration.,,15
INC0201851,2025-09-23 05:41:34,2025-09-23 06:05:34,25Live,WIE-105,Wieboldt Hall,Classroom Scheduling,Room reservation sync,OPNS-430-0-62 Operations Management,Auto-closed by scheduling integration.,,18
INC0201844,2025-09-23 05:54:11,2025-09-23 05:58:11,25Live,WIE-343,Wieboldt Hall,Classroom Scheduling,Room reservation sync,OPNS-430-0-62 Operations Management,Auto-closed by scheduling integration.,,8
INC0201116,2025-09-23 06:58:13,2025-09-23 06:59:13,25Live,WIE-404,Wieboldt Hall,Classroom Scheduling,Room reservation sync,MECN-425-0-52 Managerial Economics,Auto-closed by scheduling integration.,,28
INC0200339,2025-09-23 09:38:00,2025-09-23 10:18:00,Student8840645,WIE-142,Wieboldt Hall,AV Technical Support,No display / HDMI handshake,Instructor laptop connected via HDMI but projector shows 'No Signal'.,Rebooted control processor; input routing restored after reload.,E. Marsh,40
INC0200724,2025-09-23 11:24:00,2025-09-23 11:59:00,Faculty1453389,,Wieboldt Hall,Webconferencing,Zoom/Teams AV routing,Hybrid class: in-room students cannot hear remote participants.,Selected correct USB bridge as mic/speaker in Zoom; verified with test call.,S. Patel,35
INC0200264,2025-09-23 11:49:00,2025-09-24 01:17:00,Faculty216595,WIE-318,Wieboldt Hall,Webconferencing,Zoom/Teams AV routing,Remote participants cannot hear in-room audio on Zoom call.,Re-seated USB extender at podium; camera re-enumerated in Teams.,M. Reyes,808
INC0202045,2025-09-24 05:00:20,2025-09-24 05:07:20,25Live,WIE-352,Wieboldt Hall,Classroom Scheduling,Room reservation sync,Student Club Panel Event,Auto-closed by scheduling integration.,,11
INC0200773,2025-09-24 05:35:35,2025-09-24 05:59:35,25Live,WIE-142,Wieboldt Hall,Classroom Scheduling,Room reservation sync,STRT-452-0-71 Competitive Strategy,Auto-closed by scheduling integration.,,20
INC0202127,2025-09-24 05:54:41,2025-09-24 06:15:41,25Live,WIE-343,Wieboldt Hall,Classroom Scheduling,Room reservation sync,MKTG-450-0-61 Brand Strategy,Auto-closed by scheduling integration.,,10
INC0201329,2025-09-24 06:07:29,2025-09-24 06:23:29,25Live,WIE-246,Wieboldt Hall,Classroom Scheduling,Room reservation sync,MORS-470-0-51 Negotiations,Auto-closed by scheduling integration.,,28
INC0201943,2025-09-24 07:32:43,,25Live,WIE-312,Wieboldt Hall,Classroom Scheduling,Room reservation sync,DECS-433-0-61 Business Analytics,,,
INC0200496,2025-09-24 19:26:00,2025-09-25 09:21:00,Staff5910671,WIE-142,Wieboldt Hall,Equipment Maintenance & Repair,Preventative maintenance,Firmware update window for control devices.,Room verified ready; minor cable management performed.,A. Okafor,835
INC0200453,2025-09-24 19:57:00,2025-09-25 00:27:00,Student1240666,WIE-306,Wieboldt Hall,AV Technical Support,Audio / microphone,Lavalier mic cutting out intermittently during lecture.,Swapped faulty bodypack transmitter with spare unit.,D. Lindqvist,270
INC0201158,2025-09-25 05:15:30,,25Live,WIE-142,Wieboldt Hall,Classroom Scheduling,Room reservation sync,Student Club Panel Event,,,
INC0202421,2025-09-25 06:01:26,,25Live,WIE-105,Wieboldt Hall,Classroom Scheduling,Room reservation sync,Student Club Panel Event,,,
INC0201280,2025-09-25 06:27:36,2025-09-25 06:31:36,25Live,WIE-142,Wieboldt Hall,Classroom Scheduling,Room reservation sync,Room Hold — Facilities,Auto-closed by scheduling integration.,,16
INC0200076,2025-09-25 10:34:00,2025-09-27 05:15:00,Faculty7632338,,Wieboldt Hall,Lecture Capture,Recording failed / not captured,Scheduled class recording did not start; instructor reports no video in portal.,Corrected room calendar mapping in capture scheduler.,J. Whitfield,2561
INC0200862,2025-09-26 05:59:59,2025-09-26 06:07:59,25Live,WIE-306,Wieboldt Hall,Classroom Scheduling,Room reservation sync,OPNS-430-0-62 Operations Management,Auto-closed by scheduling integration.,,3
INC0202357,2025-09-26 07:39:20,2025-09-26 07:55:20,25Live,WIE-142,Wieboldt Hall,Classroom Scheduling,Room reservation sync,DECS-433-0-61 Business Analytics,Auto-closed by scheduling integration.,,17
INC0201806,2025-09-27 07:48:27,2025-09-27 07:56:27,25Live,WIE-105,Wieboldt Hall,Classroom Scheduling,Room reservation sync,MECN-425-0-52 Managerial Economics,Auto-closed by scheduling integration.,,28
INC0200437,2025-09-27 17:19:00,,Faculty6458404,WIE-251,Wieboldt Hall,Lecture Capture,Recording failed / not captured,Capture appliance offline; last three scheduled recordings missing.,,E. Marsh,
INC0202186,2025-09-29 05:15:16,2025-09-29 05:32:16,25Live,WIE-441,Wieboldt Hall,Classroom Scheduling,Room reservation sync,Leadership Coaching Session,Auto-closed by scheduling integration.,,28
INC0201121,2025-09-29 05:32:19,2025-09-29 05:48:19,25Live,WIE-318,Wieboldt Hall,Classroom Scheduling,Room reservation sync,MORS-470-0-51 Negotiations,Auto-closed by scheduling integration.,,2
INC0201810,2025-09-29 05:49:06,2025-09-29 05:50:06,25Live,WIE-142,Wieboldt Hall,Classroom Scheduling,Room reservation sync,STRT-452-0-71 Competitive Strategy,Auto-closed by scheduling integration.,,5
INC0201623,2025-09-29 06:32:27,2025-09-29 06:39:27,25Live,WIE-110,Wieboldt Hall,Classroom Scheduling,Room reservation sync,OPNS-430-0-62 Operations Management,Auto-closed by scheduling integration.,,18
INC0201112,2025-09-29 06:42:49,2025-09-29 07:00:49,25Live,WIE-258,Wieboldt Hall,Classroom Scheduling,Room reservation sync,Admissions Information Session,Auto-closed by scheduling integration.,,17
INC0200559,2025-09-29 11:31:00,2025-09-30 00:30:00,Faculty7131579,,Wieboldt Hall,Equipment Maintenance & Repair,Preventative maintenance,Quarterly AV preventative maintenance check.,Completed PM checklist; all systems nominal.,A. Okafor,779
INC0202193,2025-09-30 05:42:24,2025-09-30 05:52:24,25Live,WIE-110,Wieboldt Hall,Classroom Scheduling,Room reservation sync,Faculty Meeting,Auto-closed by scheduling integration.,,22
INC0202047,2025-09-30 05:45:55,2025-09-30 05:46:55,25Live,WIE-343,Wieboldt Hall,Classroom Scheduling,Room reservation sync,Faculty Meeting,Auto-closed by scheduling integration.,,17
INC0201344,2025-09-30 05:54:09,2025-09-30 06:21:09,25Live,WIE-110,Wieboldt Hall,Classroom Scheduling,Room reservation sync,OPNS-430-0-62 Operations Management,Auto-closed by scheduling integration.,,17
INC0202031,2025-09-30 06:23:49,2025-09-30 06:32:49,25Live,WIE-306,Wieboldt Hall,Classroom Scheduling,Room reservation sync,DECS-433-0-61 Business Analytics,Auto-closed by scheduling integration.,,15
INC0200048,2025-09-30 17:05:00,2025-09-30 19:33:00,Student6661399,WIE-343,Wieboldt Hall,Consultation,AV consultation / training,Instructor requests best-practice review for hybrid teaching setup.,Recommended equipment configuration; scheduled follow-up.,D. Lindqvist,148
INC0201945,2025-10-01 06:05:36,2025-10-01 06:09:36,25Live,WIE-258,Wieboldt Hall,Classroom Scheduling,Room reservation sync,DECS-433-0-61 Business Analytics,Auto-closed by scheduling integration.,,10
INC0202522,2025-10-01 06:40:32,2025-10-01 07:08:32,25Live,WIE-251,Wieboldt Hall,Classroom Scheduling,Room reservation sync,Admissions Information Session,Auto-closed by scheduling integration.,,7
INC0200086,2025-10-01 12:43:00,2025-10-01 12:45:00,Faculty7784259,WIE-306,Wieboldt Hall,AV Technical Support,Audio / microphone,Laptop audio not playing through room speakers.,Swapped faulty bodypack transmitter with spare unit.,J. Whitfield,2
INC0200174,2025-10-01 20:15:00,2025-10-05 20:06:00,Student2056603,,Wieboldt Hall,AV Technical Support,Podium PC / login,Podium PC stuck on Windows update at class start.,Cleared temp files and restarted; escalated for RAM upgrade.,A. Okafor,5751
INC0202529,2025-10-02 05:27:10,2025-10-02 05:33:10,25Live,WIE-343,Wieboldt Hall,Classroom Scheduling,Room reservation sync,Faculty Meeting,Auto-closed by scheduling integration.,,19
INC0201461,2025-10-02 06:28:59,2025-10-02 06:29:59,25Live,WIE-110,Wieboldt Hall,Classroom Scheduling,Room reservation sync,FINC-430-0-51 Corporate Finance,Auto-closed by scheduling integration.,,26
INC0201875,2025-10-02 06:46:34,2025-10-02 07:06:34,25Live,WIE-251,Wieboldt Hall,Classroom Scheduling,Room reservation sync,Executive Education Workshop,Auto-closed by scheduling integration.,,28
INC0202059,2025-10-02 06:50:28,2025-10-02 07:04:28,25Live,WIE-352,Wieboldt Hall,Classroom Scheduling,Room reservation sync,Leadership Coaching Session,Auto-closed by scheduling integration.,,1
INC0200049,2025-10-02 11:07:00,2025-11-16 13:45:00,Student6870456,WIE-343,Wieboldt Hall,Consultation,AV consultation / training,New faculty member requests walkthrough of classroom AV system.,Provided 30-minute room orientation; left quick-reference guide.,D. Lindqvist,64958
INC0200128,2025-10-02 12:43:00,2025-10-27 23:22:00,Student7291038,,Wieboldt Hall,Equipment Maintenance & Repair,Projector lamp / image quality,"Projector image noticeably dim, colors washed out.",Scheduled projector replacement; loaner cart provided in interim.,A. Okafor,36639
INC0202016,2025-10-03 06:04:27,2025-10-03 06:24:27,25Live,WIE-355,Wieboldt Hall,Classroom Scheduling,Room reservation sync,STRT-452-0-71 Competitive Strategy,Auto-closed by scheduling integration.,,19
INC0202324,2025-10-03 06:24:25,2025-10-03 06:30:25,25Live,WIE-352,Wieboldt Hall,Classroom Scheduling,Room reservation sync,STRT-452-0-71 Competitive Strategy,Auto-closed by scheduling integration.,,22
INC0200044,2025-10-03 17:27:00,2025-10-04 11:12:00,Student4029057,WIE-105,Wieboldt Hall,Lecture Capture,Recording failed / not captured,Lecture recording missing audio track for full session.,Restarted capture appliance; verified next scheduled recording completed.,M. Reyes,1065
INC0200744,2025-10-04 16:44:00,2025-10-04 20:01:00,Staff4871308,,Wieboldt Hall,AV Technical Support,Audio / microphone,Wireless mic static and dropouts near front of room.,Swapped faulty bodypack transmitter with spare unit.,M. Reyes,197
INC0202160,2025-10-06 05:01:32,2025-10-06 05:22:32,25Live,WIE-343,Wieboldt Hall,Classroom Scheduling,Room reservation sync,Leadership Coaching Session,Auto-closed by scheduling integration.,,21
INC0200781,2025-10-06 07:11:20,2025-10-06 07:26:20,25Live,WIE-412,Wieboldt Hall,Classroom Scheduling,Room reservation sync,OPNS-430-0-62 Operations Management,Auto-closed by scheduling integration.,,11
INC0201967,2025-10-06 07:18:00,2025-10-06 07:23:00,25Live,WIE-251,Wieboldt Hall,Classroom Scheduling,Room reservation sync,MORS-470-0-51 Negotiations,Auto-closed by scheduling integration.,,5
INC0201047,2025-10-06 07:23:35,2025-10-06 07:32:35,25Live,WIE-205,Wieboldt Hall,Classroom Scheduling,Room reservation sync,Faculty Meeting,Auto-closed by scheduling integration.,,22
INC0202346,2025-10-06 07:28:15,,25Live,WIE-355,Wieboldt Hall,Classroom Scheduling,Room reservation sync,MECN-425-0-52 Managerial Economics,,,
INC0200998,2025-10-06 07:42:32,2025-10-06 08:07:32,25Live,WIE-312,Wieboldt Hall,Classroom Scheduling,Room reservation sync,MECN-425-0-52 Managerial Economics,Auto-closed by scheduling integration.,,4
INC0200469,2025-10-06 17:32:00,2025-10-08 23:46:00,Staff784456,WIE-251,Wieboldt Hall,Lecture Capture,Recording failed / not captured,Scheduled class recording did not start; instructor reports no video in portal.,Corrected room calendar mapping in capture scheduler.,A. Okafor,3254
INC0202038,2025-10-07 05:08:00,2025-10-07 05:23:00,25Live,WIE-544,Wieboldt Hall,Classroom Scheduling,Room reservation sync,MORS-470-0-51 Negotiations,Auto-closed by scheduling integration.,,22
INC0201333,2025-10-07 05:16:25,2025-10-07 05:35:25,25Live,WIE-105,Wieboldt Hall,Classroom Scheduling,Room reservation sync,MKTG-450-0-61 Brand Strategy,Auto-closed by scheduling integration.,,17
INC0201154,2025-10-07 05:27:03,2025-10-07 05:30:03,25Live,WIE-508,Wieboldt Hall,Classroom Scheduling,Room reservation sync,ACCT-410-0-51 Financial Accounting,Auto-closed by scheduling integration.,,18
INC0202159,2025-10-07 05:30:03,2025-10-07 05:50:03,25Live,WIE-251,Wieboldt Hall,Classroom Scheduling,Room reservation sync,MORS-470-0-51 Negotiations,Auto-closed by scheduling integration.,,21
INC0201894,2025-10-07 05:41:21,2025-10-07 06:09:21,25Live,WIE-508,Wieboldt Hall,Classroom Scheduling,Room reservation sync,MORS-470-0-51 Negotiations,Auto-closed by scheduling integration.,,8
INC0201750,2025-10-07 05:55:48,2025-10-07 06:20:48,25Live,WIE-355,Wieboldt Hall,Classroom Scheduling,Room reservation sync,STRT-452-0-71 Competitive Strategy,Auto-closed by scheduling integration.,,5
INC0202085,2025-10-07 06:01:00,2025-10-07 06:20:00,25Live,WIE-312,Wieboldt Hall,Classroom Scheduling,Room reservation sync,Executive Education Workshop,Auto-closed by scheduling integration.,,24
INC0202101,2025-10-07 06:12:37,2025-10-07 06:37:37,25Live,WIE-537,Wieboldt Hall,Classroom Scheduling,Room reservation sync,MECN-425-0-52 Managerial Economics,Auto-closed by scheduling integration.,,21
INC0201104,2025-10-07 06:48:47,2025-10-07 06:53:47,25Live,WIE-258,Wieboldt Hall,Classroom Scheduling,Room reservation sync,ACCT-410-0-51 Financial Accounting,Auto-closed by scheduling integration.,,13
INC0200867,2025-10-07 06:57:22,2025-10-07 07:13:22,25Live,WIE-142,Wieboldt Hall,Classroom Scheduling,Room reservation sync,MECN-425-0-52 Managerial Economics,Auto-closed by scheduling integration.,,3
INC0200438,2025-10-07 09:27:00,2025-10-11 22:40:00,Faculty7694426,WIE-251,Wieboldt Hall,Lecture Capture,Recording failed / not captured,Lecture recording missing audio track for full session.,Recovered local backup recording and uploaded to course folder.,K. Duval,6553
INC0200155,2025-10-07 12:00:00,2025-10-07 19:06:00,Staff5440141,WIE-246,Wieboldt Hall,Setup & Configuration,Event / class AV setup,AV setup requested for admissions information session.,Configured room for panel format; struck equipment after event.,J. Whitfield,426
INC0200081,2025-10-07 17:41:00,2025-10-08 06:33:00,Faculty8366574,,Wieboldt Hall,Setup & Configuration,Event / class AV setup,Panel discussion: three handhelds and confidence monitor requested.,Provided requested microphones; staffed first 15 minutes of event.,A. Okafor,772
INC0201568,2025-10-08 05:26:04,2025-10-08 05:39:04,25Live,WIE-343,Wieboldt Hall,Classroom Scheduling,Room reservation sync,Leadership Coaching Session,Auto-closed by scheduling integration.,,26
INC0201766,2025-10-08 06:04:50,,25Live,WIE-148,Wieboldt Hall,Classroom Scheduling,Room reservation sync,MKTG-450-0-61 Brand Strategy,,,
INC0201744,2025-10-08 06:32:47,2025-10-08 06:55:47,25Live,WIE-343,Wieboldt Hall,Classroom Scheduling,Room reservation sync,Executive Education Workshop,Auto-closed by scheduling integration.,,13
INC0201315,2025-10-09 05:08:59,2025-10-09 05:19:59,25Live,WIE-251,Wieboldt Hall,Classroom Scheduling,Room reservation sync,MECN-425-0-52 Managerial Economics,Auto-closed by scheduling integration.,,7
INC0201421,2025-10-09 05:12:27,2025-10-09 05:24:27,25Live,WIE-343,Wieboldt Hall,Classroom Scheduling,Room reservation sync,Leadership Coaching Session,Auto-closed by scheduling integration.,,12
INC0202410,2025-10-09 06:40:57,2025-10-09 07:08:57,25Live,WIE-312,Wieboldt Hall,Classroom Scheduling,Room reservation sync,ACCT-410-0-51 Financial Accounting,Auto-closed by scheduling integration.,,22
INC0201415,2025-10-09 07:51:19,2025-10-09 08:16:19,25Live,WIE-148,Wieboldt Hall,Classroom Scheduling,Room reservation sync,MECN-425-0-52 Managerial Economics,Auto-closed by scheduling integration.,,25
INC0200326,2025-10-09 12:38:00,2025-10-12 17:23:00,Faculty701531,WIE-251,Wieboldt Hall,Lecture Capture,Capture scheduling / setup,Instructor requests recurring recording schedule for spring course.,Re-mapped publishing folder and corrected course role permissions.,S. Patel,4605
INC0200377,2025-10-09 16:55:00,2025-10-09 16:57:00,Student5554064,WIE-258,Wieboldt Hall,AV TECHNICAL SUPPORT,No display / HDMI handshake,Guest speaker laptop not detected on wall plate HDMI input.,Replaced worn HDMI cable at podium wall plate.,J. Whitfield,2
INC0201897,2025-10-10 07:34:38,2025-10-10 07:48:38,25Live,WIE-105,Wieboldt Hall,Classroom Scheduling,Room reservation sync,Executive Education Workshop,Auto-closed by scheduling integration.,,13
INC0201956,2025-10-10 07:43:34,2025-10-10 08:08:34,25Live,WIE-251,Wieboldt Hall,Classroom Scheduling,Room reservation sync,DECS-433-0-61 Business Analytics,Auto-closed by scheduling integration.,,24
INC0200384,2025-10-10 10:59:00,2025-10-10 12:57:00,Faculty5287079,WIE-142,Wieboldt Hall,AV Technical Support,Control system / touch panel,'System Starting' hangs indefinitely; room unusable for class.,Replaced failed relay module controlling projector power.,A. Okafor,118
INC0200502,2025-10-10 15:45:00,2025-10-10 19:56:00,Student6402352,,Wieboldt Hall,Setup & Configuration,Event / class AV setup,Panel discussion: three handhelds and confidence monitor requested.,Provided requested microphones; staffed first 15 minutes of event.,T. Nakamura,251
INC0200545,2025-10-10 20:43:00,2025-10-10 21:56:00,Faculty8479489,WIE-148,Wieboldt Hall,AV Technical Support,Audio / microphone,Laptop audio not playing through room speakers.,Swapped faulty bodypack transmitter with spare unit.,D. Lindqvist,73
INC0201743,2025-10-11 05:26:13,,25Live,WIE-251,Wieboldt Hall,Classroom Scheduling,Room reservation sync,ACCT-410-0-51 Financial Accounting,,,
INC0202379,2025-10-11 07:58:23,2025-10-11 08:12:23,25Live,WIE-355,Wieboldt Hall,Classroom Scheduling,Room reservation sync,MECN-425-0-52 Managerial Economics,Auto-closed by scheduling integration.,,28
INC0202318,2025-10-13 05:27:29,2025-10-13 05:39:29,25Live,WIE-312,Wieboldt Hall,Classroom Scheduling,Room reservation sync,MKTG-450-0-61 Brand Strategy,Auto-closed by scheduling integration.,,22
INC0201610,2025-10-13 05:37:03,2025-10-13 05:58:03,25Live,WIE-343,Wieboldt Hall,Classroom Scheduling,Room reservation sync,Admissions Information Session,Auto-closed by scheduling integration.,,23
INC0201118,2025-10-13 07:39:46,2025-10-13 07:51:46,25Live,WIE-142,Wieboldt Hall,Classroom Scheduling,Room reservation sync,ACCT-410-0-51 Financial Accounting,Auto-closed by scheduling integration.,,19
INC0200272,2025-10-13 14:01:00,2025-10-14 20:20:00,Faculty6857660,WIE-508,Wieboldt Hall,Lecture Capture,Recording failed / not captured,Recording stopped 20 minutes into class; remainder not captured.,Re-seated audio feed to appliance; levels verified on test recording.,D. Lindqvist,1819
INC0200273,2025-10-13 14:09:00,2025-10-13 14:20:00,Faculty6857660,WIE-508,Wieboldt Hall,Lecture Capture,Recording failed / not captured,Recording stopped 20 minutes into class; remainder not captured.,Duplicate of earlier ticket; closed.,D. Lindqvist,11
INC0200336,2025-10-13 15:33:00,2025-10-13 18:47:00,Student5219569,WIE-251,Wieboldt Hall,Webconferencing,Zoom/Teams AV routing,Remote participants cannot hear in-room audio on Zoom call.,Selected correct USB bridge as mic/speaker in Zoom; verified with test call.,A. Okafor,194
INC0201431,2025-10-14 05:02:35,2025-10-14 05:04:35,25Live,WIE-306,Wieboldt Hall,Classroom Scheduling,Room reservation sync,Faculty Meeting,Auto-closed by scheduling integration.,,26
INC0201383,2025-10-14 05:10:49,2025-10-14 05:26:49,25Live,WIE-246,Wieboldt Hall,Classroom Scheduling,Room reservation sync,Student Club Panel Event,Auto-closed by scheduling integration.,,3
INC0202334,2025-10-14 05:37:04,2025-10-14 05:48:04,25Live,WIE-258,Wieboldt Hall,Classroom Scheduling,Room reservation sync,FINC-430-0-51 Corporate Finance,Auto-closed by scheduling integration.,,18
INC0202312,2025-10-14 05:49:24,2025-10-14 06:14:24,25Live,WIE-441,Wieboldt Hall,Classroom Scheduling,Room reservation sync,ACCT-410-0-51 Financial Accounting,Auto-closed by scheduling integration.,,17
INC0201890,2025-10-14 05:57:21,2025-10-14 06:20:21,25Live,WIE-251,Wieboldt Hall,Classroom Scheduling,Room reservation sync,Leadership Coaching Session,Auto-closed by scheduling integration.,,16
INC0201218,2025-10-14 06:14:39,,25Live,WIE-251,Wieboldt Hall,Classroom Scheduling,Room reservation sync,Student Club Panel Event,,,
INC0201343,2025-10-14 06:31:24,,25Live,WIE-205,Wieboldt Hall,Classroom Scheduling,Room reservation sync,Admissions Information Session,,,
INC0201678,2025-10-14 07:12:07,,25Live,WIE-251,Wieboldt Hall,Classroom Scheduling,Room reservation sync,ACCT-410-0-51 Financial Accounting,,,
INC0201877,2025-10-14 07:48:37,2025-10-14 08:05:37,25Live,WIE-412,Wieboldt Hall,Classroom Scheduling,Room reservation sync,ACCT-410-0-51 Financial Accounting,Auto-closed by scheduling integration.,,11
INC0200962,2025-10-15 05:47:48,2025-10-15 06:00:48,25Live,WIE-352,Wieboldt Hall,Classroom Scheduling,Room reservation sync,FINC-430-0-51 Corporate Finance,Auto-closed by scheduling integration.,,28
INC0202050,2025-10-15 05:56:31,2025-10-15 06:10:31,25Live,WIE-142,Wieboldt Hall,Classroom Scheduling,Room reservation sync,DECS-433-0-61 Business Analytics,Auto-closed by scheduling integration.,,4
INC0200961,2025-10-15 05:59:50,2025-10-15 06:27:50,25Live,WIE-355,Wieboldt Hall,Classroom Scheduling,Room reservation sync,MORS-470-0-51 Negotiations,Auto-closed by scheduling integration.,,15
INC0202510,2025-10-15 06:49:04,2025-10-15 06:59:04,25Live,WIE-148,Wieboldt Hall,Classroom Scheduling,Room reservation sync,ACCT-410-0-51 Financial Accounting,Auto-closed by scheduling integration.,,15
INC0200385,2025-10-15 10:35:00,2025-10-15 16:47:00,Faculty7447115,WIE-142,Wieboldt Hall,AV Technical Support,Control system / touch panel,'System Starting' hangs indefinitely; room unusable for class.,Hard-reset touch panel via PoE port; control restored.,D. Lindqvist,372
INC0200057,2025-10-15 11:34:00,2025-10-16 02:39:00,Faculty8016168,WIE-205,Wieboldt Hall,Setup & Configuration,Event / class AV setup,AV setup requested for admissions information session.,Configured room for panel format; struck equipment after event.,A. Okafor,905
INC0200477,2025-10-15 12:48:00,2025-12-18 20:18:00,Staff6520260,,Wieboldt Hall,Lecture Capture,Capture scheduling / setup,Instructor requests recurring recording schedule for spring course.,Created recurring capture schedule; confirmed first recording with instructor.,A. Okafor,92610
INC0202164,2025-10-16 05:04:26,,25Live,WIE-148,Wieboldt Hall,Classroom Scheduling,Room reservation sync,Admissions Information Session,,,
INC0201883,2025-10-16 05:20:09,2025-10-16 05:38:09,25Live,WIE-142,Wieboldt Hall,Classroom Scheduling,Room reservation sync,MORS-470-0-51 Negotiations,Auto-closed by scheduling integration.,,19
INC0202240,2025-10-16 06:14:54,2025-10-16 06:18:54,25Live,WIE-355,Wieboldt Hall,Classroom Scheduling,Room reservation sync,Room Hold — Facilities,Auto-closed by scheduling integration.,,6
INC0202130,2025-10-16 06:24:48,2025-10-16 06:32:48,25Live,WIE-312,Wieboldt Hall,Classroom Scheduling,Room reservation sync,Faculty Meeting,Auto-closed by scheduling integration.,,29
INC0201454,2025-10-16 06:52:57,2025-10-16 07:10:57,25Live,WIE-142,Wieboldt Hall,Classroom Scheduling,Room reservation sync,MKTG-450-0-61 Brand Strategy,Auto-closed by scheduling integration.,,3
INC0202317,2025-10-16 07:09:02,,25Live,WIE-404,Wieboldt Hall,Classroom Scheduling,Room reservation sync,Student Club Panel Event,,,
INC0202294,2025-10-16 07:38:34,2025-10-16 08:06:34,25Live,WIE-355,Wieboldt Hall,Classroom Scheduling,Room reservation sync,MORS-470-0-51 Negotiations,Auto-closed by scheduling integration.,,1
INC0200378,2025-10-16 11:39:00,2025-10-16 11:41:00,Faculty8533599,,Wieboldt Hall,AV Technical Support,No display / HDMI handshake,HDMI handshake failure after switching from podium PC to laptop.,Power-cycled matrix switcher and re-seated HDMI at podium; signal restored.,A. Okafor,2
INC0200386,2025-10-16 19:49:00,2025-10-18 15:45:00,Student5527458,,Wieboldt Hall,AV Technical Support,Control system / touch panel,'System Starting' hangs indefinitely; room unusable for class.,Replaced failed relay module controlling projector power.,M. Reyes,2636
INC0201244,2025-10-17 05:15:26,2025-10-17 05:35:26,25Live,WIE-142,Wieboldt Hall,Classroom Scheduling,Room reservation sync,Leadership Coaching Session,Auto-closed by scheduling integration.,,15
INC0201184,2025-10-17 06:08:10,2025-10-17 06:32:10,25Live,WIE-306,Wieboldt Hall,Classroom Scheduling,Room reservation sync,Room Hold — Facilities,Auto-closed by scheduling integration.,,22
INC0200045,2025-10-17 08:18:00,2025-10-17 10:11:00,Faculty9022341,WIE-355,Wieboldt Hall,Webconferencing,Zoom/Teams AV routing,Camera feed not appearing in Teams; shows black tile.,Re-seated USB extender at podium; camera re-enumerated in Teams.,J. Whitfield,113
INC0200034,2025-10-17 16:03:00,2025-11-05 19:23:00,Faculty4151624,,Wieboldt Hall,Equipment Maintenance & Repair,Preventative maintenance,Quarterly AV preventative maintenance check.,Room verified ready; minor cable management performed.,L. Ferreira,27560
INC0200977,2025-10-20 05:00:20,2025-10-20 05:12:20,25Live,WIE-258,Wieboldt Hall,Classroom Scheduling,Room reservation sync,DECS-433-0-61 Business Analytics,Auto-closed by scheduling integration.,,18
INC0201937,2025-10-20 05:39:01,2025-10-20 05:46:01,25Live,WIE-306,Wieboldt Hall,Classroom Scheduling,Room reservation sync,MORS-470-0-51 Negotiations,Auto-closed by scheduling integration.,,21
INC0200070,2025-10-20 09:05:00,2025-10-21 09:17:00,Staff2102452,WIE-508,Wieboldt Hall,Equipment Maintenance & Repair,Projector lamp / image quality,"Projector filter warning on startup, image flickering.",Scheduled projector replacement; loaner cart provided in interim.,A. Okafor,1452
INC0200012,2025-10-20 12:06:00,2025-10-22 01:30:00,Student1093523,WIE-110,Wieboldt Hall,AV Technical Support,Control system / touch panel,"Control panel unresponsive to touch, backlight on.",Rebooted control processor; panel reconnected after program reload.,A. Okafor,2244
INC0202001,2025-10-21 05:06:48,2025-10-21 05:29:48,25Live,WIE-441,Wieboldt Hall,Classroom Scheduling,Room reservation sync,MKTG-450-0-61 Brand Strategy,Auto-closed by scheduling integration.,,19
INC0200745,2025-10-21 05:18:09,2025-10-21 05:42:09,25Live,WIE-148,Wieboldt Hall,Classroom Scheduling,Room reservation sync,MECN-425-0-52 Managerial Economics,Auto-closed by scheduling integration.,,5
INC0202419,2025-10-21 05:29:55,2025-10-21 05:50:55,25Live,WIE-142,Wieboldt Hall,Classroom Scheduling,Room reservation sync,MORS-470-0-51 Negotiations,Auto-closed by scheduling integration.,,7
INC0201466,2025-10-21 06:17:02,2025-10-21 06:36:02,25Live,WIE-455,Wieboldt Hall,Classroom Scheduling,Room reservation sync,Student Club Panel Event,Auto-closed by scheduling integration.,,4
INC0201813,2025-10-21 06:48:47,,25Live,WIE-142,Wieboldt Hall,Classroom Scheduling,Room reservation sync,DECS-433-0-61 Business Analytics,,,
INC0200341,2025-10-21 10:29:00,2025-10-23 18:24:00,Faculty1262277,WIE-312,Wieboldt Hall,AV Technical Support,No display / HDMI handshake,HDMI handshake failure after switching from podium PC to laptop.,Manually forced input on switcher; EDID re-handshake resolved the black screen.,R. Calloway,3355
INC0200355,2025-10-21 10:55:00,2025-10-21 16:28:00,Faculty5897095,WIE-355,Wieboldt Hall,Webconferencing,Camera / PTZ,Auto-tracking camera losing instructor near whiteboard.,Recalibrated auto-tracking zones; verified during live class.,D. Lindqvist,333
INC0201051,2025-10-22 05:11:24,2025-10-22 05:29:24,25Live,WIE-205,Wieboldt Hall,Classroom Scheduling,Room reservation sync,Leadership Coaching Session,Auto-closed by scheduling integration.,,28
INC0202392,2025-10-22 05:19:13,,25Live,WIE-205,Wieboldt Hall,Classroom Scheduling,Room reservation sync,MKTG-450-0-61 Brand Strategy,,,
INC0202039,2025-10-22 05:53:45,2025-10-22 06:00:45,25Live,WIE-251,Wieboldt Hall,Classroom Scheduling,Room reservation sync,STRT-452-0-71 Competitive Strategy,Auto-closed by scheduling integration.,,24
INC0200799,2025-10-22 06:29:01,2025-10-22 06:30:01,25Live,WIE-105,Wieboldt Hall,Classroom Scheduling,Room reservation sync,MORS-470-0-51 Negotiations,Auto-closed by scheduling integration.,,13
INC0201626,2025-10-22 06:44:38,2025-10-22 07:12:38,25Live,WIE-441,Wieboldt Hall,Classroom Scheduling,Room reservation sync,Leadership Coaching Session,Auto-closed by scheduling integration.,,13
INC0202523,2025-10-22 07:45:16,2025-10-22 07:49:16,25Live,WIE-251,Wieboldt Hall,Classroom Scheduling,Room reservation sync,Leadership Coaching Session,Auto-closed by scheduling integration.,,7
INC0200524,2025-10-22 15:06:00,2025-10-23 08:25:00,Faculty8620331,,Wieboldt Hall,Lecture Capture,Recording failed / not captured,Recording stopped 20 minutes into class; remainder not captured.,Restarted capture appliance; verified next scheduled recording completed.,A. Okafor,1039
INC0202125,2025-10-23 07:11:05,2025-10-23 07:24:05,25Live,WIE-404,Wieboldt Hall,Classroom Scheduling,Room reservation sync,STRT-452-0-71 Competitive Strategy,Auto-closed by scheduling integration.,,11
INC0200511,2025-10-23 11:38:00,2025-10-25 22:27:00,Faculty2132182,WIE-343,Wieboldt Hall,Equipment Maintenance & Repair,Preventative maintenance,Firmware update window for control devices.,Room verified ready; minor cable management performed.,E. Marsh,3529
INC0200226,2025-10-23 14:28:00,,Faculty1950405,WIE-142,Wieboldt Hall,Setup & Configuration,Event / class AV setup,Microphone and projector setup for guest speaker event.,,A. Okafor,
INC0200742,2025-10-23 16:18:00,2025-10-24 02:49:00,Staff1797653,WIE-105,Wieboldt Hall,AV Technical Support,No display / HDMI handshake,Podium PC displays on confidence monitor but projector screen is black.,Rebooted control processor; input routing restored after reload.,T. Nakamura,631
INC0200537,2025-10-23 18:13:00,,Faculty2856325,WIE-110,Wieboldt Hall,Lecture Capture,Recording failed / not captured,Scheduled class recording did not start; instructor reports no video in portal.,,A. Okafor,
INC0202136,2025-10-24 05:13:01,2025-10-24 05:40:01,25Live,WIE-142,Wieboldt Hall,Classroom Scheduling,Room reservation sync,Student Club Panel Event,Auto-closed by scheduling integration.,,26
INC0202292,2025-10-24 05:34:54,,25Live,WIE-105,Wieboldt Hall,Classroom Scheduling,Room reservation sync,Leadership Coaching Session,,,
INC0201710,2025-10-24 05:38:49,,25Live,WIE-105,Wieboldt Hall,Classroom Scheduling,Room reservation sync,Executive Education Workshop,,,
INC0201168,2025-10-24 06:44:04,2025-10-24 07:08:04,25Live,WIE-148,Wieboldt Hall,Classroom Scheduling,Room reservation sync,Executive Education Workshop,Auto-closed by scheduling integration.,,25
INC0200686,2025-10-24 10:31:00,2025-10-30 16:43:00,Staff3018500,,Wieboldt Hall,Lecture Capture,Recording failed / not captured,Scheduled class recording did not start; instructor reports no video in portal.,Recovered local backup recording and uploaded to course folder.,M. Reyes,9012
INC0202089,2025-10-25 06:40:08,2025-10-25 06:49:08,25Live,WIE-352,Wieboldt Hall,Classroom Scheduling,Room reservation sync,MECN-425-0-52 Managerial Economics,Auto-closed by scheduling integration.,,12
INC0201798,2025-10-25 06:56:36,2025-10-25 07:21:36,25Live,WIE-343,Wieboldt Hall,Classroom Scheduling,Room reservation sync,Room Hold — Facilities,Auto-closed by scheduling integration.,,4
INC0200383,2025-10-26 15:33:00,2025-11-14 03:27:00,Student8033215,WIE-148,Wieboldt Hall,Equipment Maintenance & Repair,Cabling / connectors,"HDMI cable at podium has bent pin, intermittent connection.",Swapped damaged HDMI cable; tested with laptop.,R. Calloway,26634
INC0202369,2025-10-27 05:01:47,2025-10-27 05:06:47,25Live,WIE-251,Wieboldt Hall,Classroom Scheduling,Room reservation sync,Student Club Panel Event,Auto-closed by scheduling integration.,,28
INC0200927,2025-10-27 06:48:39,2025-10-27 07:05:39,25Live,WIE-258,Wieboldt Hall,Classroom Scheduling,Room reservation sync,FINC-430-0-51 Corporate Finance,Auto-closed by scheduling integration.,,22
INC0201604,2025-10-27 07:00:41,2025-10-27 07:01:41,25Live,WIE-355,Wieboldt Hall,Classroom Scheduling,Room reservation sync,MORS-470-0-51 Negotiations,Auto-closed by scheduling integration.,,27
INC0202413,2025-10-27 07:10:23,2025-10-27 07:36:23,25Live,WIE-142,Wieboldt Hall,Classroom Scheduling,Room reservation sync,Executive Education Workshop,Auto-closed by scheduling integration.,,17
INC0200445,2025-10-27 13:37:00,2025-10-28 14:31:00,Faculty5274356,,Wieboldt Hall,AV Technical Support,Podium PC / login,Podium PC extremely slow to load PowerPoint.,Re-joined machine to domain; login verified.,J. Whitfield,1494
INC0201195,2025-10-28 05:03:16,2025-10-28 05:04:16,25Live,WIE-343,Wieboldt Hall,Classroom Scheduling,Room reservation sync,MECN-425-0-52 Managerial Economics,Auto-closed by scheduling integration.,,2
INC0201517,2025-10-28 07:46:52,2025-10-28 07:49:52,25Live,WIE-246,Wieboldt Hall,Classroom Scheduling,Room reservation sync,Faculty Meeting,Auto-closed by scheduling integration.,,13
INC0200342,2025-10-28 11:39:00,2025-10-28 14:32:00,Student7232481,WIE-312,Wieboldt Hall,AV Technical Support,No display / HDMI handshake,Guest speaker laptop not detected on wall plate HDMI input.,Replaced worn HDMI cable at podium wall plate.,D. Lindqvist,173
INC0200709,2025-10-28 13:55:00,2025-11-03 16:04:00,Student2998126,,Wieboldt Hall,equipment maintenance & repair,Projector lamp / image quality,"Projector image noticeably dim, colors washed out.",Replaced projector lamp; brightness restored.,S. Patel,8769
INC0200652,2025-10-28 15:14:00,2025-10-30 11:58:00,Student644084,,Wieboldt Hall,av technical support,Audio / microphone,Laptop audio not playing through room speakers.,Corrected audio routing on touch panel; laptop audio restored.,A. Okafor,2684
INC0200219,2025-10-28 16:10:00,2025-11-02 11:32:00,Faculty459179,,Wieboldt Hall,Consultation,AV consultation / training,Instructor requests best-practice review for hybrid teaching setup.,Recommended equipment configuration; scheduled follow-up.,K. Duval,6922
INC0202214,2025-10-29 05:03:18,2025-10-29 05:04:18,25Live,WIE-142,Wieboldt Hall,Classroom Scheduling,Room reservation sync,Room Hold — Facilities,Auto-closed by scheduling integration.,,26
INC0201186,2025-10-29 05:27:13,2025-10-29 05:47:13,25Live,WIE-352,Wieboldt Hall,Classroom Scheduling,Room reservation sync,STRT-452-0-71 Competitive Strategy,Auto-closed by scheduling integration.,,27
INC0201263,2025-10-29 05:41:20,,25Live,WIE-205,Wieboldt Hall,Classroom Scheduling,Room reservation sync,MORS-470-0-51 Negotiations,,,
INC0201129,2025-10-29 05:50:51,2025-10-29 06:13:51,25Live,WIE-105,Wieboldt Hall,Classroom Scheduling,Room reservation sync,FINC-430-0-51 Corporate Finance,Auto-closed by scheduling integration.,,1
INC0201345,2025-10-29 06:50:41,2025-10-29 07:08:41,25Live,WIE-110,Wieboldt Hall,Classroom Scheduling,Room reservation sync,Leadership Coaching Session,Auto-closed by scheduling integration.,,1
INC0200687,2025-10-29 12:37:00,2026-03-16 08:38:00,Staff5016551,WIE-251,Wieboldt Hall,Lecture Capture,Recording failed / not captured,Lecture recording missing audio track for full session.,Corrected room calendar mapping in capture scheduler.,S. Patel,198481
INC0201922,2025-10-30 05:09:11,,25Live,WIE-142,Wieboldt Hall,Classroom Scheduling,Room reservation sync,Room Hold — Facilities,,,
INC0201718,2025-10-30 05:28:37,2025-10-30 05:43:37,25Live,WIE-258,Wieboldt Hall,Classroom Scheduling,Room reservation sync,MKTG-450-0-61 Brand Strategy,Auto-closed by scheduling integration.,,14
INC0201424,2025-10-30 05:38:39,2025-10-30 05:40:39,25Live,WIE-343,Wieboldt Hall,Classroom Scheduling,Room reservation sync,Student Club Panel Event,Auto-closed by scheduling integration.,,3
INC0202192,2025-10-30 05:40:53,2025-10-30 05:58:53,25Live,WIE-306,Wieboldt Hall,Classroom Scheduling,Room reservation sync,FINC-430-0-51 Corporate Finance,Auto-closed by scheduling integration.,,19
INC0200895,2025-10-30 06:39:00,2025-10-30 06:41:00,25Live,WIE-246,Wieboldt Hall,Classroom Scheduling,Room reservation sync,STRT-452-0-71 Competitive Strategy,Auto-closed by scheduling integration.,,29
INC0200553,2025-10-30 09:07:00,2025-10-30 09:34:00,Faculty9419023,,Wieboldt Hall,AV Technical Support,No display / HDMI handshake,Projector shows brief image then drops to black screen repeatedly.,Replaced worn HDMI cable at podium wall plate.,M. Reyes,27
INC0200376,2025-10-30 09:48:00,2025-10-30 10:51:00,Faculty5094411,,Wieboldt Hall,AV Technical Support,Input switching failure,Touch panel input selection not changing projector source.,Matrix switcher front-panel override cleared; touch panel control restored.,A. Okafor,63
INC0200710,2025-10-30 12:45:00,2025-11-13 18:08:00,Faculty373539,WIE-544,Wieboldt Hall,Equipment Maintenance & Repair,Projector lamp / image quality,"Projector filter warning on startup, image flickering.",Scheduled projector replacement; loaner cart provided in interim.,R. Calloway,20483
INC0200176,2025-10-30 13:03:00,2025-10-30 19:11:00,Student821416,WIE-521,Wieboldt Hall,Webconferencing,Camera / PTZ,PTZ camera not responding to touch panel presets.,Restored camera presets from backup; tracking verified.,D. Lindqvist,368
INC0200664,2025-10-30 17:24:00,2025-11-03 20:05:00,Staff525635,,Wieboldt Hall,Lecture Capture,Capture scheduling / setup,Course recordings publishing to wrong folder; permissions need correction.,Re-mapped publishing folder and corrected course role permissions.,D. Lindqvist,5921
INC0202524,2025-10-31 05:04:56,2025-10-31 05:15:56,25Live,WIE-306,Wieboldt Hall,Classroom Scheduling,Room reservation sync,Leadership Coaching Session,Auto-closed by scheduling integration.,,5
INC0201057,2025-10-31 05:38:01,,25Live,WIE-105,Wieboldt Hall,Classroom Scheduling,Room reservation sync,MKTG-450-0-61 Brand Strategy,,,
INC0201497,2025-10-31 05:50:27,2025-10-31 05:59:27,25Live,WIE-312,Wieboldt Hall,Classroom Scheduling,Room reservation sync,Room Hold — Facilities,Auto-closed by scheduling integration.,,26
INC0200580,2025-10-31 14:34:00,2025-11-29 20:40:00,Student3693673,WIE-343,Wieboldt Hall,AV Technical Support,Podium PC / login,Podium PC extremely slow to load PowerPoint.,Deferred updates to maintenance window; PC available for class.,D. Lindqvist,42126
INC0200538,2025-10-31 20:07:00,2025-10-31 20:45:00,Staff6719342,WIE-110,Wieboldt Hall,Lecture Capture,Recording failed / not captured,Lecture recording missing audio track for full session.,Restarted capture appliance; verified next scheduled recording completed.,A. Okafor,38
INC0202491,2025-11-01 07:20:51,2025-11-01 07:49:51,25Live,WIE-258,Wieboldt Hall,Classroom Scheduling,Room reservation sync,Leadership Coaching Session,Auto-closed by scheduling integration.,,10
INC0201980,2025-11-02 06:40:13,2025-11-02 07:04:13,25Live,WIE-142,Wieboldt Hall,Classroom Scheduling,Room reservation sync,Room Hold — Facilities,Auto-closed by scheduling integration.,,5
INC0201987,2025-11-03 05:19:09,2025-11-03 05:24:09,25Live,WIE-105,Wieboldt Hall,Classroom Scheduling,Room reservation sync,Room Hold — Facilities,Auto-closed by scheduling integration.,,9
INC0201291,2025-11-03 05:39:50,2025-11-03 06:07:50,25Live,WIE-142,Wieboldt Hall,Classroom Scheduling,Room reservation sync,MECN-425-0-52 Managerial Economics,Auto-closed by scheduling integration.,,29
INC0200766,2025-11-04 05:33:30,2025-11-04 05:37:30,25Live,WIE-251,Wieboldt Hall,Classroom Scheduling,Room reservation sync,Admissions Information Session,Auto-closed by scheduling integration.,,7
INC0200554,2025-11-04 13:57:00,2025-11-04 13:59:00,Staff196037,WIE-355,Wieboldt Hall,AV Technical Support,No display / HDMI handshake,Guest speaker laptop not detected on wall plate HDMI input.,Rebooted control processor; input routing restored after reload.,M. Reyes,2
INC0200726,2025-11-04 16:45:00,2025-11-05 05:41:00,Faculty9769010,WIE-306,Wieboldt Hall,Setup & Configuration,Event / class AV setup,Microphone and projector setup for guest speaker event.,Provided requested microphones; staffed first 15 minutes of event.,M. Reyes,776
INC0200558,2025-11-04 19:53:00,2025-11-11 14:33:00,Faculty3974645,WIE-258,Wieboldt Hall,Setup & Configuration,Event / class AV setup,AV setup requested for admissions information session.,Completed setup and tested with event organizer.,T. Nakamura,9760
INC0200980,2025-11-05 05:24:27,2025-11-05 05:47:27,25Live,WIE-105,Wieboldt Hall,Classroom Scheduling,Room reservation sync,FINC-430-0-51 Corporate Finance,Auto-closed by scheduling integration.,,10
INC0201826,2025-11-05 05:26:29,2025-11-05 05:34:29,25Live,WIE-110,Wieboldt Hall,Classroom Scheduling,Room reservation sync,DECS-433-0-61 Business Analytics,Auto-closed by scheduling integration.,,17
INC0202074,2025-11-05 06:35:18,2025-11-05 06:58:18,25Live,WIE-355,Wieboldt Hall,Classroom Scheduling,Room reservation sync,Admissions Information Session,Auto-closed by scheduling integration.,,7
INC0202128,2025-11-05 07:16:17,2025-11-05 07:23:17,25Live,WIE-251,Wieboldt Hall,Classroom Scheduling,Room reservation sync,MORS-470-0-51 Negotiations,Auto-closed by scheduling integration.,,24
INC0200401,2025-11-05 16:23:00,2025-11-05 16:50:00,Faculty8525344,,Wieboldt Hall,AV Technical Support,Input switching failure,Touch panel input selection not changing projector source.,Reloaded control program; input switching functional.,S. Patel,27
INC0200555,2025-11-05 18:11:00,2025-11-05 20:17:00,Faculty8085341,WIE-355,Wieboldt Hall,AV Technical Support,No display / HDMI handshake,Instructor laptop connected via HDMI but projector shows 'No Signal'.,Manually forced input on switcher; EDID re-handshake resolved the black screen.,J. Whitfield,126
INC0200468,2025-11-05 20:17:00,2025-11-05 23:10:00,Staff1763489,WIE-343,Wieboldt Hall,lecture capture,Recording failed / not captured,Lecture recording missing audio track for full session.,Re-seated audio feed to appliance; levels verified on test recording.,A. Okafor,173
INC0201240,2025-11-06 05:02:38,,25Live,WIE-312,Wieboldt Hall,Classroom Scheduling,Room reservation sync,ACCT-410-0-51 Financial Accounting,,,
INC0201037,2025-11-06 05:11:29,2025-11-06 05:20:29,25Live,WIE-142,Wieboldt Hall,Classroom Scheduling,Room reservation sync,MORS-470-0-51 Negotiations,Auto-closed by scheduling integration.,,26
INC0201273,2025-11-06 05:28:17,2025-11-06 05:39:17,25Live,WIE-110,Wieboldt Hall,Classroom Scheduling,Room reservation sync,MKTG-450-0-61 Brand Strategy,Auto-closed by scheduling integration.,,3
INC0202336,2025-11-06 06:28:26,2025-11-06 06:35:26,25Live,WIE-105,Wieboldt Hall,Classroom Scheduling,Room reservation sync,Room Hold — Facilities,Auto-closed by scheduling integration.,,5
INC0200581,2025-11-06 10:54:00,2025-11-15 20:16:00,Faculty2383297,WIE-343,Wieboldt Hall,AV Technical Support,Podium PC / login,Instructor cannot log in to podium PC with NetID.,Re-joined machine to domain; login verified.,A. Okafor,13522
INC0200177,2025-11-07 12:09:00,2025-11-08 07:44:00,Faculty6970467,WIE-521,Wieboldt Hall,Webconferencing,Camera / PTZ,PTZ camera not responding to touch panel presets.,Recalibrated auto-tracking zones; verified during live class.,M. Reyes,1175
INC0200446,2025-11-07 18:07:00,2025-11-07 18:09:00,Faculty3249139,WIE-110,Wieboldt Hall,AV Technical Support,Podium PC / login,Instructor cannot log in to podium PC with NetID.,Re-joined machine to domain; login verified.,D. Lindqvist,2
INC0200343,2025-11-08 08:59:00,2025-11-08 20:12:00,Staff9194374,,Wieboldt Hall,AV Technical Support,No display / HDMI handshake,Instructor laptop connected via HDMI but projector shows 'No Signal'.,Rebooted control processor; input routing restored after reload.,A. Okafor,673
INC0202345,2025-11-10 05:33:50,2025-11-10 05:57:50,25Live,WIE-355,Wieboldt Hall,Classroom Scheduling,Room reservation sync,STRT-452-0-71 Competitive Strategy,Auto-closed by scheduling integration.,,11
INC0201163,2025-11-10 05:39:17,,25Live,WIE-105,Wieboldt Hall,Classroom Scheduling,Room reservation sync,Faculty Meeting,,,
INC0201480,2025-11-10 05:49:53,,25Live,WIE-355,Wieboldt Hall,Classroom Scheduling,Room reservation sync,MECN-425-0-52 Managerial Economics,,,
INC0201386,2025-11-10 06:42:47,2025-11-10 06:57:47,25Live,WIE-110,Wieboldt Hall,Classroom Scheduling,Room reservation sync,Executive Education Workshop,Auto-closed by scheduling integration.,,18
INC0201321,2025-11-10 07:06:27,2025-11-10 07:15:27,25Live,WIE-355,Wieboldt Hall,Classroom Scheduling,Room reservation sync,FINC-430-0-51 Corporate Finance,Auto-closed by scheduling integration.,,8
INC0201985,2025-11-10 07:50:39,2025-11-10 08:00:39,25Live,WIE-105,Wieboldt Hall,Classroom Scheduling,Room reservation sync,Room Hold — Facilities,Auto-closed by scheduling integration.,,3
INC0202478,2025-11-10 07:59:41,2025-11-10 08:08:41,25Live,WIE-306,Wieboldt Hall,Classroom Scheduling,Room reservation sync,Leadership Coaching Session,Auto-closed by scheduling integration.,,14
INC0202319,2025-11-11 05:17:58,2025-11-11 05:39:58,25Live,WIE-343,Wieboldt Hall,Classroom Scheduling,Room reservation sync,MECN-425-0-52 Managerial Economics,Auto-closed by scheduling integration.,,7
INC0201472,2025-11-11 05:28:00,2025-11-11 05:33:00,25Live,WIE-343,Wieboldt Hall,Classroom Scheduling,Room reservation sync,MKTG-450-0-61 Brand Strategy,Auto-closed by scheduling integration.,,13
INC0201108,2025-11-11 05:59:55,2025-11-11 06:27:55,25Live,WIE-355,Wieboldt Hall,Classroom Scheduling,Room reservation sync,OPNS-430-0-62 Operations Management,Auto-closed by scheduling integration.,,11
INC0202291,2025-11-11 06:09:58,2025-11-11 06:14:58,25Live,WIE-142,Wieboldt Hall,Classroom Scheduling,Room reservation sync,Leadership Coaching Session,Auto-closed by scheduling integration.,,21
INC0201339,2025-11-11 06:41:05,2025-11-11 06:51:05,25Live,WIE-246,Wieboldt Hall,Classroom Scheduling,Room reservation sync,Executive Education Workshop,Auto-closed by scheduling integration.,,18
INC0201457,2025-11-11 06:49:37,2025-11-11 07:04:37,25Live,WIE-110,Wieboldt Hall,Classroom Scheduling,Room reservation sync,MKTG-450-0-61 Brand Strategy,Auto-closed by scheduling integration.,,3
INC0200939,2025-11-11 07:57:58,2025-11-11 07:58:58,25Live,WIE-343,Wieboldt Hall,Classroom Scheduling,Room reservation sync,MECN-425-0-52 Managerial Economics,Auto-closed by scheduling integration.,,2
INC0201452,2025-11-12 06:18:37,2025-11-12 06:37:37,25Live,WIE-205,Wieboldt Hall,Classroom Scheduling,Room reservation sync,Admissions Information Session,Auto-closed by scheduling integration.,,15
INC0202321,2025-11-12 07:06:36,2025-11-12 07:20:36,25Live,WIE-355,Wieboldt Hall,Classroom Scheduling,Room reservation sync,Executive Education Workshop,Auto-closed by scheduling integration.,,25
INC0202267,2025-11-13 05:13:19,2025-11-13 05:29:19,25Live,WIE-306,Wieboldt Hall,Classroom Scheduling,Room reservation sync,Admissions Information Session,Auto-closed by scheduling integration.,,19
INC0201507,2025-11-13 05:45:31,,25Live,WIE-312,Wieboldt Hall,Classroom Scheduling,Room reservation sync,Room Hold — Facilities,,,
INC0202389,2025-11-13 06:20:13,,25Live,WIE-312,Wieboldt Hall,Classroom Scheduling,Room reservation sync,Student Club Panel Event,,,
INC0201994,2025-11-13 06:26:34,2025-11-13 06:27:34,25Live,WIE-142,Wieboldt Hall,Classroom Scheduling,Room reservation sync,MORS-470-0-51 Negotiations,Auto-closed by scheduling integration.,,9
INC0202042,2025-11-13 07:25:37,2025-11-13 07:47:37,25Live,WIE-306,Wieboldt Hall,Classroom Scheduling,Room reservation sync,FINC-430-0-51 Corporate Finance,Auto-closed by scheduling integration.,,23
INC0200414,2025-11-13 10:31:00,2026-02-20 00:12:00,Staff1081491,WIE-404,Wieboldt Hall,Lecture Capture,Capture scheduling / setup,Course recordings publishing to wrong folder; permissions need correction.,Re-mapped publishing folder and corrected course role permissions.,A. Okafor,141941
INC0200424,2025-11-13 20:53:00,2025-11-14 19:05:00,Student4716478,WIE-142,Wieboldt Hall,AV Technical Support,No display / HDMI handshake,Podium PC displays on confidence monitor but projector screen is black.,Rebooted control processor; input routing restored after reload.,S. Patel,1332
INC0201064,2025-11-14 05:16:38,2025-11-14 05:30:38,25Live,WIE-318,Wieboldt Hall,Classroom Scheduling,Room reservation sync,STRT-452-0-71 Competitive Strategy,Auto-closed by scheduling integration.,,25
INC0201776,2025-11-14 06:37:59,,25Live,WIE-105,Wieboldt Hall,Classroom Scheduling,Room reservation sync,DECS-433-0-61 Business Analytics,,,
INC0201325,2025-11-15 07:10:36,2025-11-15 07:28:36,25Live,WIE-251,Wieboldt Hall,Classroom Scheduling,Room reservation sync,Room Hold — Facilities,Auto-closed by scheduling integration.,,16
INC0200095,2025-11-15 17:46:00,2025-11-15 17:55:00,Faculty7081383,WIE-105,Wieboldt Hall,Setup & Configuration,Event / class AV setup,AV setup requested for admissions information session.,Provided requested microphones; staffed first 15 minutes of event.,M. Reyes,9
INC0200887,2025-11-16 06:20:58,2025-11-16 06:37:58,25Live,WIE-142,Wieboldt Hall,Classroom Scheduling,Room reservation sync,Student Club Panel Event,Auto-closed by scheduling integration.,,18
INC0202095,2025-11-16 06:50:50,2025-11-16 07:02:50,25Live,WIE-142,Wieboldt Hall,Classroom Scheduling,Room reservation sync,Leadership Coaching Session,Auto-closed by scheduling integration.,,7
INC0200030,2025-11-17 14:17:00,2025-11-17 14:32:00,Staff2571056,,Wieboldt Hall,Equipment Maintenance & Repair,Projector lamp / image quality,"Projector image noticeably dim, colors washed out.",Replaced projector lamp; brightness restored.,D. Lindqvist,15
INC0201974,2025-11-18 05:01:05,2025-11-18 05:25:05,25Live,WIE-110,Wieboldt Hall,Classroom Scheduling,Room reservation sync,MECN-425-0-52 Managerial Economics,Auto-closed by scheduling integration.,,7
INC0200828,2025-11-18 05:30:29,,25Live,WIE-355,Wieboldt Hall,Classroom Scheduling,Room reservation sync,ACCT-410-0-51 Financial Accounting,,,
INC0200877,2025-11-18 05:38:03,,25Live,WIE-258,Wieboldt Hall,Classroom Scheduling,Room reservation sync,OPNS-430-0-62 Operations Management,,,
INC0201365,2025-11-18 06:38:46,,25Live,WIE-205,Wieboldt Hall,Classroom Scheduling,Room reservation sync,DECS-433-0-61 Business Analytics,,,
INC0202320,2025-11-18 06:53:38,2025-11-18 07:04:38,25Live,WIE-142,Wieboldt Hall,Classroom Scheduling,Room reservation sync,Leadership Coaching Session,Auto-closed by scheduling integration.,,28
INC0200402,2025-11-18 08:07:00,2025-11-18 08:18:00,Faculty1995275,WIE-142,Wieboldt Hall,AV Technical Support,Input switching failure,Room stuck on document camera input; cannot switch back to podium PC.,Matrix switcher front-panel override cleared; touch panel control restored.,D. Lindqvist,11
INC0200082,2025-11-18 10:23:00,2025-11-18 10:57:00,Faculty1648062,WIE-312,Wieboldt Hall,AV Technical Support,Audio / microphone,Program audio works but mic audio not reinforced in room.,Swapped faulty bodypack transmitter with spare unit.,E. Marsh,34
INC0200706,2025-11-18 13:56:00,2025-11-18 18:10:00,Student2070229,WIE-312,Wieboldt Hall,AV Technical Support,Input switching failure,Instructor unable to switch between laptop and PC mid-class.,Reloaded control program; input switching functional.,S. Patel,254
INC0200175,2025-11-18 16:46:00,2025-12-05 11:38:00,Student7134010,WIE-251,Wieboldt Hall,Consultation,AV consultation / training,Department asks for guidance on recording equipment for workshop series.,Reviewed hybrid workflow and set camera/audio defaults with instructor.,M. Reyes,24172
INC0200585,2025-11-18 21:08:00,2025-11-21 14:38:00,Student5231379,WIE-251,Wieboldt Hall,Consultation,AV consultation / training,Instructor requests best-practice review for hybrid teaching setup.,Reviewed hybrid workflow and set camera/audio defaults with instructor.,J. Whitfield,3930
INC0201090,2025-11-19 05:09:18,2025-11-19 05:14:18,25Live,WIE-343,Wieboldt Hall,Classroom Scheduling,Room reservation sync,ACCT-410-0-51 Financial Accounting,Auto-closed by scheduling integration.,,28
INC0201622,2025-11-19 05:36:58,2025-11-19 05:52:58,25Live,WIE-412,Wieboldt Hall,Classroom Scheduling,Room reservation sync,Executive Education Workshop,Auto-closed by scheduling integration.,,12
INC0201100,2025-11-19 07:33:22,2025-11-19 07:59:22,25Live,WIE-355,Wieboldt Hall,Classroom Scheduling,Room reservation sync,Student Club Panel Event,Auto-closed by scheduling integration.,,27
INC0200425,2025-11-19 11:24:00,2025-11-20 16:39:00,Faculty3847462,WIE-142,Wieboldt Hall,AV Technical Support,No display / HDMI handshake,Instructor laptop connected via HDMI but projector shows 'No Signal'.,Rebooted control processor; input routing restored after reload.,A. Okafor,1755
INC0202252,2025-11-20 06:23:08,2025-11-20 06:29:08,25Live,WIE-142,Wieboldt Hall,Classroom Scheduling,Room reservation sync,MKTG-450-0-61 Brand Strategy,Auto-closed by scheduling integration.,,7
INC0202199,2025-11-20 06:30:09,2025-11-20 06:55:09,25Live,WIE-142,Wieboldt Hall,Classroom Scheduling,Room reservation sync,Student Club Panel Event,Auto-closed by scheduling integration.,,21
INC0200090,2025-11-20 09:18:00,2025-11-27 00:44:00,Faculty8882409,WIE-105,Wieboldt Hall,Webconferencing,Camera / PTZ,PTZ camera not responding to touch panel presets.,Restored camera presets from backup; tracking verified.,M. Reyes,9566
INC0200635,2025-11-20 11:43:00,2025-11-21 16:21:00,Faculty7201497,WIE-312,Wieboldt Hall,Consultation,AV consultation / training,Department asks for guidance on recording equipment for workshop series.,Recommended equipment configuration; scheduled follow-up.,M. Reyes,1718
INC0200084,2025-11-20 15:27:00,,Student3811396,WIE-246,Wieboldt Hall,Webconferencing,Zoom/Teams AV routing,Camera feed not appearing in Teams; shows black tile.,,D. Lindqvist,
INC0201249,2025-11-21 05:17:15,2025-11-21 05:22:15,25Live,WIE-258,Wieboldt Hall,Classroom Scheduling,Room reservation sync,MECN-425-0-52 Managerial Economics,Auto-closed by scheduling integration.,,23
INC0201252,2025-11-21 05:19:49,,25Live,WIE-246,Wieboldt Hall,Classroom Scheduling,Room reservation sync,Room Hold — Facilities,,,
INC0202037,2025-11-21 07:57:28,2025-11-21 08:03:28,25Live,WIE-355,Wieboldt Hall,Classroom Scheduling,Room reservation sync,Room Hold — Facilities,Auto-closed by scheduling integration.,,10
INC0201839,2025-11-24 05:56:41,,25Live,WIE-148,Wieboldt Hall,Classroom Scheduling,Room reservation sync,MKTG-450-0-61 Brand Strategy,,,
INC0202353,2025-11-25 05:02:37,2025-11-25 05:23:37,25Live,WIE-455,Wieboldt Hall,Classroom Scheduling,Room reservation sync,Room Hold — Facilities,Auto-closed by scheduling integration.,,15
INC0201828,2025-11-25 05:20:00,2025-11-25 05:46:00,25Live,WIE-258,Wieboldt Hall,Classroom Scheduling,Room reservation sync,Executive Education Workshop,Auto-closed by scheduling integration.,,21
INC0202405,2025-11-25 05:36:06,2025-11-25 05:43:06,25Live,WIE-251,Wieboldt Hall,Classroom Scheduling,Room reservation sync,MECN-425-0-52 Managerial Economics,Auto-closed by scheduling integration.,,12
INC0201095,2025-11-25 05:50:00,2025-11-25 06:01:00,25Live,WIE-251,Wieboldt Hall,Classroom Scheduling,Room reservation sync,Faculty Meeting,Auto-closed by scheduling integration.,,9
INC0201224,2025-11-25 06:28:27,2025-11-25 06:34:27,25Live,WIE-544,Wieboldt Hall,Classroom Scheduling,Room reservation sync,Faculty Meeting,Auto-closed by scheduling integration.,,15
INC0201869,2025-11-25 06:30:14,,25Live,WIE-142,Wieboldt Hall,Classroom Scheduling,Room reservation sync,STRT-452-0-71 Competitive Strategy,,,
INC0202386,2025-11-25 06:36:00,2025-11-25 06:46:00,25Live,WIE-251,Wieboldt Hall,Classroom Scheduling,Room reservation sync,STRT-452-0-71 Competitive Strategy,Auto-closed by scheduling integration.,,8
INC0200085,2025-11-25 16:32:00,2025-11-26 00:48:00,Faculty2247643,,Wieboldt Hall,Webconferencing,Zoom/Teams AV routing,Zoom shows wrong camera; instructor blocked at class start.,Selected correct USB bridge as mic/speaker in Zoom; verified with test call.,A. Okafor,496
INC0201550,2025-11-26 06:39:25,2025-11-26 06:45:25,25Live,WIE-251,Wieboldt Hall,Classroom Scheduling,Room reservation sync,DECS-433-0-61 Business Analytics,Auto-closed by scheduling integration.,,26
INC0200013,2025-11-26 08:11:00,2025-11-26 11:09:00,Staff3972002,,Wieboldt Hall,AV Technical Support,Input switching failure,Touch panel input selection not changing projector source.,Walked instructor through manual input selection; scheduled switcher config review.,M. Reyes,178
INC0200666,2025-11-26 12:46:00,2025-11-27 21:26:00,Faculty4595671,WIE-343,Wieboldt Hall,Consultation,AV consultation / training,New faculty member requests walkthrough of classroom AV system.,Reviewed hybrid workflow and set camera/audio defaults with instructor.,D. Lindqvist,1960
INC0200737,2025-11-26 12:54:00,2025-11-26 12:56:00,Faculty154321,WIE-258,Wieboldt Hall,Lecture Capture,Recording failed / not captured,Recording stopped 20 minutes into class; remainder not captured.,Corrected room calendar mapping in capture scheduler.,M. Reyes,2
INC0201230,2025-11-27 05:21:35,2025-11-27 05:26:35,25Live,WIE-355,Wieboldt Hall,Classroom Scheduling,Room reservation sync,FINC-430-0-51 Corporate Finance,Auto-closed by scheduling integration.,,14
INC0201676,2025-11-27 05:59:23,2025-11-27 06:10:23,25Live,WIE-312,Wieboldt Hall,Classroom Scheduling,Room reservation sync,Executive Education Workshop,Auto-closed by scheduling integration.,,2
INC0200882,2025-11-27 07:07:51,2025-11-27 07:17:51,25Live,WIE-142,Wieboldt Hall,Classroom Scheduling,Room reservation sync,MKTG-450-0-61 Brand Strategy,Auto-closed by scheduling integration.,,12
INC0201908,2025-11-27 07:08:54,,25Live,WIE-258,Wieboldt Hall,Classroom Scheduling,Room reservation sync,ACCT-410-0-51 Financial Accounting,,,
INC0202354,2025-11-27 07:09:14,2025-11-27 07:30:14,25Live,WIE-110,Wieboldt Hall,Classroom Scheduling,Room reservation sync,Faculty Meeting,Auto-closed by scheduling integration.,,25
INC0202521,2025-11-27 07:09:55,2025-11-27 07:17:55,25Live,WIE-110,Wieboldt Hall,Classroom Scheduling,Room reservation sync,MKTG-450-0-61 Brand Strategy,Auto-closed by scheduling integration.,,7
INC0202107,2025-11-28 05:10:19,2025-11-28 05:37:19,25Live,WIE-258,Wieboldt Hall,Classroom Scheduling,Room reservation sync,MKTG-450-0-61 Brand Strategy,Auto-closed by scheduling integration.,,19
INC0201529,2025-11-28 05:39:36,2025-11-28 05:58:36,25Live,WIE-343,Wieboldt Hall,Classroom Scheduling,Room reservation sync,Admissions Information Session,Auto-closed by scheduling integration.,,17
INC0201150,2025-11-28 06:02:18,,25Live,WIE-105,Wieboldt Hall,Classroom Scheduling,Room reservation sync,Admissions Information Session,,,
INC0200263,2025-11-28 07:49:00,2025-11-28 20:12:00,Student5842636,WIE-148,Wieboldt Hall,Setup & Configuration,Event / class AV setup,Panel discussion: three handhelds and confidence monitor requested.,Configured room for panel format; struck equipment after event.,S. Patel,743
INC0200032,2025-11-28 16:51:00,2026-01-09 01:18:00,Faculty6724281,,Wieboldt Hall,Setup & Configuration,Event / class AV setup,Panel discussion: three handhelds and confidence monitor requested.,Completed setup and tested with event organizer.,S. Patel,59547
INC0201940,2025-11-29 05:02:08,,25Live,WIE-355,Wieboldt Hall,Classroom Scheduling,Room reservation sync,Executive Education Workshop,,,
INC0201585,2025-11-29 05:03:28,2025-11-29 05:30:28,25Live,WIE-441,Wieboldt Hall,Classroom Scheduling,Room reservation sync,ACCT-410-0-51 Financial Accounting,Auto-closed by scheduling integration.,,23
INC0201462,2025-11-29 05:20:30,,25Live,WIE-142,Wieboldt Hall,Classroom Scheduling,Room reservation sync,Room Hold — Facilities,,,
INC0201745,2025-11-29 05:35:50,2025-11-29 06:04:50,25Live,WIE-258,Wieboldt Hall,Classroom Scheduling,Room reservation sync,Executive Education Workshop,Auto-closed by scheduling integration.,,11
INC0200793,2025-11-29 07:20:55,2025-11-29 07:31:55,25Live,WIE-258,Wieboldt Hall,Classroom Scheduling,Room reservation sync,Executive Education Workshop,Auto-closed by scheduling integration.,,7
INC0202476,2025-11-30 07:01:57,,25Live,WIE-251,Wieboldt Hall,Classroom Scheduling,Room reservation sync,ACCT-410-0-51 Financial Accounting,,,
INC0202326,2025-12-01 05:49:09,2025-12-01 06:18:09,25Live,WIE-142,Wieboldt Hall,Classroom Scheduling,Room reservation sync,OPNS-430-0-62 Operations Management,Auto-closed by scheduling integration.,,27
INC0202224,2025-12-01 06:44:40,2025-12-01 07:13:40,25Live,WIE-110,Wieboldt Hall,Classroom Scheduling,Room reservation sync,Room Hold — Facilities,Auto-closed by scheduling integration.,,8
INC0200827,2025-12-01 07:27:54,2025-12-01 07:34:54,25Live,WIE-246,Wieboldt Hall,Classroom Scheduling,Room reservation sync,MORS-470-0-51 Negotiations,Auto-closed by scheduling integration.,,10
INC0202096,2025-12-02 07:20:44,2025-12-02 07:34:44,25Live,WIE-318,Wieboldt Hall,Classroom Scheduling,Room reservation sync,DECS-433-0-61 Business Analytics,Auto-closed by scheduling integration.,,5
INC0201018,2025-12-03 05:27:05,2025-12-03 05:47:05,25Live,WIE-105,Wieboldt Hall,Classroom Scheduling,Room reservation sync,MECN-425-0-52 Managerial Economics,Auto-closed by scheduling integration.,,11
INC0202092,2025-12-03 05:27:31,2025-12-03 05:48:31,25Live,WIE-343,Wieboldt Hall,Classroom Scheduling,Room reservation sync,Admissions Information Session,Auto-closed by scheduling integration.,,7
INC0202129,2025-12-03 05:41:54,2025-12-03 05:53:54,25Live,WIE-355,Wieboldt Hall,Classroom Scheduling,Room reservation sync,ACCT-410-0-51 Financial Accounting,Auto-closed by scheduling integration.,,29
INC0200923,2025-12-03 05:57:53,2025-12-03 06:22:53,25Live,WIE-312,Wieboldt Hall,Classroom Scheduling,Room reservation sync,MORS-470-0-51 Negotiations,Auto-closed by scheduling integration.,,2
INC0201616,2025-12-04 05:36:55,,25Live,WIE-306,Wieboldt Hall,Classroom Scheduling,Room reservation sync,Admissions Information Session,,,
INC0200014,2025-12-04 18:57:00,2025-12-25 00:27:00,Faculty7554675,WIE-142,Wieboldt Hall,AV Technical Support,Input switching failure,Room stuck on document camera input; cannot switch back to podium PC.,Matrix switcher front-panel override cleared; touch panel control restored.,S. Patel,29130
INC0200150,2025-12-05 16:23:00,2025-12-22 22:28:00,Student2825557,WIE-441,Wieboldt Hall,Equipment Maintenance & Repair,Cabling / connectors,"Wall plate faceplate loose, cable strain on connector.",Re-secured wall plate and tested all inputs.,J. Whitfield,24845
INC0201341,2025-12-06 05:30:12,2025-12-06 05:48:12,25Live,WIE-343,Wieboldt Hall,Classroom Scheduling,Room reservation sync,Executive Education Workshop,Auto-closed by scheduling integration.,,6
INC0201712,2025-12-08 05:53:40,2025-12-08 06:00:40,25Live,WIE-312,Wieboldt Hall,Classroom Scheduling,Room reservation sync,Executive Education Workshop,Auto-closed by scheduling integration.,,19
INC0201893,2025-12-08 07:48:53,,25Live,WIE-148,Wieboldt Hall,Classroom Scheduling,Room reservation sync,Executive Education Workshop,,,
INC0200989,2025-12-09 06:41:50,2025-12-09 06:54:50,25Live,WIE-105,Wieboldt Hall,Classroom Scheduling,Room reservation sync,Leadership Coaching Session,Auto-closed by scheduling integration.,,27
INC0201522,2025-12-09 07:17:39,2025-12-09 07:46:39,25Live,WIE-355,Wieboldt Hall,Classroom Scheduling,Room reservation sync,Room Hold — Facilities,Auto-closed by scheduling integration.,,8
INC0200349,2025-12-10 12:02:00,2025-12-13 02:33:00,Student4678614,WIE-105,Wieboldt Hall,Lecture Capture,Recording failed / not captured,Capture appliance offline; last three scheduled recordings missing.,Restarted capture appliance; verified next scheduled recording completed.,D. Lindqvist,3751
INC0202420,2025-12-11 05:17:13,2025-12-11 05:39:13,25Live,WIE-258,Wieboldt Hall,Classroom Scheduling,Room reservation sync,Leadership Coaching Session,Auto-closed by scheduling integration.,,11
INC0201155,2025-12-11 05:32:55,2025-12-11 05:56:55,25Live,WIE-318,Wieboldt Hall,Classroom Scheduling,Room reservation sync,Executive Education Workshop,Auto-closed by scheduling integration.,,26
INC0202339,2025-12-11 05:36:41,2025-12-11 06:02:41,25Live,WIE-404,Wieboldt Hall,Classroom Scheduling,Room reservation sync,Executive Education Workshop,Auto-closed by scheduling integration.,,13
INC0200436,2025-12-11 14:05:00,2026-02-28 09:15:00,Faculty4768636,,Wieboldt Hall,Equipment Maintenance & Repair,Projector lamp / image quality,"Yellow tint on projected image, worse on left side.",Replaced projector lamp; brightness restored.,M. Reyes,113470
INC0201248,2025-12-12 05:56:59,2025-12-12 06:04:59,25Live,WIE-148,Wieboldt Hall,Classroom Scheduling,Room reservation sync,MORS-470-0-51 Negotiations,Auto-closed by scheduling integration.,,23
INC0200026,2025-12-13 07:18:00,2025-12-13 11:00:00,Faculty2880431,WIE-110,Wieboldt Hall,AV Technical Support,Podium PC / login,Podium PC extremely slow to load PowerPoint.,Cleared temp files and restarted; escalated for RAM upgrade.,A. Okafor,222
INC0200423,2025-12-13 11:44:00,2025-12-27 05:19:00,Student6664104,,Wieboldt Hall,Equipment Maintenance & Repair,Projector lamp / image quality,"Projector image noticeably dim, colors washed out.",Scheduled projector replacement; loaner cart provided in interim.,A. Okafor,19775
INC0200858,2025-12-14 06:17:01,2025-12-14 06:33:01,25Live,WIE-142,Wieboldt Hall,Classroom Scheduling,Room reservation sync,Student Club Panel Event,Auto-closed by scheduling integration.,,8
INC0202394,2025-12-15 06:06:02,2025-12-15 06:26:02,25Live,WIE-105,Wieboldt Hall,Classroom Scheduling,Room reservation sync,Executive Education Workshop,Auto-closed by scheduling integration.,,17
INC0200922,2025-12-15 06:26:23,2025-12-15 06:47:23,25Live,WIE-412,Wieboldt Hall,Classroom Scheduling,Room reservation sync,MORS-470-0-51 Negotiations,Auto-closed by scheduling integration.,,5
INC0201210,2025-12-16 06:14:47,2025-12-16 06:21:47,25Live,WIE-544,Wieboldt Hall,Classroom Scheduling,Room reservation sync,MKTG-450-0-61 Brand Strategy,Auto-closed by scheduling integration.,,2
INC0200985,2025-12-17 06:41:20,2025-12-17 06:54:20,25Live,WIE-246,Wieboldt Hall,Classroom Scheduling,Room reservation sync,Admissions Information Session,Auto-closed by scheduling integration.,,27
INC0201542,2025-12-18 05:20:19,2025-12-18 05:34:19,25Live,WIE-258,Wieboldt Hall,Classroom Scheduling,Room reservation sync,Admissions Information Session,Auto-closed by scheduling integration.,,11
INC0200229,2025-12-18 12:52:00,2025-12-18 13:13:00,Faculty391093,,Wieboldt Hall,Lecture Capture,Recording failed / not captured,Scheduled class recording did not start; instructor reports no video in portal.,Re-seated audio feed to appliance; levels verified on test recording.,M. Reyes,21
INC0200230,2025-12-19 14:52:00,2026-01-09 05:45:00,Staff7574448,WIE-343,Wieboldt Hall,Lecture Capture,Recording failed / not captured,Recording stopped 20 minutes into class; remainder not captured.,Corrected room calendar mapping in capture scheduler.,T. Nakamura,29693
INC0200571,2025-12-19 17:14:00,2025-12-20 05:34:00,Student2530349,,Wieboldt Hall,Webconferencing,Zoom/Teams AV routing,Zoom shows wrong camera; instructor blocked at class start.,Re-seated USB extender at podium; camera re-enumerated in Teams.,M. Reyes,740
INC0200298,2025-12-20 14:20:00,2025-12-21 10:05:00,Faculty3239093,WIE-105,Wieboldt Hall,Lecture Capture,Recording failed / not captured,Scheduled class recording did not start; instructor reports no video in portal.,Restarted capture appliance; verified next scheduled recording completed.,M. Reyes,1185
INC0201200,2025-12-21 06:09:07,2025-12-21 06:18:07,25Live,WIE-537,Wieboldt Hall,Classroom Scheduling,Room reservation sync,Leadership Coaching Session,Auto-closed by scheduling integration.,,9
INC0202489,2025-12-22 05:14:40,2025-12-22 05:15:40,25Live,WIE-110,Wieboldt Hall,Classroom Scheduling,Room reservation sync,STRT-452-0-71 Competitive Strategy,Auto-closed by scheduling integration.,,16
INC0200572,2025-12-22 10:55:00,2025-12-28 12:16:00,Student4721150,WIE-404,Wieboldt Hall,Webconferencing,Zoom/Teams AV routing,Remote participants cannot hear in-room audio on Zoom call.,Re-seated USB extender at podium; camera re-enumerated in Teams.,A. Okafor,8721
INC0200027,2025-12-22 14:21:00,2026-02-21 19:18:00,Student500160,WIE-110,Wieboldt Hall,AV Technical Support,Podium PC / login,Podium PC stuck on Windows update at class start.,Deferred updates to maintenance window; PC available for class.,L. Ferreira,88137
INC0200944,2025-12-23 05:17:05,2025-12-23 05:32:05,25Live,WIE-246,Wieboldt Hall,Classroom Scheduling,Room reservation sync,MKTG-450-0-61 Brand Strategy,Auto-closed by scheduling integration.,,26
INC0202257,2025-12-24 05:20:45,2025-12-24 05:40:45,25Live,WIE-404,Wieboldt Hall,Classroom Scheduling,Room reservation sync,Executive Education Workshop,Auto-closed by scheduling integration.,,22
INC0202226,2025-12-24 06:21:10,2025-12-24 06:47:10,25Live,WIE-105,Wieboldt Hall,Classroom Scheduling,Room reservation sync,MECN-425-0-52 Managerial Economics,Auto-closed by scheduling integration.,,22
INC0200670,2025-12-24 09:45:00,2025-12-24 14:41:00,Faculty1954430,WIE-312,Wieboldt Hall,AV Technical Support,Input switching failure,Instructor unable to switch between laptop and PC mid-class.,Walked instructor through manual input selection; scheduled switcher config review.,L. Ferreira,296
INC0200671,2025-12-28 13:53:00,2025-12-28 16:57:00,Faculty5450104,WIE-312,Wieboldt Hall,AV Technical Support,Input switching failure,Instructor unable to switch between laptop and PC mid-class.,Matrix switcher front-panel override cleared; touch panel control restored.,M. Reyes,184
INC0202539,2025-12-29 07:09:49,2025-12-29 07:17:49,25Live,WIE-343,Wieboldt Hall,Classroom Scheduling,Room reservation sync,Executive Education Workshop,Auto-closed by scheduling integration.,,24
INC0200471,2025-12-30 09:27:00,2025-12-30 09:40:00,Faculty5369203,WIE-251,Wieboldt Hall,AV Technical Support,No display / HDMI handshake,HDMI handshake failure after switching from podium PC to laptop.,Replaced worn HDMI cable at podium wall plate.,A. Okafor,13
INC0200408,2025-12-30 18:19:00,2025-12-31 03:27:00,Staff7897483,WIE-312,Wieboldt Hall,AV Technical Support,No display / HDMI handshake,Guest speaker laptop not detected on wall plate HDMI input.,Power-cycled matrix switcher and re-seated HDMI at podium; signal restored.,R. Calloway,548
INC0200299,2025-12-31 12:31:00,2026-01-04 00:09:00,Faculty3716037,WIE-105,Wieboldt Hall,Lecture Capture,Recording failed / not captured,Scheduled class recording did not start; instructor reports no video in portal.,Restarted capture appliance; verified next scheduled recording completed.,K. Duval,5018
INC0200991,2026-01-01 05:53:44,2026-01-01 06:01:44,25Live,WIE-148,Wieboldt Hall,Classroom Scheduling,Room reservation sync,FINC-430-0-51 Corporate Finance,Auto-closed by scheduling integration.,,8
INC0201690,2026-01-01 06:11:45,2026-01-01 06:14:45,25Live,WIE-412,Wieboldt Hall,Classroom Scheduling,Room reservation sync,DECS-433-0-61 Business Analytics,Auto-closed by scheduling integration.,,22
INC0201293,2026-01-01 07:26:39,,25Live,WIE-355,Wieboldt Hall,Classroom Scheduling,Room reservation sync,Leadership Coaching Session,,,
INC0200379,2026-01-01 08:45:00,2026-01-01 09:35:00,Student3793180,WIE-355,Wieboldt Hall,AV Technical Support,No display / HDMI handshake,HDMI handshake failure after switching from podium PC to laptop.,Power-cycled matrix switcher and re-seated HDMI at podium; signal restored.,J. Whitfield,50
INC0200932,2026-01-02 06:44:17,2026-01-02 07:07:17,25Live,WIE-355,Wieboldt Hall,Classroom Scheduling,Room reservation sync,STRT-452-0-71 Competitive Strategy,Auto-closed by scheduling integration.,,4
INC0200931,2026-01-02 07:09:10,,25Live,WIE-142,Wieboldt Hall,Classroom Scheduling,Room reservation sync,Admissions Information Session,,,
INC0201281,2026-01-02 07:39:13,2026-01-02 07:56:13,25Live,WIE-312,Wieboldt Hall,Classroom Scheduling,Room reservation sync,ACCT-410-0-51 Financial Accounting,Auto-closed by scheduling integration.,,24
INC0201873,2026-01-02 07:52:49,2026-01-02 08:21:49,25Live,WIE-312,Wieboldt Hall,Classroom Scheduling,Room reservation sync,Executive Education Workshop,Auto-closed by scheduling integration.,,23
INC0200567,2026-01-02 12:38:00,2026-01-03 07:30:00,Staff8702380,,Wieboldt Hall,AV Technical Support,Podium PC / login,Instructor cannot log in to podium PC with NetID.,Cleared temp files and restarted; escalated for RAM upgrade.,M. Reyes,1132
INC0200131,2026-01-02 20:35:00,2026-01-04 00:07:00,Student4498157,WIE-306,Wieboldt Hall,Setup & Configuration,Event / class AV setup,Microphone and projector setup for guest speaker event.,Completed setup and tested with event organizer.,D. Lindqvist,1652
INC0200309,2026-01-02 22:33:00,2026-01-16 14:34:00,Student6084351,WIE-355,Wieboldt Hall,Lecture Capture,Recording failed / not captured,Recording stopped 20 minutes into class; remainder not captured.,Re-seated audio feed to appliance; levels verified on test recording.,M. Reyes,19681
INC0201242,2026-01-03 05:09:51,2026-01-03 05:18:51,25Live,WIE-355,Wieboldt Hall,Classroom Scheduling,Room reservation sync,OPNS-430-0-62 Operations Management,Auto-closed by scheduling integration.,,12
INC0201010,2026-01-03 05:44:09,,25Live,WIE-142,Wieboldt Hall,Classroom Scheduling,Room reservation sync,Executive Education Workshop,,,
INC0202029,2026-01-03 06:21:23,2026-01-03 06:30:23,25Live,WIE-355,Wieboldt Hall,Classroom Scheduling,Room reservation sync,Room Hold — Facilities,Auto-closed by scheduling integration.,,21
INC0200879,2026-01-03 07:11:12,2026-01-03 07:32:12,25Live,WIE-412,Wieboldt Hall,Classroom Scheduling,Room reservation sync,MECN-425-0-52 Managerial Economics,Auto-closed by scheduling integration.,,18
INC0201014,2026-01-03 07:35:44,2026-01-03 07:51:44,25Live,WIE-142,Wieboldt Hall,Classroom Scheduling,Room reservation sync,Student Club Panel Event,Auto-closed by scheduling integration.,,28
INC0201946,2026-01-05 05:19:02,2026-01-05 05:21:02,25Live,WIE-110,Wieboldt Hall,Classroom Scheduling,Room reservation sync,Student Club Panel Event,Auto-closed by scheduling integration.,,24
INC0201438,2026-01-05 05:34:55,2026-01-05 05:51:55,25Live,WIE-142,Wieboldt Hall,Classroom Scheduling,Room reservation sync,DECS-433-0-61 Business Analytics,Auto-closed by scheduling integration.,,14
INC0202401,2026-01-05 05:55:25,2026-01-05 06:09:25,25Live,WIE-246,Wieboldt Hall,Classroom Scheduling,Room reservation sync,STRT-452-0-71 Competitive Strategy,Auto-closed by scheduling integration.,,28
INC0202180,2026-01-05 05:58:54,2026-01-05 06:27:54,25Live,WIE-110,Wieboldt Hall,Classroom Scheduling,Room reservation sync,MECN-425-0-52 Managerial Economics,Auto-closed by scheduling integration.,,5
INC0202446,2026-01-05 06:31:53,,25Live,WIE-205,Wieboldt Hall,Classroom Scheduling,Room reservation sync,Leadership Coaching Session,,,
INC0201001,2026-01-05 07:16:13,,25Live,WIE-148,Wieboldt Hall,Classroom Scheduling,Room reservation sync,FINC-430-0-51 Corporate Finance,,,
INC0200784,2026-01-05 07:32:55,2026-01-05 07:58:55,25Live,WIE-355,Wieboldt Hall,Classroom Scheduling,Room reservation sync,Leadership Coaching Session,Auto-closed by scheduling integration.,,16
INC0200165,2026-01-05 13:21:00,2026-02-20 09:26:00,Staff2688003,,Wieboldt Hall,Lecture Capture,Recording failed / not captured,Capture appliance offline; last three scheduled recordings missing.,Restarted capture appliance; verified next scheduled recording completed.,E. Marsh,66005
INC0200006,2026-01-05 16:13:00,,Faculty8930615,WIE-142,Wieboldt Hall,Setup & Configuration,Event / class AV setup,Microphone and projector setup for guest speaker event.,,S. Patel,
INC0201534,2026-01-06 05:07:41,2026-01-06 05:29:41,25Live,WIE-343,Wieboldt Hall,Classroom Scheduling,Room reservation sync,FINC-430-0-51 Corporate Finance,Auto-closed by scheduling integration.,,13
INC0201892,2026-01-06 05:15:51,,25Live,WIE-110,Wieboldt Hall,Classroom Scheduling,Room reservation sync,FINC-430-0-51 Corporate Finance,,,
INC0201647,2026-01-06 05:19:41,2026-01-06 05:39:41,25Live,WIE-246,Wieboldt Hall,Classroom Scheduling,Room reservation sync,DECS-433-0-61 Business Analytics,Auto-closed by scheduling integration.,,7
INC0201722,2026-01-06 05:20:13,2026-01-06 05:22:13,25Live,WIE-355,Wieboldt Hall,Classroom Scheduling,Room reservation sync,Admissions Information Session,Auto-closed by scheduling integration.,,15
INC0201725,2026-01-06 05:25:22,2026-01-06 05:35:22,25Live,WIE-110,Wieboldt Hall,Classroom Scheduling,Room reservation sync,MORS-470-0-51 Negotiations,Auto-closed by scheduling integration.,,8
INC0201906,2026-01-06 05:34:48,2026-01-06 06:02:48,25Live,WIE-441,Wieboldt Hall,Classroom Scheduling,Room reservation sync,Admissions Information Session,Auto-closed by scheduling integration.,,17
INC0202282,2026-01-06 05:36:53,2026-01-06 05:54:53,25Live,WIE-205,Wieboldt Hall,Classroom Scheduling,Room reservation sync,Room Hold — Facilities,Auto-closed by scheduling integration.,,20
INC0202436,2026-01-06 05:37:02,2026-01-06 06:02:02,25Live,WIE-246,Wieboldt Hall,Classroom Scheduling,Room reservation sync,STRT-452-0-71 Competitive Strategy,Auto-closed by scheduling integration.,,8
INC0201170,2026-01-06 05:42:59,2026-01-06 05:54:59,25Live,WIE-251,Wieboldt Hall,Classroom Scheduling,Room reservation sync,MORS-470-0-51 Negotiations,Auto-closed by scheduling integration.,,24
INC0201895,2026-01-06 05:50:56,,25Live,WIE-110,Wieboldt Hall,Classroom Scheduling,Room reservation sync,ACCT-410-0-51 Financial Accounting,,,
INC0202172,2026-01-06 05:52:59,,25Live,WIE-412,Wieboldt Hall,Classroom Scheduling,Room reservation sync,Admissions Information Session,,,
INC0201955,2026-01-06 06:09:52,,25Live,WIE-142,Wieboldt Hall,Classroom Scheduling,Room reservation sync,DECS-433-0-61 Business Analytics,,,
INC0200959,2026-01-06 06:20:28,2026-01-06 06:32:28,25Live,WIE-508,Wieboldt Hall,Classroom Scheduling,Room reservation sync,DECS-433-0-61 Business Analytics,Auto-closed by scheduling integration.,,12
INC0201612,2026-01-06 06:57:26,2026-01-06 07:24:26,25Live,WIE-306,Wieboldt Hall,Classroom Scheduling,Room reservation sync,OPNS-430-0-62 Operations Management,Auto-closed by scheduling integration.,,8
INC0202132,2026-01-06 07:09:28,2026-01-06 07:25:28,25Live,WIE-258,Wieboldt Hall,Classroom Scheduling,Room reservation sync,MECN-425-0-52 Managerial Economics,Auto-closed by scheduling integration.,,19
INC0200380,2026-01-06 15:17:00,2026-01-07 13:18:00,Staff8830589,WIE-355,Wieboldt Hall,AV Technical Support,No display / HDMI handshake,HDMI handshake failure after switching from podium PC to laptop.,Rebooted control processor; input routing restored after reload.,S. Patel,1321
INC0200675,2026-01-06 17:08:00,2026-04-08 09:01:00,Student5242244,WIE-312,Wieboldt Hall,AV Technical Support,Audio / microphone,Lavalier mic cutting out intermittently during lecture.,Reset DSP to default preset; room audio normal.,K. Duval,131993
INC0201405,2026-01-07 05:04:22,2026-01-07 05:31:22,25Live,WIE-352,Wieboldt Hall,Classroom Scheduling,Room reservation sync,STRT-452-0-71 Competitive Strategy,Auto-closed by scheduling integration.,,28
INC0202111,2026-01-07 05:11:12,2026-01-07 05:20:12,25Live,WIE-142,Wieboldt Hall,Classroom Scheduling,Room reservation sync,DECS-433-0-61 Business Analytics,Auto-closed by scheduling integration.,,27
INC0201271,2026-01-07 05:18:14,2026-01-07 05:26:14,25Live,WIE-148,Wieboldt Hall,Classroom Scheduling,Room reservation sync,DECS-433-0-61 Business Analytics,Auto-closed by scheduling integration.,,11
INC0201300,2026-01-07 05:40:04,2026-01-07 06:07:04,25Live,WIE-105,Wieboldt Hall,Classroom Scheduling,Room reservation sync,Leadership Coaching Session,Auto-closed by scheduling integration.,,16
INC0201328,2026-01-07 05:47:01,2026-01-07 06:03:01,25Live,WIE-355,Wieboldt Hall,Classroom Scheduling,Room reservation sync,Admissions Information Session,Auto-closed by scheduling integration.,,18
INC0201131,2026-01-07 05:57:19,,25Live,WIE-355,Wieboldt Hall,Classroom Scheduling,Room reservation sync,Admissions Information Session,,,
INC0200779,2026-01-07 06:16:35,2026-01-07 06:33:35,25Live,WIE-343,Wieboldt Hall,Classroom Scheduling,Room reservation sync,Student Club Panel Event,Auto-closed by scheduling integration.,,1
INC0201964,2026-01-07 06:18:37,2026-01-07 06:47:37,25Live,WIE-355,Wieboldt Hall,Classroom Scheduling,Room reservation sync,Room Hold — Facilities,Auto-closed by scheduling integration.,,13
INC0202231,2026-01-07 06:36:17,2026-01-07 06:50:17,25Live,WIE-318,Wieboldt Hall,Classroom Scheduling,Room reservation sync,DECS-433-0-61 Business Analytics,Auto-closed by scheduling integration.,,26
INC0202255,2026-01-07 06:48:41,2026-01-07 07:05:41,25Live,WIE-312,Wieboldt Hall,Classroom Scheduling,Room reservation sync,Leadership Coaching Session,Auto-closed by scheduling integration.,,13
INC0201679,2026-01-07 06:49:58,2026-01-07 06:56:58,25Live,WIE-343,Wieboldt Hall,Classroom Scheduling,Room reservation sync,Leadership Coaching Session,Auto-closed by scheduling integration.,,26
INC0201564,2026-01-07 07:03:04,2026-01-07 07:24:04,25Live,WIE-142,Wieboldt Hall,Classroom Scheduling,Room reservation sync,Student Club Panel Event,Auto-closed by scheduling integration.,,29
INC0201495,2026-01-07 07:19:33,2026-01-07 07:38:33,25Live,WIE-148,Wieboldt Hall,Classroom Scheduling,Room reservation sync,FINC-430-0-51 Corporate Finance,Auto-closed by scheduling integration.,,10
INC0201576,2026-01-07 07:26:22,2026-01-07 07:31:22,25Live,WIE-110,Wieboldt Hall,Classroom Scheduling,Room reservation sync,ACCT-410-0-51 Financial Accounting,Auto-closed by scheduling integration.,,16
INC0201570,2026-01-07 07:39:11,2026-01-07 08:07:11,25Live,WIE-142,Wieboldt Hall,Classroom Scheduling,Room reservation sync,Faculty Meeting,Auto-closed by scheduling integration.,,4
INC0201021,2026-01-07 07:50:13,2026-01-07 08:17:13,25Live,WIE-352,Wieboldt Hall,Classroom Scheduling,Room reservation sync,MKTG-450-0-61 Brand Strategy,Auto-closed by scheduling integration.,,27
INC0201203,2026-01-07 07:58:11,2026-01-07 08:19:11,25Live,WIE-352,Wieboldt Hall,Classroom Scheduling,Room reservation sync,Leadership Coaching Session,Auto-closed by scheduling integration.,,1
INC0200607,2026-01-07 11:35:00,2026-01-07 11:50:00,Student2946335,WIE-343,Wieboldt Hall,AV Technical Support,No display / HDMI handshake,Projector shows brief image then drops to black screen repeatedly.,Power-cycled matrix switcher and re-seated HDMI at podium; signal restored.,L. Ferreira,15
INC0200361,2026-01-07 13:49:00,2026-01-15 06:06:00,Faculty7998334,WIE-205,Wieboldt Hall,Setup & Configuration,Event / class AV setup,AV setup requested for admissions information session.,Configured room for panel format; struck equipment after event.,D. Lindqvist,11057
INC0202266,2026-01-08 05:00:04,2026-01-08 05:14:04,25Live,WIE-251,Wieboldt Hall,Classroom Scheduling,Room reservation sync,STRT-452-0-71 Competitive Strategy,Auto-closed by scheduling integration.,,25
INC0202454,2026-01-08 05:15:41,,25Live,WIE-251,Wieboldt Hall,Classroom Scheduling,Room reservation sync,ACCT-410-0-51 Financial Accounting,,,
INC0201986,2026-01-08 06:23:00,2026-01-08 06:25:00,25Live,WIE-148,Wieboldt Hall,Classroom Scheduling,Room reservation sync,MKTG-450-0-61 Brand Strategy,Auto-closed by scheduling integration.,,26
INC0201682,2026-01-08 06:31:50,2026-01-08 06:39:50,25Live,WIE-148,Wieboldt Hall,Classroom Scheduling,Room reservation sync,Student Club Panel Event,Auto-closed by scheduling integration.,,12
INC0201508,2026-01-08 07:22:28,2026-01-08 07:48:28,25Live,WIE-142,Wieboldt Hall,Classroom Scheduling,Room reservation sync,Faculty Meeting,Auto-closed by scheduling integration.,,9
INC0200300,2026-01-08 09:51:00,2026-01-08 17:12:00,Faculty1055672,WIE-105,Wieboldt Hall,Lecture Capture,Recording failed / not captured,Recording stopped 20 minutes into class; remainder not captured.,Restarted capture appliance; verified next scheduled recording completed.,J. Whitfield,441
INC0200310,2026-01-08 15:49:00,2026-01-08 18:41:00,Staff7316498,WIE-355,Wieboldt Hall,Lecture Capture,Recording failed / not captured,Scheduled class recording did not start; instructor reports no video in portal.,Recovered local backup recording and uploaded to course folder.,A. Okafor,172
INC0200028,2026-01-08 16:24:00,2026-04-02 12:34:00,Faculty3685637,WIE-312,Wieboldt Hall,Setup & Configuration,Event / class AV setup,AV setup requested for admissions information session.,Configured room for panel format; struck equipment after event.,D. Lindqvist,120730
INC0202388,2026-01-09 05:22:05,2026-01-09 05:26:05,25Live,WIE-105,Wieboldt Hall,Classroom Scheduling,Room reservation sync,Faculty Meeting,Auto-closed by scheduling integration.,,19
INC0202146,2026-01-09 05:53:32,2026-01-09 06:20:32,25Live,WIE-455,Wieboldt Hall,Classroom Scheduling,Room reservation sync,Executive Education Workshop,Auto-closed by scheduling integration.,,19
INC0201822,2026-01-09 06:28:17,2026-01-09 06:49:17,25Live,WIE-404,Wieboldt Hall,Classroom Scheduling,Room reservation sync,Faculty Meeting,Auto-closed by scheduling integration.,,20
INC0202531,2026-01-09 07:26:20,2026-01-09 07:39:20,25Live,WIE-508,Wieboldt Hall,Classroom Scheduling,Room reservation sync,OPNS-430-0-62 Operations Management,Auto-closed by scheduling integration.,,28
INC0200472,2026-01-09 07:44:00,,Faculty8111355,,Wieboldt Hall,AV Technical Support,No display / HDMI handshake,Projector shows brief image then drops to black screen repeatedly.,,D. Lindqvist,
INC0200600,2026-01-09 10:42:00,2026-01-19 01:10:00,Faculty1961400,,Wieboldt Hall,Webconferencing,Zoom/Teams AV routing,Zoom shows wrong camera; instructor blocked at class start.,Re-seated USB extender at podium; camera re-enumerated in Teams.,L. Ferreira,13828
INC0200738,2026-01-09 12:26:00,2026-01-09 12:41:00,Staff4195010,WIE-205,Wieboldt Hall,AV Technical Support,Input switching failure,Touch panel input selection not changing projector source.,Walked instructor through manual input selection; scheduled switcher config review.,M. Reyes,15
INC0200254,2026-01-09 16:13:00,2026-01-10 06:57:00,Student4867491,WIE-148,Wieboldt Hall,Equipment Maintenance & Repair,Preventative maintenance,Quarterly AV preventative maintenance check.,Updated device firmware; verified control and AV paths.,E. Marsh,884
INC0202105,2026-01-10 05:11:04,2026-01-10 05:27:04,25Live,WIE-142,Wieboldt Hall,Classroom Scheduling,Room reservation sync,Executive Education Workshop,Auto-closed by scheduling integration.,,2
INC0201178,2026-01-11 05:03:17,2026-01-11 05:13:17,25Live,WIE-110,Wieboldt Hall,Classroom Scheduling,Room reservation sync,Leadership Coaching Session,Auto-closed by scheduling integration.,,25
INC0202382,2026-01-11 05:11:31,2026-01-11 05:33:31,25Live,WIE-355,Wieboldt Hall,Classroom Scheduling,Room reservation sync,Room Hold — Facilities,Auto-closed by scheduling integration.,,29
INC0201309,2026-01-11 05:26:40,,25Live,WIE-251,Wieboldt Hall,Classroom Scheduling,Room reservation sync,OPNS-430-0-62 Operations Management,,,
INC0202314,2026-01-12 06:35:02,2026-01-12 06:40:02,25Live,WIE-404,Wieboldt Hall,Classroom Scheduling,Room reservation sync,MORS-470-0-51 Negotiations,Auto-closed by scheduling integration.,,1
INC0202381,2026-01-12 06:47:57,2026-01-12 07:08:57,25Live,WIE-142,Wieboldt Hall,Classroom Scheduling,Room reservation sync,Admissions Information Session,Auto-closed by scheduling integration.,,21
INC0200615,2026-01-12 16:19:00,2026-01-16 03:47:00,Student1862218,WIE-343,Wieboldt Hall,AV Technical Support,Podium PC / login,Podium PC extremely slow to load PowerPoint.,Cleared temp files and restarted; escalated for RAM upgrade.,A. Okafor,5008
INC0200166,2026-01-12 22:58:00,2026-01-26 19:00:00,Faculty6005072,WIE-355,Wieboldt Hall,Lecture Capture,Recording failed / not captured,Recording stopped 20 minutes into class; remainder not captured.,Restarted capture appliance; verified next scheduled recording completed.,M. Reyes,19922
INC0202518,2026-01-13 05:08:24,2026-01-13 05:35:24,25Live,WIE-105,Wieboldt Hall,Classroom Scheduling,Room reservation sync,Student Club Panel Event,Auto-closed by scheduling integration.,,10
INC0202099,2026-01-13 05:10:11,2026-01-13 05:16:11,25Live,WIE-142,Wieboldt Hall,Classroom Scheduling,Room reservation sync,FINC-430-0-51 Corporate Finance,Auto-closed by scheduling integration.,,25
INC0202066,2026-01-13 05:46:00,2026-01-13 06:03:00,25Live,WIE-258,Wieboldt Hall,Classroom Scheduling,Room reservation sync,MORS-470-0-51 Negotiations,Auto-closed by scheduling integration.,,10
INC0202342,2026-01-13 05:49:09,2026-01-13 06:08:09,25Live,WIE-142,Wieboldt Hall,Classroom Scheduling,Room reservation sync,MORS-470-0-51 Negotiations,Auto-closed by scheduling integration.,,18
INC0202503,2026-01-13 06:19:34,2026-01-13 06:44:34,25Live,WIE-318,Wieboldt Hall,Classroom Scheduling,Room reservation sync,OPNS-430-0-62 Operations Management,Auto-closed by scheduling integration.,,1
INC0201272,2026-01-13 06:26:12,2026-01-13 06:32:12,25Live,WIE-318,Wieboldt Hall,Classroom Scheduling,Room reservation sync,MECN-425-0-52 Managerial Economics,Auto-closed by scheduling integration.,,7
INC0201303,2026-01-13 06:54:32,2026-01-13 07:03:32,25Live,WIE-251,Wieboldt Hall,Classroom Scheduling,Room reservation sync,FINC-430-0-51 Corporate Finance,Auto-closed by scheduling integration.,,28
INC0200871,2026-01-13 07:39:03,2026-01-13 08:02:03,25Live,WIE-537,Wieboldt Hall,Classroom Scheduling,Room reservation sync,Admissions Information Session,Auto-closed by scheduling integration.,,4
INC0202431,2026-01-13 07:40:57,,25Live,WIE-258,Wieboldt Hall,Classroom Scheduling,Room reservation sync,MORS-470-0-51 Negotiations,,,
INC0200717,2026-01-13 08:44:00,2026-01-13 09:40:00,Faculty3165523,,Wieboldt Hall,AV Technical Support,Audio / microphone,Wireless mic static and dropouts near front of room.,Replaced batteries in bodypack; instructed on charging dock use.,A. Okafor,56
INC0200564,2026-01-13 19:41:00,2026-01-19 15:25:00,Faculty7869257,WIE-246,Wieboldt Hall,AV Technical Support,Audio / microphone,Laptop audio not playing through room speakers.,Reset DSP to default preset; room audio normal.,T. Nakamura,8384
INC0200411,2026-01-13 21:24:00,2026-01-21 14:59:00,Faculty5663406,WIE-343,Wieboldt Hall,Webconferencing,Zoom/Teams AV routing,Camera feed not appearing in Teams; shows black tile.,Selected correct USB bridge as mic/speaker in Zoom; verified with test call.,D. Lindqvist,11135
INC0200676,2026-01-13 21:36:00,2026-01-13 21:38:00,Staff2079005,,Wieboldt Hall,AV Technical Support,Audio / microphone,Program audio works but mic audio not reinforced in room.,Swapped faulty bodypack transmitter with spare unit.,J. Whitfield,2
INC0200883,2026-01-14 05:06:31,2026-01-14 05:13:31,25Live,WIE-205,Wieboldt Hall,Classroom Scheduling,Room reservation sync,Admissions Information Session,Auto-closed by scheduling integration.,,11
INC0201705,2026-01-14 05:20:28,2026-01-14 05:38:28,25Live,WIE-246,Wieboldt Hall,Classroom Scheduling,Room reservation sync,Faculty Meeting,Auto-closed by scheduling integration.,,6
INC0201299,2026-01-14 05:43:09,2026-01-14 05:57:09,25Live,WIE-251,Wieboldt Hall,Classroom Scheduling,Room reservation sync,MKTG-450-0-61 Brand Strategy,Auto-closed by scheduling integration.,,26
INC0202484,2026-01-14 05:49:01,2026-01-14 06:07:01,25Live,WIE-306,Wieboldt Hall,Classroom Scheduling,Room reservation sync,MECN-425-0-52 Managerial Economics,Auto-closed by scheduling integration.,,19
INC0200841,2026-01-14 06:06:49,2026-01-14 06:33:49,25Live,WIE-105,Wieboldt Hall,Classroom Scheduling,Room reservation sync,Leadership Coaching Session,Auto-closed by scheduling integration.,,20
INC0200759,2026-01-14 06:19:36,2026-01-14 06:20:36,25Live,WIE-142,Wieboldt Hall,Classroom Scheduling,Room reservation sync,Room Hold — Facilities,Auto-closed by scheduling integration.,,29
INC0201449,2026-01-14 06:52:26,2026-01-14 07:05:26,25Live,WIE-251,Wieboldt Hall,Classroom Scheduling,Room reservation sync,Student Club Panel Event,Auto-closed by scheduling integration.,,10
INC0201911,2026-01-14 06:57:04,2026-01-14 07:14:04,25Live,WIE-455,Wieboldt Hall,Classroom Scheduling,Room reservation sync,Leadership Coaching Session,Auto-closed by scheduling integration.,,16
INC0201904,2026-01-14 06:59:01,2026-01-14 07:18:01,25Live,WIE-110,Wieboldt Hall,Classroom Scheduling,Room reservation sync,Faculty Meeting,Auto-closed by scheduling integration.,,2
INC0202238,2026-01-14 07:03:51,2026-01-14 07:27:51,25Live,WIE-110,Wieboldt Hall,Classroom Scheduling,Room reservation sync,FINC-430-0-51 Corporate Finance,Auto-closed by scheduling integration.,,5
INC0201823,2026-01-14 07:04:48,2026-01-14 07:19:48,25Live,WIE-312,Wieboldt Hall,Classroom Scheduling,Room reservation sync,MORS-470-0-51 Negotiations,Auto-closed by scheduling integration.,,16
INC0202264,2026-01-15 05:10:28,2026-01-15 05:26:28,25Live,WIE-110,Wieboldt Hall,Classroom Scheduling,Room reservation sync,Admissions Information Session,Auto-closed by scheduling integration.,,23
INC0202227,2026-01-15 05:18:29,2026-01-15 05:44:29,25Live,WIE-251,Wieboldt Hall,Classroom Scheduling,Room reservation sync,MECN-425-0-52 Managerial Economics,Auto-closed by scheduling integration.,,5
INC0201953,2026-01-15 06:00:33,2026-01-15 06:17:33,25Live,WIE-312,Wieboldt Hall,Classroom Scheduling,Room reservation sync,Faculty Meeting,Auto-closed by scheduling integration.,,19
INC0201817,2026-01-15 06:34:41,2026-01-15 06:42:41,25Live,WIE-355,Wieboldt Hall,Classroom Scheduling,Room reservation sync,ACCT-410-0-51 Financial Accounting,Auto-closed by scheduling integration.,,12
INC0202103,2026-01-15 06:38:44,2026-01-15 06:59:44,25Live,WIE-110,Wieboldt Hall,Classroom Scheduling,Room reservation sync,MECN-425-0-52 Managerial Economics,Auto-closed by scheduling integration.,,27
INC0201128,2026-01-15 07:06:05,2026-01-15 07:09:05,25Live,WIE-110,Wieboldt Hall,Classroom Scheduling,Room reservation sync,FINC-430-0-51 Corporate Finance,Auto-closed by scheduling integration.,,5
INC0201439,2026-01-16 05:13:07,,25Live,WIE-246,Wieboldt Hall,Classroom Scheduling,Room reservation sync,STRT-452-0-71 Competitive Strategy,,,
INC0202533,2026-01-16 05:20:44,2026-01-16 05:21:44,25Live,WIE-105,Wieboldt Hall,Classroom Scheduling,Room reservation sync,Admissions Information Session,Auto-closed by scheduling integration.,,25
INC0201420,2026-01-16 05:44:37,2026-01-16 06:00:37,25Live,WIE-205,Wieboldt Hall,Classroom Scheduling,Room reservation sync,Faculty Meeting,Auto-closed by scheduling integration.,,4
INC0202483,2026-01-16 05:52:21,2026-01-16 06:10:21,25Live,WIE-246,Wieboldt Hall,Classroom Scheduling,Room reservation sync,OPNS-430-0-62 Operations Management,Auto-closed by scheduling integration.,,16
INC0200162,2026-01-16 10:45:00,2026-01-16 11:17:00,Staff2178034,WIE-110,Wieboldt Hall,Lecture Capture,Capture scheduling / setup,Course recordings publishing to wrong folder; permissions need correction.,Re-mapped publishing folder and corrected course role permissions.,M. Reyes,32
INC0200249,2026-01-16 13:05:00,2026-01-16 15:20:00,Staff3114109,,Wieboldt Hall,AV Technical Support,No display / HDMI handshake,Podium PC displays on confidence monitor but projector screen is black.,Replaced worn HDMI cable at podium wall plate.,M. Reyes,135
INC0202188,2026-01-17 05:08:25,,25Live,WIE-521,Wieboldt Hall,Classroom Scheduling,Room reservation sync,MKTG-450-0-61 Brand Strategy,,,
INC0201855,2026-01-17 05:29:19,2026-01-17 05:38:19,25Live,WIE-355,Wieboldt Hall,Classroom Scheduling,Room reservation sync,Faculty Meeting,Auto-closed by scheduling integration.,,12
INC0201764,2026-01-17 07:37:50,2026-01-17 08:00:50,25Live,WIE-251,Wieboldt Hall,Classroom Scheduling,Room reservation sync,MORS-470-0-51 Negotiations,Auto-closed by scheduling integration.,,25
INC0201156,2026-01-18 05:37:13,2026-01-18 05:55:13,25Live,WIE-343,Wieboldt Hall,Classroom Scheduling,Room reservation sync,ACCT-410-0-51 Financial Accounting,Auto-closed by scheduling integration.,,25
INC0200231,2026-01-18 15:23:00,2026-02-08 18:21:00,Student9073659,,Wieboldt Hall,Equipment Maintenance & Repair,Cabling / connectors,"Wall plate faceplate loose, cable strain on connector.",Re-secured wall plate and tested all inputs.,J. Whitfield,30418
INC0201476,2026-01-19 05:01:39,,25Live,WIE-105,Wieboldt Hall,Classroom Scheduling,Room reservation sync,ACCT-410-0-51 Financial Accounting,,,
INC0201821,2026-01-19 06:40:40,2026-01-19 06:41:40,25Live,WIE-355,Wieboldt Hall,Classroom Scheduling,Room reservation sync,Student Club Panel Event,Auto-closed by scheduling integration.,,10
INC0200461,2026-01-19 12:07:00,2026-01-31 20:20:00,Faculty8061243,,Wieboldt Hall,Consultation,AV consultation / training,New faculty member requests walkthrough of classroom AV system.,Reviewed hybrid workflow and set camera/audio defaults with instructor.,M. Reyes,17773
INC0202044,2026-01-20 05:12:36,2026-01-20 05:26:36,25Live,WIE-455,Wieboldt Hall,Classroom Scheduling,Room reservation sync,OPNS-430-0-62 Operations Management,Auto-closed by scheduling integration.,,20
INC0201043,2026-01-20 05:31:23,2026-01-20 05:57:23,25Live,WIE-537,Wieboldt Hall,Classroom Scheduling,Room reservation sync,FINC-430-0-51 Corporate Finance,Auto-closed by scheduling integration.,,23
INC0202179,2026-01-20 06:33:26,2026-01-20 06:43:26,25Live,WIE-306,Wieboldt Hall,Classroom Scheduling,Room reservation sync,MECN-425-0-52 Managerial Economics,Auto-closed by scheduling integration.,,12
INC0201961,2026-01-20 06:44:16,2026-01-20 06:55:16,25Live,WIE-142,Wieboldt Hall,Classroom Scheduling,Room reservation sync,Faculty Meeting,Auto-closed by scheduling integration.,,19
INC0202126,2026-01-20 07:02:37,2026-01-20 07:27:37,25Live,WIE-258,Wieboldt Hall,Classroom Scheduling,Room reservation sync,Leadership Coaching Session,Auto-closed by scheduling integration.,,3
INC0202184,2026-01-20 07:35:15,2026-01-20 07:42:15,25Live,WIE-441,Wieboldt Hall,Classroom Scheduling,Room reservation sync,Leadership Coaching Session,Auto-closed by scheduling integration.,,24
INC0200701,2026-01-20 13:13:00,2026-04-23 06:17:00,Student5305390,WIE-508,Wieboldt Hall,AV Technical Support,Podium PC / login,Instructor cannot log in to podium PC with NetID.,Cleared temp files and restarted; escalated for RAM upgrade.,K. Duval,133504
INC0201502,2026-01-21 05:03:00,2026-01-21 05:26:00,25Live,WIE-355,Wieboldt Hall,Classroom Scheduling,Room reservation sync,MORS-470-0-51 Negotiations,Auto-closed by scheduling integration.,,6
INC0201471,2026-01-21 05:15:46,2026-01-21 05:24:46,25Live,WIE-343,Wieboldt Hall,Classroom Scheduling,Room reservation sync,MORS-470-0-51 Negotiations,Auto-closed by scheduling integration.,,1
INC0201640,2026-01-21 07:10:37,2026-01-21 07:34:37,25Live,WIE-355,Wieboldt Hall,Classroom Scheduling,Room reservation sync,STRT-452-0-71 Competitive Strategy,Auto-closed by scheduling integration.,,4
INC0201278,2026-01-21 07:48:01,2026-01-21 08:01:01,25Live,WIE-355,Wieboldt Hall,Classroom Scheduling,Room reservation sync,DECS-433-0-61 Business Analytics,Auto-closed by scheduling integration.,,3
INC0201728,2026-01-21 07:54:16,2026-01-21 08:03:16,25Live,WIE-343,Wieboldt Hall,Classroom Scheduling,Room reservation sync,ACCT-410-0-51 Financial Accounting,Auto-closed by scheduling integration.,,8
INC0200250,2026-01-21 08:42:00,2026-01-21 20:40:00,Staff1298537,WIE-251,Wieboldt Hall,AV Technical Support,No display / HDMI handshake,HDMI handshake failure after switching from podium PC to laptop.,Power-cycled matrix switcher and re-seated HDMI at podium; signal restored.,M. Reyes,718
INC0200678,2026-01-21 09:46:00,2026-01-21 17:10:00,Student2305412,WIE-318,Wieboldt Hall,AV Technical Support,Control system / touch panel,'System Starting' hangs indefinitely; room unusable for class.,Rebooted control processor; panel reconnected after program reload.,A. Okafor,444
INC0200330,2026-01-21 15:12:00,2026-01-27 05:44:00,Faculty3578303,WIE-105,Wieboldt Hall,AV Technical Support,Audio / microphone,Lavalier mic cutting out intermittently during lecture.,Corrected audio routing on touch panel; laptop audio restored.,A. Okafor,8072
INC0200062,2026-01-21 15:40:00,2026-01-21 22:54:00,Faculty2002249,WIE-455,Wieboldt Hall,AV Technical Support,Podium PC / login,Podium PC stuck on Windows update at class start.,Re-joined machine to domain; login verified.,T. Nakamura,434
INC0200618,2026-01-21 18:55:00,2026-01-21 19:03:00,Student866405,WIE-142,Wieboldt Hall,AV Technical Support,Audio / microphone,Wireless mic static and dropouts near front of room.,Reset DSP to default preset; room audio normal.,S. Patel,8
INC0201350,2026-01-22 05:15:40,2026-01-22 05:20:40,25Live,WIE-318,Wieboldt Hall,Classroom Scheduling,Room reservation sync,Student Club Panel Event,Auto-closed by scheduling integration.,,19
INC0201638,2026-01-22 05:49:04,,25Live,WIE-110,Wieboldt Hall,Classroom Scheduling,Room reservation sync,MECN-425-0-52 Managerial Economics,,,
INC0200560,2026-01-22 10:54:00,2026-01-23 07:27:00,Faculty7084160,,Wieboldt Hall,Webconferencing,Zoom/Teams AV routing,Remote participants cannot hear in-room audio on Zoom call.,Selected correct USB bridge as mic/speaker in Zoom; verified with test call.,D. Lindqvist,1233
INC0201929,2026-01-23 05:48:49,2026-01-23 05:50:49,25Live,WIE-312,Wieboldt Hall,Classroom Scheduling,Room reservation sync,MECN-425-0-52 Managerial Economics,Auto-closed by scheduling integration.,,6
INC0201342,2026-01-23 05:49:04,,25Live,WIE-142,Wieboldt Hall,Classroom Scheduling,Room reservation sync,Executive Education Workshop,,,
INC0201548,2026-01-23 07:37:17,2026-01-23 08:02:17,25Live,WIE-142,Wieboldt Hall,Classroom Scheduling,Room reservation sync,FINC-430-0-51 Corporate Finance,Auto-closed by scheduling integration.,,17
INC0202512,2026-01-23 07:58:05,2026-01-23 08:20:05,25Live,WIE-251,Wieboldt Hall,Classroom Scheduling,Room reservation sync,DECS-433-0-61 Business Analytics,Auto-closed by scheduling integration.,,14
INC0200731,2026-01-23 14:50:00,2026-01-24 14:48:00,Faculty3142620,WIE-110,Wieboldt Hall,Consultation,AV consultation / training,Department asks for guidance on recording equipment for workshop series.,Recommended equipment configuration; scheduled follow-up.,M. Reyes,1438
INC0202490,2026-01-24 05:39:54,2026-01-24 05:52:54,25Live,WIE-246,Wieboldt Hall,Classroom Scheduling,Room reservation sync,ACCT-410-0-51 Financial Accounting,Auto-closed by scheduling integration.,,15
INC0202315,2026-01-24 05:41:55,2026-01-24 06:07:55,25Live,WIE-251,Wieboldt Hall,Classroom Scheduling,Room reservation sync,Faculty Meeting,Auto-closed by scheduling integration.,,8
INC0201077,2026-01-24 07:05:36,2026-01-24 07:29:36,25Live,WIE-251,Wieboldt Hall,Classroom Scheduling,Room reservation sync,ACCT-410-0-51 Financial Accounting,Auto-closed by scheduling integration.,,26
INC0201721,2026-01-24 07:28:05,2026-01-24 07:32:05,25Live,WIE-110,Wieboldt Hall,Classroom Scheduling,Room reservation sync,Admissions Information Session,Auto-closed by scheduling integration.,,21
INC0201596,2026-01-25 05:18:02,2026-01-25 05:45:02,25Live,WIE-148,Wieboldt Hall,Classroom Scheduling,Room reservation sync,Faculty Meeting,Auto-closed by scheduling integration.,,15
INC0201825,2026-01-25 06:25:17,2026-01-25 06:28:17,25Live,WIE-355,Wieboldt Hall,Classroom Scheduling,Room reservation sync,STRT-452-0-71 Competitive Strategy,Auto-closed by scheduling integration.,,26
INC0201696,2026-01-25 07:13:23,,25Live,WIE-318,Wieboldt Hall,Classroom Scheduling,Room reservation sync,MORS-470-0-51 Negotiations,,,
INC0200804,2026-01-25 07:26:11,2026-01-25 07:32:11,25Live,WIE-343,Wieboldt Hall,Classroom Scheduling,Room reservation sync,MECN-425-0-52 Managerial Economics,Auto-closed by scheduling integration.,,24
INC0200055,2026-01-25 10:43:00,2026-05-17 04:30:00,Faculty574581,WIE-105,Wieboldt Hall,Lecture Capture,Capture scheduling / setup,Instructor requests recurring recording schedule for spring course.,Created recurring capture schedule; confirmed first recording with instructor.,E. Marsh,160907
INC0202505,2026-01-26 05:31:05,,25Live,WIE-251,Wieboldt Hall,Classroom Scheduling,Room reservation sync,FINC-430-0-51 Corporate Finance,,,
INC0200912,2026-01-26 05:59:20,,25Live,WIE-105,Wieboldt Hall,Classroom Scheduling,Room reservation sync,MKTG-450-0-61 Brand Strategy,,,
INC0202213,2026-01-26 06:15:38,,25Live,WIE-246,Wieboldt Hall,Classroom Scheduling,Room reservation sync,MORS-470-0-51 Negotiations,,,
INC0201872,2026-01-26 07:53:42,2026-01-26 08:13:42,25Live,WIE-105,Wieboldt Hall,Classroom Scheduling,Room reservation sync,Admissions Information Session,Auto-closed by scheduling integration.,,12
INC0200275,2026-01-26 09:06:00,2026-01-27 01:11:00,Faculty5267401,WIE-251,Wieboldt Hall,AV Technical Support,Input switching failure,Room stuck on document camera input; cannot switch back to podium PC.,Matrix switcher front-panel override cleared; touch panel control restored.,A. Okafor,965
INC0202117,2026-01-27 05:17:56,2026-01-27 05:31:56,25Live,WIE-343,Wieboldt Hall,Classroom Scheduling,Room reservation sync,DECS-433-0-61 Business Analytics,Auto-closed by scheduling integration.,,11
INC0200975,2026-01-27 05:31:29,2026-01-27 05:51:29,25Live,WIE-258,Wieboldt Hall,Classroom Scheduling,Room reservation sync,Student Club Panel Event,Auto-closed by scheduling integration.,,9
INC0201707,2026-01-27 06:06:08,2026-01-27 06:30:08,25Live,WIE-142,Wieboldt Hall,Classroom Scheduling,Room reservation sync,MECN-425-0-52 Managerial Economics,Auto-closed by scheduling integration.,,10
INC0200852,2026-01-27 06:48:24,2026-01-27 06:55:24,25Live,WIE-355,Wieboldt Hall,Classroom Scheduling,Room reservation sync,Student Club Panel Event,Auto-closed by scheduling integration.,,16
INC0201363,2026-01-27 07:09:44,2026-01-27 07:37:44,25Live,WIE-142,Wieboldt Hall,Classroom Scheduling,Room reservation sync,MKTG-450-0-61 Brand Strategy,Auto-closed by scheduling integration.,,10
INC0200672,2026-01-27 10:02:00,2026-02-24 14:04:00,Staff5736668,WIE-312,Wieboldt Hall,Consultation,AV consultation / training,New faculty member requests walkthrough of classroom AV system.,Provided 30-minute room orientation; left quick-reference guide.,M. Reyes,40562
INC0200236,2026-01-27 11:22:00,2026-01-29 20:49:00,Faculty9312635,WIE-148,Wieboldt Hall,AV Technical Support,Audio / microphone,Program audio works but mic audio not reinforced in room.,Corrected audio routing on touch panel; laptop audio restored.,E. Marsh,3447
INC0200735,2026-01-27 14:26:00,,Faculty2257329,WIE-251,Wieboldt Hall,Lecture Capture,Recording failed / not captured,Capture appliance offline; last three scheduled recordings missing.,,L. Ferreira,
INC0200072,2026-01-27 15:35:00,2026-02-26 01:05:00,Student5667633,,Wieboldt Hall,Equipment Maintenance & Repair,Projector lamp / image quality,"Projector filter warning on startup, image flickering.",Scheduled projector replacement; loaner cart provided in interim.,A. Okafor,42330
INC0200103,2026-01-27 18:21:00,,Staff3553228,,Wieboldt Hall,AV Technical Support,Audio / microphone,Program audio works but mic audio not reinforced in room.,,R. Calloway,
INC0201703,2026-01-28 05:05:27,2026-01-28 05:29:27,25Live,WIE-251,Wieboldt Hall,Classroom Scheduling,Room reservation sync,MKTG-450-0-61 Brand Strategy,Auto-closed by scheduling integration.,,19
INC0200763,2026-01-28 05:48:11,,25Live,WIE-105,Wieboldt Hall,Classroom Scheduling,Room reservation sync,Leadership Coaching Session,,,
INC0202272,2026-01-28 06:58:08,2026-01-28 07:14:08,25Live,WIE-312,Wieboldt Hall,Classroom Scheduling,Room reservation sync,DECS-433-0-61 Business Analytics,Auto-closed by scheduling integration.,,7
INC0200806,2026-01-28 07:16:39,,25Live,WIE-343,Wieboldt Hall,Classroom Scheduling,Room reservation sync,FINC-430-0-51 Corporate Finance,,,
INC0200861,2026-01-28 07:24:47,2026-01-28 07:33:47,25Live,WIE-110,Wieboldt Hall,Classroom Scheduling,Room reservation sync,OPNS-430-0-62 Operations Management,Auto-closed by scheduling integration.,,26
INC0201487,2026-01-28 07:34:27,2026-01-28 07:54:27,25Live,WIE-441,Wieboldt Hall,Classroom Scheduling,Room reservation sync,Admissions Information Session,Auto-closed by scheduling integration.,,26
INC0200654,2026-01-28 18:36:00,2026-01-30 18:14:00,Faculty4218191,,Wieboldt Hall,Lecture Capture,Recording failed / not captured,Capture appliance offline; last three scheduled recordings missing.,Recovered local backup recording and uploaded to course folder.,A. Okafor,2858
INC0200702,2026-01-28 21:00:00,2026-01-29 02:56:00,Faculty7779079,WIE-508,Wieboldt Hall,AV Technical Support,Podium PC / login,Podium PC extremely slow to load PowerPoint.,Deferred updates to maintenance window; PC available for class.,A. Okafor,356
INC0201588,2026-01-29 05:01:42,,25Live,WIE-142,Wieboldt Hall,Classroom Scheduling,Room reservation sync,STRT-452-0-71 Competitive Strategy,,,
INC0200914,2026-01-29 06:04:01,2026-01-29 06:25:01,25Live,WIE-343,Wieboldt Hall,Classroom Scheduling,Room reservation sync,DECS-433-0-61 Business Analytics,Auto-closed by scheduling integration.,,19
INC0201555,2026-01-29 06:53:55,2026-01-29 06:59:55,25Live,WIE-352,Wieboldt Hall,Classroom Scheduling,Room reservation sync,ACCT-410-0-51 Financial Accounting,Auto-closed by scheduling integration.,,3
INC0201691,2026-01-29 07:48:16,2026-01-29 08:06:16,25Live,WIE-306,Wieboldt Hall,Classroom Scheduling,Room reservation sync,Faculty Meeting,Auto-closed by scheduling integration.,,13
INC0200350,2026-01-29 15:42:00,2026-01-29 16:12:00,Staff9503431,WIE-110,Wieboldt Hall,AV TECHNICAL SUPPORT,Control system / touch panel,'System Starting' hangs indefinitely; room unusable for class.,Hard-reset touch panel via PoE port; control restored.,A. Okafor,30
INC0202517,2026-01-30 05:15:08,2026-01-30 05:20:08,25Live,WIE-318,Wieboldt Hall,Classroom Scheduling,Room reservation sync,DECS-433-0-61 Business Analytics,Auto-closed by scheduling integration.,,4
INC0201062,2026-01-30 05:17:59,2026-01-30 05:26:59,25Live,WIE-105,Wieboldt Hall,Classroom Scheduling,Room reservation sync,Admissions Information Session,Auto-closed by scheduling integration.,,17
INC0202338,2026-01-30 06:01:40,2026-01-30 06:29:40,25Live,WIE-142,Wieboldt Hall,Classroom Scheduling,Room reservation sync,MKTG-450-0-61 Brand Strategy,Auto-closed by scheduling integration.,,18
INC0200293,2026-01-30 10:10:00,2026-01-31 04:34:00,Student9868587,,Wieboldt Hall,AV Technical Support,No display / HDMI handshake,Podium PC displays on confidence monitor but projector screen is black.,Manually forced input on switcher; EDID re-handshake resolved the black screen.,T. Nakamura,1104
INC0200073,2026-01-30 15:04:00,2026-03-15 16:49:00,Faculty7532325,WIE-110,Wieboldt Hall,Equipment Maintenance & Repair,Projector lamp / image quality,"Projector filter warning on startup, image flickering.",Replaced projector lamp; brightness restored.,M. Reyes,63465
INC0201591,2026-01-31 05:39:23,2026-01-31 05:47:23,25Live,WIE-251,Wieboldt Hall,Classroom Scheduling,Room reservation sync,ACCT-410-0-51 Financial Accounting,Auto-closed by scheduling integration.,,23
INC0200019,2026-01-31 11:31:00,2026-01-31 18:56:00,Faculty2747528,,Wieboldt Hall,AV Technical Support,Audio / microphone,Program audio works but mic audio not reinforced in room.,Swapped faulty bodypack transmitter with spare unit.,M. Reyes,445
INC0200612,2026-01-31 12:10:00,2026-02-17 00:41:00,Faculty9930409,WIE-312,Wieboldt Hall,Setup & Configuration,Event / class AV setup,Panel discussion: three handhelds and confidence monitor requested.,Configured room for panel format; struck equipment after event.,A. Okafor,23791
INC0200005,2026-01-31 14:15:00,2026-01-31 14:17:00,Student3852625,,Wieboldt Hall,AV Technical Support,Input switching failure,Touch panel input selection not changing projector source.,Walked instructor through manual input selection; scheduled switcher config review.,A. Okafor,2
INC0200251,2026-01-31 19:22:00,2026-01-31 19:24:00,Staff5306058,,Wieboldt Hall,AV Technical Support,No display / HDMI handshake,Projector shows brief image then drops to black screen repeatedly.,Rebooted control processor; input routing restored after reload.,M. Reyes,2
INC0201845,2026-02-01 06:28:50,2026-02-01 06:29:50,25Live,WIE-251,Wieboldt Hall,Classroom Scheduling,Room reservation sync,ACCT-410-0-51 Financial Accounting,Auto-closed by scheduling integration.,,16
INC0200294,2026-02-01 09:05:00,2026-02-01 10:27:00,Faculty8887524,,Wieboldt Hall,AV Technical Support,No display / HDMI handshake,Instructor laptop connected via HDMI but projector shows 'No Signal'.,Manually forced input on switcher; EDID re-handshake resolved the black screen.,D. Lindqvist,82
INC0201008,2026-02-02 07:50:01,2026-02-02 08:19:01,25Live,WIE-251,Wieboldt Hall,Classroom Scheduling,Room reservation sync,DECS-433-0-61 Business Analytics,Auto-closed by scheduling integration.,,6
INC0200463,2026-02-02 17:42:00,2026-02-02 20:18:00,Faculty4644560,WIE-251,Wieboldt Hall,AV Technical Support,No display / HDMI handshake,Instructor laptop connected via HDMI but projector shows 'No Signal'.,Rebooted control processor; input routing restored after reload.,D. Lindqvist,156
INC0200810,2026-02-03 05:30:57,2026-02-03 05:59:57,25Live,WIE-110,Wieboldt Hall,Classroom Scheduling,Room reservation sync,OPNS-430-0-62 Operations Management,Auto-closed by scheduling integration.,,22
INC0202411,2026-02-03 05:39:30,2026-02-03 06:06:30,25Live,WIE-110,Wieboldt Hall,Classroom Scheduling,Room reservation sync,MORS-470-0-51 Negotiations,Auto-closed by scheduling integration.,,27
INC0201067,2026-02-03 05:50:40,2026-02-03 06:17:40,25Live,WIE-404,Wieboldt Hall,Classroom Scheduling,Room reservation sync,Executive Education Workshop,Auto-closed by scheduling integration.,,26
INC0200765,2026-02-03 06:11:12,,25Live,WIE-312,Wieboldt Hall,Classroom Scheduling,Room reservation sync,STRT-452-0-71 Competitive Strategy,,,
INC0200395,2026-02-03 09:12:00,2026-02-03 13:47:00,Faculty5032571,WIE-142,Wieboldt Hall,AV Technical Support,Audio / microphone,Wireless mic static and dropouts near front of room.,Replaced batteries in bodypack; instructed on charging dock use.,J. Whitfield,275
INC0200156,2026-02-03 14:39:00,2026-02-17 06:23:00,Staff2294470,WIE-352,Wieboldt Hall,Lecture Capture,Capture scheduling / setup,One-time recording request for guest lecture.,Created recurring capture schedule; confirmed first recording with instructor.,M. Reyes,19664
INC0200679,2026-02-03 19:59:00,2026-02-03 20:54:00,Faculty6160486,,Wieboldt Hall,AV Technical Support,Control system / touch panel,'System Starting' hangs indefinitely; room unusable for class.,Replaced failed relay module controlling projector power.,D. Lindqvist,55
INC0200955,2026-02-04 05:16:52,2026-02-04 05:28:52,25Live,WIE-312,Wieboldt Hall,Classroom Scheduling,Room reservation sync,Leadership Coaching Session,Auto-closed by scheduling integration.,,1
INC0202230,2026-02-04 05:28:48,2026-02-04 05:31:48,25Live,WIE-251,Wieboldt Hall,Classroom Scheduling,Room reservation sync,Student Club Panel Event,Auto-closed by scheduling integration.,,3
INC0201478,2026-02-04 05:52:55,2026-02-04 05:59:55,25Live,WIE-537,Wieboldt Hall,Classroom Scheduling,Room reservation sync,MKTG-450-0-61 Brand Strategy,Auto-closed by scheduling integration.,,8
INC0202151,2026-02-04 06:07:18,2026-02-04 06:19:18,25Live,WIE-205,Wieboldt Hall,Classroom Scheduling,Room reservation sync,Admissions Information Session,Auto-closed by scheduling integration.,,14
INC0201506,2026-02-04 07:00:48,2026-02-04 07:29:48,25Live,WIE-306,Wieboldt Hall,Classroom Scheduling,Room reservation sync,FINC-430-0-51 Corporate Finance,Auto-closed by scheduling integration.,,4
INC0200351,2026-02-04 11:10:00,2026-02-04 11:31:00,Student9335257,WIE-110,Wieboldt Hall,AV Technical Support,Control system / touch panel,"Control panel unresponsive to touch, backlight on.",Hard-reset touch panel via PoE port; control restored.,S. Patel,21
INC0202113,2026-02-05 06:16:18,,25Live,WIE-142,Wieboldt Hall,Classroom Scheduling,Room reservation sync,MORS-470-0-51 Negotiations,,,
INC0202138,2026-02-05 06:39:01,2026-02-05 07:04:01,25Live,WIE-441,Wieboldt Hall,Classroom Scheduling,Room reservation sync,Leadership Coaching Session,Auto-closed by scheduling integration.,,21
INC0200104,2026-02-05 11:15:00,2026-02-06 01:24:00,Staff3442404,WIE-404,Wieboldt Hall,Lecture Capture,Capture scheduling / setup,One-time recording request for guest lecture.,Scheduled one-time recording; verified folder permissions.,T. Nakamura,849
INC0200101,2026-02-05 12:43:00,2026-05-04 00:22:00,Staff2134417,,Wieboldt Hall,Consultation,AV consultation / training,Instructor requests best-practice review for hybrid teaching setup.,Reviewed hybrid workflow and set camera/audio defaults with instructor.,D. Lindqvist,125979
INC0201198,2026-02-06 05:44:55,2026-02-06 05:53:55,25Live,WIE-355,Wieboldt Hall,Classroom Scheduling,Room reservation sync,MORS-470-0-51 Negotiations,Auto-closed by scheduling integration.,,9
INC0200986,2026-02-06 05:48:36,2026-02-06 05:50:36,25Live,WIE-258,Wieboldt Hall,Classroom Scheduling,Room reservation sync,FINC-430-0-51 Corporate Finance,Auto-closed by scheduling integration.,,24
INC0200258,2026-02-06 09:11:00,2026-02-06 09:17:00,Faculty6832473,WIE-251,Wieboldt Hall,AV Technical Support,No display / HDMI handshake,Instructor laptop connected via HDMI but projector shows 'No Signal'.,Replaced worn HDMI cable at podium wall plate.,A. Okafor,6
INC0200260,2026-02-06 09:18:00,2026-02-06 09:44:00,Faculty3049138,WIE-251,Wieboldt Hall,AV Technical Support,No display / HDMI handshake,Guest speaker laptop not detected on wall plate HDMI input.,Duplicate of earlier ticket; closed.,D. Lindqvist,26
INC0201088,2026-02-07 06:51:12,,25Live,WIE-352,Wieboldt Hall,Classroom Scheduling,Room reservation sync,MORS-470-0-51 Negotiations,,,
INC0201140,2026-02-07 07:35:46,2026-02-07 07:54:46,25Live,WIE-251,Wieboldt Hall,Classroom Scheduling,Room reservation sync,Student Club Panel Event,Auto-closed by scheduling integration.,,7
INC0201019,2026-02-08 05:34:55,2026-02-08 05:56:55,25Live,WIE-441,Wieboldt Hall,Classroom Scheduling,Room reservation sync,FINC-430-0-51 Corporate Finance,Auto-closed by scheduling integration.,,11
INC0200157,2026-02-08 10:44:00,2026-02-19 16:09:00,Staff6386122,WIE-352,Wieboldt Hall,Lecture Capture,Capture scheduling / setup,One-time recording request for guest lecture.,Created recurring capture schedule; confirmed first recording with instructor.,D. Lindqvist,16165
INC0200831,2026-02-09 05:12:15,2026-02-09 05:39:15,25Live,WIE-306,Wieboldt Hall,Classroom Scheduling,Room reservation sync,STRT-452-0-71 Competitive Strategy,Auto-closed by scheduling integration.,,9
INC0201923,2026-02-09 05:26:06,2026-02-09 05:30:06,25Live,WIE-404,Wieboldt Hall,Classroom Scheduling,Room reservation sync,Admissions Information Session,Auto-closed by scheduling integration.,,2
INC0201675,2026-02-09 05:48:40,2026-02-09 06:11:40,25Live,WIE-441,Wieboldt Hall,Classroom Scheduling,Room reservation sync,MECN-425-0-52 Managerial Economics,Auto-closed by scheduling integration.,,27
INC0201006,2026-02-09 07:47:56,,25Live,WIE-355,Wieboldt Hall,Classroom Scheduling,Room reservation sync,MORS-470-0-51 Negotiations,,,
INC0200586,2026-02-09 10:06:00,2026-02-17 19:33:00,Staff3571080,,Wieboldt Hall,Equipment Maintenance & Repair,Projector lamp / image quality,"Yellow tint on projected image, worse on left side.",Cleaned filter and reset lamp hours counter.,A. Okafor,12087
INC0200588,2026-02-09 10:10:00,2026-02-09 10:37:00,Faculty8026493,WIE-251,Wieboldt Hall,Equipment Maintenance & Repair,Projector lamp / image quality,"Projector image noticeably dim, colors washed out.",Duplicate of earlier ticket; closed.,M. Reyes,27
INC0200613,2026-02-09 11:07:00,2026-02-14 00:18:00,Faculty2596432,,Wieboldt Hall,Setup & Configuration,Event / class AV setup,AV setup requested for admissions information session.,Provided requested microphones; staffed first 15 minutes of event.,A. Okafor,6551
INC0200259,2026-02-09 14:08:00,2026-02-09 14:21:00,Faculty3049138,WIE-251,Wieboldt Hall,AV Technical Support,No display / HDMI handshake,Guest speaker laptop not detected on wall plate HDMI input.,Rebooted control processor; input routing restored after reload.,D. Lindqvist,13
INC0201709,2026-02-10 05:36:33,2026-02-10 05:52:33,25Live,WIE-105,Wieboldt Hall,Classroom Scheduling,Room reservation sync,MECN-425-0-52 Managerial Economics,Auto-closed by scheduling integration.,,14
INC0200749,2026-02-10 07:30:11,2026-02-10 07:46:11,25Live,WIE-441,Wieboldt Hall,Classroom Scheduling,Room reservation sync,FINC-430-0-51 Corporate Finance,Auto-closed by scheduling integration.,,22
INC0200295,2026-02-10 14:22:00,2026-02-10 14:47:00,Student2307323,WIE-251,Wieboldt Hall,AV Technical Support,No display / HDMI handshake,HDMI handshake failure after switching from podium PC to laptop.,Power-cycled matrix switcher and re-seated HDMI at podium; signal restored.,D. Lindqvist,25
INC0200154,2026-02-10 15:10:00,2026-02-16 08:17:00,Faculty3153525,WIE-142,Wieboldt Hall,Equipment Maintenance & Repair,Preventative maintenance,Semester-start room readiness verification.,Updated device firmware; verified control and AV paths.,K. Duval,8227
INC0200755,2026-02-11 05:44:45,2026-02-11 05:59:45,25Live,WIE-205,Wieboldt Hall,Classroom Scheduling,Room reservation sync,Admissions Information Session,Auto-closed by scheduling integration.,,9
INC0202351,2026-02-11 06:48:09,2026-02-11 06:56:09,25Live,WIE-508,Wieboldt Hall,Classroom Scheduling,Room reservation sync,Faculty Meeting,Auto-closed by scheduling integration.,,11
INC0202162,2026-02-11 06:53:19,2026-02-11 07:20:19,25Live,WIE-105,Wieboldt Hall,Classroom Scheduling,Room reservation sync,Faculty Meeting,Auto-closed by scheduling integration.,,1
INC0201482,2026-02-11 07:44:18,,25Live,WIE-312,Wieboldt Hall,Classroom Scheduling,Room reservation sync,Admissions Information Session,,,
INC0201038,2026-02-13 05:37:07,2026-02-13 06:00:07,25Live,WIE-441,Wieboldt Hall,Classroom Scheduling,Room reservation sync,MECN-425-0-52 Managerial Economics,Auto-closed by scheduling integration.,,29
INC0201747,2026-02-13 06:31:28,2026-02-13 07:00:28,25Live,WIE-404,Wieboldt Hall,Classroom Scheduling,Room reservation sync,DECS-433-0-61 Business Analytics,Auto-closed by scheduling integration.,,9
INC0201782,2026-02-13 06:59:10,2026-02-13 07:04:10,25Live,WIE-251,Wieboldt Hall,Classroom Scheduling,Room reservation sync,MKTG-450-0-61 Brand Strategy,Auto-closed by scheduling integration.,,3
INC0200257,2026-02-13 12:41:00,2026-03-21 17:40:00,Faculty7998301,WIE-105,Wieboldt Hall,AV Technical Support,Audio / microphone,Lavalier mic cutting out intermittently during lecture.,Swapped faulty bodypack transmitter with spare unit.,E. Marsh,52139
INC0201976,2026-02-14 05:34:45,,25Live,WIE-251,Wieboldt Hall,Classroom Scheduling,Room reservation sync,Student Club Panel Event,,,
INC0200587,2026-02-14 14:40:00,2026-03-12 13:43:00,Faculty8026493,WIE-251,Wieboldt Hall,Equipment Maintenance & Repair,Projector lamp / image quality,"Projector image noticeably dim, colors washed out.",Replaced projector lamp; brightness restored.,M. Reyes,37383
INC0202538,2026-02-15 05:13:14,2026-02-15 05:34:14,25Live,WIE-343,Wieboldt Hall,Classroom Scheduling,Room reservation sync,MECN-425-0-52 Managerial Economics,Auto-closed by scheduling integration.,,3
INC0201141,2026-02-16 05:25:12,,25Live,WIE-412,Wieboldt Hall,Classroom Scheduling,Room reservation sync,FINC-430-0-51 Corporate Finance,,,
INC0201571,2026-02-16 05:27:05,2026-02-16 05:51:05,25Live,WIE-537,Wieboldt Hall,Classroom Scheduling,Room reservation sync,Student Club Panel Event,Auto-closed by scheduling integration.,,12
INC0202535,2026-02-16 07:11:09,2026-02-16 07:37:09,25Live,WIE-352,Wieboldt Hall,Classroom Scheduling,Room reservation sync,DECS-433-0-61 Business Analytics,Auto-closed by scheduling integration.,,15
INC0201882,2026-02-16 07:53:46,2026-02-16 08:12:46,25Live,WIE-306,Wieboldt Hall,Classroom Scheduling,Room reservation sync,MECN-425-0-52 Managerial Economics,Auto-closed by scheduling integration.,,27
INC0202154,2026-02-17 05:03:44,2026-02-17 05:08:44,25Live,WIE-258,Wieboldt Hall,Classroom Scheduling,Room reservation sync,Student Club Panel Event,Auto-closed by scheduling integration.,,22
INC0201180,2026-02-17 05:25:48,2026-02-17 05:27:48,25Live,WIE-412,Wieboldt Hall,Classroom Scheduling,Room reservation sync,MORS-470-0-51 Negotiations,Auto-closed by scheduling integration.,,3
INC0202170,2026-02-17 05:42:56,2026-02-17 05:54:56,25Live,WIE-148,Wieboldt Hall,Classroom Scheduling,Room reservation sync,Admissions Information Session,Auto-closed by scheduling integration.,,1
INC0201391,2026-02-17 06:40:19,2026-02-17 06:48:19,25Live,WIE-306,Wieboldt Hall,Classroom Scheduling,Room reservation sync,MECN-425-0-52 Managerial Economics,Auto-closed by scheduling integration.,,8
INC0202347,2026-02-17 07:06:20,2026-02-17 07:17:20,25Live,WIE-318,Wieboldt Hall,Classroom Scheduling,Room reservation sync,FINC-430-0-51 Corporate Finance,Auto-closed by scheduling integration.,,22
INC0202210,2026-02-17 07:37:22,2026-02-17 07:40:22,25Live,WIE-343,Wieboldt Hall,Classroom Scheduling,Room reservation sync,MORS-470-0-51 Negotiations,Auto-closed by scheduling integration.,,7
INC0200141,2026-02-17 10:54:00,2026-03-18 17:00:00,Staff8956333,WIE-343,Wieboldt Hall,Lecture Capture,Recording failed / not captured,Recording stopped 20 minutes into class; remainder not captured.,Re-seated audio feed to appliance; levels verified on test recording.,M. Reyes,42126
INC0202287,2026-02-18 07:21:39,2026-02-18 07:31:39,25Live,WIE-148,Wieboldt Hall,Classroom Scheduling,Room reservation sync,OPNS-430-0-62 Operations Management,Auto-closed by scheduling integration.,,8
INC0200552,2026-02-18 19:56:00,2026-03-26 01:10:00,Student2964423,WIE-355,Wieboldt Hall,Consultation,AV consultation / training,New faculty member requests walkthrough of classroom AV system.,Provided 30-minute room orientation; left quick-reference guide.,K. Duval,50714
INC0202441,2026-02-19 05:01:03,2026-02-19 05:29:03,25Live,WIE-246,Wieboldt Hall,Classroom Scheduling,Room reservation sync,MECN-425-0-52 Managerial Economics,Auto-closed by scheduling integration.,,29
INC0202464,2026-02-19 05:54:41,,25Live,WIE-312,Wieboldt Hall,Classroom Scheduling,Room reservation sync,STRT-452-0-71 Competitive Strategy,,,
INC0200255,2026-02-19 17:51:00,2026-02-19 21:57:00,Staff2495489,,Wieboldt Hall,AV Technical Support,Podium PC / login,Podium PC extremely slow to load PowerPoint.,Cleared temp files and restarted; escalated for RAM upgrade.,L. Ferreira,246
INC0202034,2026-02-20 05:06:31,2026-02-20 05:17:31,25Live,WIE-343,Wieboldt Hall,Classroom Scheduling,Room reservation sync,STRT-452-0-71 Competitive Strategy,Auto-closed by scheduling integration.,,17
INC0200490,2026-02-20 09:32:00,2026-03-17 20:12:00,Staff8206587,,Wieboldt Hall,Lecture Capture,Recording failed / not captured,Capture appliance offline; last three scheduled recordings missing.,Re-seated audio feed to appliance; levels verified on test recording.,M. Reyes,36640
INC0200292,2026-02-22 10:24:00,2026-02-22 11:19:00,Staff3355529,WIE-246,Wieboldt Hall,AV Technical Support,Input switching failure,Room stuck on document camera input; cannot switch back to podium PC.,Reloaded control program; input switching functional.,S. Patel,55
INC0201444,2026-02-23 05:16:02,2026-02-23 05:17:02,25Live,WIE-110,Wieboldt Hall,Classroom Scheduling,Room reservation sync,ACCT-410-0-51 Financial Accounting,Auto-closed by scheduling integration.,,19
INC0200387,2026-02-23 17:46:00,2026-03-30 02:36:00,Faculty9126125,,Wieboldt Hall,Consultation,AV consultation / training,New faculty member requests walkthrough of classroom AV system.,Reviewed hybrid workflow and set camera/audio defaults with instructor.,E. Marsh,49490
INC0201656,2026-02-24 05:01:23,2026-02-24 05:25:23,25Live,WIE-355,Wieboldt Hall,Classroom Scheduling,Room reservation sync,Room Hold — Facilities,Auto-closed by scheduling integration.,,15
INC0201699,2026-02-24 05:35:19,,25Live,WIE-142,Wieboldt Hall,Classroom Scheduling,Room reservation sync,Leadership Coaching Session,,,
INC0200846,2026-02-24 05:36:11,2026-02-24 05:37:11,25Live,WIE-258,Wieboldt Hall,Classroom Scheduling,Room reservation sync,OPNS-430-0-62 Operations Management,Auto-closed by scheduling integration.,,4
INC0202368,2026-02-24 05:56:03,2026-02-24 06:19:03,25Live,WIE-318,Wieboldt Hall,Classroom Scheduling,Room reservation sync,Room Hold — Facilities,Auto-closed by scheduling integration.,,18
INC0200805,2026-02-24 05:59:07,2026-02-24 06:25:07,25Live,WIE-306,Wieboldt Hall,Classroom Scheduling,Room reservation sync,DECS-433-0-61 Business Analytics,Auto-closed by scheduling integration.,,7
INC0202359,2026-02-24 06:14:06,2026-02-24 06:31:06,25Live,WIE-412,Wieboldt Hall,Classroom Scheduling,Room reservation sync,Leadership Coaching Session,Auto-closed by scheduling integration.,,25
INC0201153,2026-02-24 06:25:16,2026-02-24 06:26:16,25Live,WIE-318,Wieboldt Hall,Classroom Scheduling,Room reservation sync,FINC-430-0-51 Corporate Finance,Auto-closed by scheduling integration.,,8
INC0200508,2026-02-24 09:56:00,2026-02-25 02:29:00,Staff6572173,WIE-355,Wieboldt Hall,AV Technical Support,No display / HDMI handshake,Projector shows brief image then drops to black screen repeatedly.,Power-cycled matrix switcher and re-seated HDMI at podium; signal restored.,A. Okafor,993
INC0202036,2026-02-25 05:10:36,2026-02-25 05:16:36,25Live,WIE-246,Wieboldt Hall,Classroom Scheduling,Room reservation sync,Faculty Meeting,Auto-closed by scheduling integration.,,25
INC0202030,2026-02-25 06:10:14,2026-02-25 06:34:14,25Live,WIE-142,Wieboldt Hall,Classroom Scheduling,Room reservation sync,MECN-425-0-52 Managerial Economics,Auto-closed by scheduling integration.,,10
INC0201513,2026-02-25 06:14:32,2026-02-25 06:25:32,25Live,WIE-251,Wieboldt Hall,Classroom Scheduling,Room reservation sync,OPNS-430-0-62 Operations Management,Auto-closed by scheduling integration.,,26
INC0201013,2026-02-25 07:12:15,2026-02-25 07:35:15,25Live,WIE-343,Wieboldt Hall,Classroom Scheduling,Room reservation sync,FINC-430-0-51 Corporate Finance,Auto-closed by scheduling integration.,,21
INC0201704,2026-02-26 05:17:01,2026-02-26 05:36:01,25Live,WIE-258,Wieboldt Hall,Classroom Scheduling,Room reservation sync,MKTG-450-0-61 Brand Strategy,Auto-closed by scheduling integration.,,19
INC0201348,2026-02-26 05:57:34,2026-02-26 06:03:34,25Live,WIE-142,Wieboldt Hall,Classroom Scheduling,Room reservation sync,OPNS-430-0-62 Operations Management,Auto-closed by scheduling integration.,,28
INC0201237,2026-02-26 06:32:41,2026-02-26 06:42:41,25Live,WIE-343,Wieboldt Hall,Classroom Scheduling,Room reservation sync,ACCT-410-0-51 Financial Accounting,Auto-closed by scheduling integration.,,6
INC0200138,2026-02-27 17:58:00,2026-02-27 22:50:00,Staff4479219,,Wieboldt Hall,Equipment Maintenance & Repair,Cabling / connectors,"HDMI cable at podium has bent pin, intermittent connection.",Re-secured wall plate and tested all inputs.,A. Okafor,292
INC0200274,2026-02-27 18:04:00,2026-02-28 00:07:00,Staff3947604,WIE-343,Wieboldt Hall,AV Technical Support,No display / HDMI handshake,Podium PC displays on confidence monitor but projector screen is black.,Manually forced input on switcher; EDID re-handshake resolved the black screen.,D. Lindqvist,363
INC0200491,2026-02-27 19:37:00,2026-02-27 21:45:00,Faculty6586371,WIE-142,Wieboldt Hall,Lecture Capture,Recording failed / not captured,Lecture recording missing audio track for full session.,Corrected room calendar mapping in capture scheduler.,D. Lindqvist,128
INC0201852,2026-02-28 06:10:11,2026-02-28 06:29:11,25Live,WIE-355,Wieboldt Hall,Classroom Scheduling,Room reservation sync,MECN-425-0-52 Managerial Economics,Auto-closed by scheduling integration.,,22
INC0202349,2026-02-28 06:33:17,2026-02-28 06:56:17,25Live,WIE-110,Wieboldt Hall,Classroom Scheduling,Room reservation sync,ACCT-410-0-51 Financial Accounting,Auto-closed by scheduling integration.,,2
INC0202091,2026-02-28 06:34:50,2026-02-28 06:38:50,25Live,WIE-148,Wieboldt Hall,Classroom Scheduling,Room reservation sync,Student Club Panel Event,Auto-closed by scheduling integration.,,1
INC0201358,2026-02-28 06:36:04,,25Live,WIE-251,Wieboldt Hall,Classroom Scheduling,Room reservation sync,DECS-433-0-61 Business Analytics,,,
INC0200509,2026-02-28 10:11:00,2026-02-28 10:18:00,Faculty1181371,,Wieboldt Hall,AV Technical Support,No display / HDMI handshake,HDMI handshake failure after switching from podium PC to laptop.,Replaced worn HDMI cable at podium wall plate.,A. Okafor,7
INC0200142,2026-03-01 16:44:00,2026-03-02 07:28:00,Faculty7261029,WIE-343,Wieboldt Hall,Lecture Capture,Recording failed / not captured,Lecture recording missing audio track for full session.,Restarted capture appliance; verified next scheduled recording completed.,M. Reyes,884
INC0202296,2026-03-02 05:00:54,2026-03-02 05:20:54,25Live,WIE-251,Wieboldt Hall,Classroom Scheduling,Room reservation sync,DECS-433-0-61 Business Analytics,Auto-closed by scheduling integration.,,5
INC0201599,2026-03-02 05:19:49,,25Live,WIE-343,Wieboldt Hall,Classroom Scheduling,Room reservation sync,Student Club Panel Event,,,
INC0201993,2026-03-02 06:32:55,2026-03-02 07:00:55,25Live,WIE-343,Wieboldt Hall,Classroom Scheduling,Room reservation sync,MECN-425-0-52 Managerial Economics,Auto-closed by scheduling integration.,,24
INC0201250,2026-03-02 06:33:36,2026-03-02 06:54:36,25Live,WIE-355,Wieboldt Hall,Classroom Scheduling,Room reservation sync,Student Club Panel Event,Auto-closed by scheduling integration.,,10
INC0201615,2026-03-02 07:59:58,2026-03-02 08:14:58,25Live,WIE-343,Wieboldt Hall,Classroom Scheduling,Room reservation sync,Admissions Information Session,Auto-closed by scheduling integration.,,18
INC0200527,2026-03-02 10:31:00,2026-03-02 15:21:00,Staff1745568,WIE-521,Wieboldt Hall,Equipment Maintenance & Repair,Preventative maintenance,Semester-start room readiness verification.,Completed PM checklist; all systems nominal.,M. Reyes,290
INC0200059,2026-03-02 16:42:00,2026-03-03 02:02:00,Student4935106,WIE-148,Wieboldt Hall,Webconferencing,Zoom/Teams AV routing,Hybrid class: in-room students cannot hear remote participants.,Selected correct USB bridge as mic/speaker in Zoom; verified with test call.,S. Patel,560
INC0200824,2026-03-03 06:12:46,2026-03-03 06:36:46,25Live,WIE-251,Wieboldt Hall,Classroom Scheduling,Room reservation sync,Admissions Information Session,Auto-closed by scheduling integration.,,25
INC0201552,2026-03-03 06:50:39,2026-03-03 06:53:39,25Live,WIE-105,Wieboldt Hall,Classroom Scheduling,Room reservation sync,OPNS-430-0-62 Operations Management,Auto-closed by scheduling integration.,,26
INC0201322,2026-03-03 07:25:30,,25Live,WIE-312,Wieboldt Hall,Classroom Scheduling,Room reservation sync,MECN-425-0-52 Managerial Economics,,,
INC0201870,2026-03-04 05:06:45,2026-03-04 05:09:45,25Live,WIE-318,Wieboldt Hall,Classroom Scheduling,Room reservation sync,MORS-470-0-51 Negotiations,Auto-closed by scheduling integration.,,22
INC0202534,2026-03-04 05:08:04,2026-03-04 05:13:04,25Live,WIE-251,Wieboldt Hall,Classroom Scheduling,Room reservation sync,ACCT-410-0-51 Financial Accounting,Auto-closed by scheduling integration.,,14
INC0202337,2026-03-04 05:09:15,2026-03-04 05:28:15,25Live,WIE-508,Wieboldt Hall,Classroom Scheduling,Room reservation sync,MKTG-450-0-61 Brand Strategy,Auto-closed by scheduling integration.,,6
INC0202302,2026-03-04 05:26:24,2026-03-04 05:38:24,25Live,WIE-251,Wieboldt Hall,Classroom Scheduling,Room reservation sync,MKTG-450-0-61 Brand Strategy,Auto-closed by scheduling integration.,,5
INC0202144,2026-03-04 05:26:25,2026-03-04 05:33:25,25Live,WIE-352,Wieboldt Hall,Classroom Scheduling,Room reservation sync,FINC-430-0-51 Corporate Finance,Auto-closed by scheduling integration.,,25
INC0202262,2026-03-04 05:55:25,2026-03-04 06:05:25,25Live,WIE-251,Wieboldt Hall,Classroom Scheduling,Room reservation sync,MECN-425-0-52 Managerial Economics,Auto-closed by scheduling integration.,,28
INC0202501,2026-03-04 06:57:25,2026-03-04 07:10:25,25Live,WIE-251,Wieboldt Hall,Classroom Scheduling,Room reservation sync,DECS-433-0-61 Business Analytics,Auto-closed by scheduling integration.,,28
INC0201695,2026-03-04 07:11:46,2026-03-04 07:23:46,25Live,WIE-205,Wieboldt Hall,Classroom Scheduling,Room reservation sync,MORS-470-0-51 Negotiations,Auto-closed by scheduling integration.,,6
INC0200787,2026-03-04 07:29:28,2026-03-04 07:58:28,25Live,WIE-142,Wieboldt Hall,Classroom Scheduling,Room reservation sync,Student Club Panel Event,Auto-closed by scheduling integration.,,5
INC0201592,2026-03-04 07:57:05,,25Live,WIE-455,Wieboldt Hall,Classroom Scheduling,Room reservation sync,DECS-433-0-61 Business Analytics,,,
INC0201326,2026-03-05 05:48:27,2026-03-05 06:16:27,25Live,WIE-306,Wieboldt Hall,Classroom Scheduling,Room reservation sync,Room Hold — Facilities,Auto-closed by scheduling integration.,,27
INC0202438,2026-03-05 06:06:18,2026-03-05 06:08:18,25Live,WIE-251,Wieboldt Hall,Classroom Scheduling,Room reservation sync,Leadership Coaching Session,Auto-closed by scheduling integration.,,26
INC0201025,2026-03-05 07:14:40,2026-03-05 07:35:40,25Live,WIE-258,Wieboldt Hall,Classroom Scheduling,Room reservation sync,Room Hold — Facilities,Auto-closed by scheduling integration.,,23
INC0200064,2026-03-05 14:41:00,2026-03-05 15:13:00,Faculty9883552,WIE-352,Wieboldt Hall,AV Technical Support,Input switching failure,Touch panel input selection not changing projector source.,Reloaded control program; input switching functional.,M. Reyes,32
INC0201000,2026-03-06 05:37:52,2026-03-06 05:47:52,25Live,WIE-343,Wieboldt Hall,Classroom Scheduling,Room reservation sync,FINC-430-0-51 Corporate Finance,Auto-closed by scheduling integration.,,21
INC0202270,2026-03-06 06:12:35,,25Live,WIE-312,Wieboldt Hall,Classroom Scheduling,Room reservation sync,FINC-430-0-51 Corporate Finance,,,
INC0201489,2026-03-06 07:20:21,2026-03-06 07:39:21,25Live,WIE-110,Wieboldt Hall,Classroom Scheduling,Room reservation sync,OPNS-430-0-62 Operations Management,Auto-closed by scheduling integration.,,26
INC0200139,2026-03-06 14:44:00,2026-03-12 21:02:00,Student1631625,WIE-142,Wieboldt Hall,Equipment Maintenance & Repair,Cabling / connectors,"HDMI cable at podium has bent pin, intermittent connection.",Swapped damaged HDMI cable; tested with laptop.,M. Reyes,9018
INC0200329,2026-03-06 19:45:00,2026-03-14 15:08:00,Staff9318290,,Wieboldt Hall,Lecture Capture,Capture scheduling / setup,One-time recording request for guest lecture.,Scheduled one-time recording; verified folder permissions.,M. Reyes,11243
INC0201800,2026-03-07 05:10:32,2026-03-07 05:33:32,25Live,WIE-343,Wieboldt Hall,Classroom Scheduling,Room reservation sync,Student Club Panel Event,Auto-closed by scheduling integration.,,18
INC0201797,2026-03-07 05:10:39,2026-03-07 05:19:39,25Live,WIE-142,Wieboldt Hall,Classroom Scheduling,Room reservation sync,Faculty Meeting,Auto-closed by scheduling integration.,,4
INC0201761,2026-03-07 05:16:26,2026-03-07 05:20:26,25Live,WIE-148,Wieboldt Hall,Classroom Scheduling,Room reservation sync,Room Hold — Facilities,Auto-closed by scheduling integration.,,20
INC0201285,2026-03-07 05:52:03,2026-03-07 06:09:03,25Live,WIE-355,Wieboldt Hall,Classroom Scheduling,Room reservation sync,Admissions Information Session,Auto-closed by scheduling integration.,,19
INC0202499,2026-03-07 06:28:10,2026-03-07 06:32:10,25Live,WIE-412,Wieboldt Hall,Classroom Scheduling,Room reservation sync,MECN-425-0-52 Managerial Economics,Auto-closed by scheduling integration.,,20
INC0202087,2026-03-07 07:22:00,,25Live,WIE-142,Wieboldt Hall,Classroom Scheduling,Room reservation sync,STRT-452-0-71 Competitive Strategy,,,
INC0200497,2026-03-07 11:37:00,2026-03-20 22:27:00,Faculty9979488,,Wieboldt Hall,Equipment Maintenance & Repair,Projector lamp / image quality,"Yellow tint on projected image, worse on left side.",Replaced projector lamp; brightness restored.,A. Okafor,19370
INC0201863,2026-03-08 05:53:42,2026-03-08 06:00:42,25Live,WIE-251,Wieboldt Hall,Classroom Scheduling,Room reservation sync,Student Club Panel Event,Auto-closed by scheduling integration.,,8
INC0200530,2026-03-08 18:59:00,2026-03-08 23:12:00,Student3923455,WIE-246,Wieboldt Hall,AV Technical Support,Input switching failure,Touch panel input selection not changing projector source.,Walked instructor through manual input selection; scheduled switcher config review.,D. Lindqvist,253
INC0200532,2026-03-08 19:01:00,2026-03-08 19:22:00,Student6125096,WIE-246,Wieboldt Hall,AV Technical Support,Input switching failure,Touch panel input selection not changing projector source.,Duplicate of earlier ticket; closed.,K. Duval,21
INC0201044,2026-03-09 06:06:26,,25Live,WIE-105,Wieboldt Hall,Classroom Scheduling,Room reservation sync,MORS-470-0-51 Negotiations,,,
INC0201402,2026-03-09 06:56:23,2026-03-09 07:18:23,25Live,WIE-205,Wieboldt Hall,Classroom Scheduling,Room reservation sync,MECN-425-0-52 Managerial Economics,Auto-closed by scheduling integration.,,8
INC0201684,2026-03-09 07:14:44,2026-03-09 07:34:44,25Live,WIE-251,Wieboldt Hall,Classroom Scheduling,Room reservation sync,Leadership Coaching Session,Auto-closed by scheduling integration.,,20
INC0202540,2026-03-09 07:44:45,2026-03-09 07:53:45,25Live,WIE-404,Wieboldt Hall,Classroom Scheduling,Room reservation sync,Student Club Panel Event,Auto-closed by scheduling integration.,,13
INC0200218,2026-03-09 11:08:00,2026-03-09 12:30:00,Student8687435,,Wieboldt Hall,AV Technical Support,Podium PC / login,Instructor cannot log in to podium PC with NetID.,Deferred updates to maintenance window; PC available for class.,A. Okafor,82
INC0200235,2026-03-09 11:25:00,2026-03-11 17:25:00,Student9075425,WIE-312,Wieboldt Hall,Lecture Capture,Capture scheduling / setup,One-time recording request for guest lecture.,Scheduled one-time recording; verified folder permissions.,L. Ferreira,3240
INC0201216,2026-03-10 05:06:40,,25Live,WIE-312,Wieboldt Hall,Classroom Scheduling,Room reservation sync,ACCT-410-0-51 Financial Accounting,,,
INC0201027,2026-03-10 05:48:25,2026-03-10 05:58:25,25Live,WIE-441,Wieboldt Hall,Classroom Scheduling,Room reservation sync,Leadership Coaching Session,Auto-closed by scheduling integration.,,21
INC0200803,2026-03-10 06:03:38,2026-03-10 06:29:38,25Live,WIE-251,Wieboldt Hall,Classroom Scheduling,Room reservation sync,Student Club Panel Event,Auto-closed by scheduling integration.,,22
INC0202293,2026-03-10 07:12:44,2026-03-10 07:36:44,25Live,WIE-142,Wieboldt Hall,Classroom Scheduling,Room reservation sync,Executive Education Workshop,Auto-closed by scheduling integration.,,12
INC0200394,2026-03-10 09:32:00,2026-03-18 18:46:00,Faculty6017034,WIE-148,Wieboldt Hall,Lecture Capture,Recording failed / not captured,Capture appliance offline; last three scheduled recordings missing.,Recovered local backup recording and uploaded to course folder.,J. Whitfield,12074
INC0200734,2026-03-10 15:16:00,2026-03-10 16:55:00,Staff4881295,WIE-246,Wieboldt Hall,AV Technical Support,Control system / touch panel,"Control panel unresponsive to touch, backlight on.",Rebooted control processor; panel reconnected after program reload.,M. Reyes,99
INC0200398,2026-03-10 15:19:00,2026-03-10 20:46:00,Staff1866032,,Wieboldt Hall,AV Technical Support,No display / HDMI handshake,Instructor laptop connected via HDMI but projector shows 'No Signal'.,Power-cycled matrix switcher and re-seated HDMI at podium; signal restored.,A. Okafor,327
INC0201442,2026-03-11 05:02:03,2026-03-11 05:11:03,25Live,WIE-318,Wieboldt Hall,Classroom Scheduling,Room reservation sync,MORS-470-0-51 Negotiations,Auto-closed by scheduling integration.,,4
INC0201713,2026-03-11 05:07:38,2026-03-11 05:10:38,25Live,WIE-412,Wieboldt Hall,Classroom Scheduling,Room reservation sync,MORS-470-0-51 Negotiations,Auto-closed by scheduling integration.,,11
INC0200940,2026-03-11 05:27:21,2026-03-11 05:29:21,25Live,WIE-148,Wieboldt Hall,Classroom Scheduling,Room reservation sync,Faculty Meeting,Auto-closed by scheduling integration.,,22
INC0201575,2026-03-11 05:41:09,2026-03-11 06:07:09,25Live,WIE-246,Wieboldt Hall,Classroom Scheduling,Room reservation sync,DECS-433-0-61 Business Analytics,Auto-closed by scheduling integration.,,14
INC0201144,2026-03-11 05:50:10,2026-03-11 05:59:10,25Live,WIE-110,Wieboldt Hall,Classroom Scheduling,Room reservation sync,DECS-433-0-61 Business Analytics,Auto-closed by scheduling integration.,,29
INC0201488,2026-03-11 06:44:39,2026-03-11 07:02:39,25Live,WIE-441,Wieboldt Hall,Classroom Scheduling,Room reservation sync,Leadership Coaching Session,Auto-closed by scheduling integration.,,13
INC0201574,2026-03-11 07:05:56,2026-03-11 07:22:56,25Live,WIE-343,Wieboldt Hall,Classroom Scheduling,Room reservation sync,ACCT-410-0-51 Financial Accounting,Auto-closed by scheduling integration.,,18
INC0200167,2026-03-11 09:41:00,2026-03-12 16:54:00,Student232364,,Wieboldt Hall,AV Technical Support,Input switching failure,Instructor unable to switch between laptop and PC mid-class.,Reloaded control program; input switching functional.,A. Okafor,1873
INC0200529,2026-03-11 09:45:00,2026-05-20 18:50:00,Faculty2116561,WIE-251,Wieboldt Hall,Setup & Configuration,Event / class AV setup,Panel discussion: three handhelds and confidence monitor requested.,Provided requested microphones; staffed first 15 minutes of event.,A. Okafor,101345
INC0200699,2026-03-11 10:48:00,2026-03-11 13:54:00,Staff8694395,WIE-142,Wieboldt Hall,AV Technical Support,No display / HDMI handshake,Projector shows brief image then drops to black screen repeatedly.,Manually forced input on switcher; EDID re-handshake resolved the black screen.,A. Okafor,186
INC0200065,2026-03-11 21:50:00,2026-03-11 22:44:00,Faculty2517192,WIE-352,Wieboldt Hall,AV Technical Support,Input switching failure,Instructor unable to switch between laptop and PC mid-class.,Reloaded control program; input switching functional.,M. Reyes,54
INC0201784,2026-03-12 05:27:15,2026-03-12 05:42:15,25Live,WIE-258,Wieboldt Hall,Classroom Scheduling,Room reservation sync,Faculty Meeting,Auto-closed by scheduling integration.,,5
INC0201083,2026-03-12 06:44:43,2026-03-12 06:57:43,25Live,WIE-355,Wieboldt Hall,Classroom Scheduling,Room reservation sync,MORS-470-0-51 Negotiations,Auto-closed by scheduling integration.,,7
INC0201427,2026-03-12 07:02:15,,25Live,WIE-142,Wieboldt Hall,Classroom Scheduling,Room reservation sync,Admissions Information Session,,,
INC0200122,2026-03-12 11:07:00,2026-04-10 22:27:00,Faculty6221387,WIE-105,Wieboldt Hall,Setup & Configuration,Event / class AV setup,Microphone and projector setup for guest speaker event.,Provided requested microphones; staffed first 15 minutes of event.,S. Patel,42440
INC0200694,2026-03-12 16:01:00,2026-03-19 01:47:00,Faculty7065660,,Wieboldt Hall,Lecture Capture,Recording failed / not captured,Scheduled class recording did not start; instructor reports no video in portal.,Re-seated audio feed to appliance; levels verified on test recording.,A. Okafor,9226
INC0200270,2026-03-12 19:35:00,2026-03-12 19:43:00,Faculty9519376,WIE-251,Wieboldt Hall,AV Technical Support,No display / HDMI handshake,Instructor laptop connected via HDMI but projector shows 'No Signal'.,Replaced worn HDMI cable at podium wall plate.,M. Reyes,8
INC0201899,2026-03-13 05:02:57,2026-03-13 05:06:57,25Live,WIE-142,Wieboldt Hall,Classroom Scheduling,Room reservation sync,Student Club Panel Event,Auto-closed by scheduling integration.,,15
INC0200869,2026-03-13 07:25:13,2026-03-13 07:47:13,25Live,WIE-105,Wieboldt Hall,Classroom Scheduling,Room reservation sync,Leadership Coaching Session,Auto-closed by scheduling integration.,,23
INC0200531,2026-03-13 09:21:00,2026-03-13 10:42:00,Student6125096,WIE-246,Wieboldt Hall,AV Technical Support,Input switching failure,Touch panel input selection not changing projector source.,Matrix switcher front-panel override cleared; touch panel control restored.,K. Duval,81
INC0200168,2026-03-13 11:08:00,2026-03-13 11:38:00,Faculty6370238,,Wieboldt Hall,AV Technical Support,Input switching failure,Touch panel input selection not changing projector source.,Walked instructor through manual input selection; scheduled switcher config review.,L. Ferreira,30
INC0200464,2026-03-15 14:07:00,,Student405406,WIE-110,Wieboldt Hall,Equipment Maintenance & Repair,Cabling / connectors,USB-C adapter at podium missing; instructor cannot connect MacBook.,,S. Patel,
INC0202220,2026-03-16 05:13:46,2026-03-16 05:21:46,25Live,WIE-205,Wieboldt Hall,Classroom Scheduling,Room reservation sync,MORS-470-0-51 Negotiations,Auto-closed by scheduling integration.,,5
INC0201505,2026-03-16 05:23:58,2026-03-16 05:51:58,25Live,WIE-251,Wieboldt Hall,Classroom Scheduling,Room reservation sync,ACCT-410-0-51 Financial Accounting,Auto-closed by scheduling integration.,,18
INC0201997,2026-03-16 05:39:47,2026-03-16 05:56:47,25Live,WIE-142,Wieboldt Hall,Classroom Scheduling,Room reservation sync,Room Hold — Facilities,Auto-closed by scheduling integration.,,8
INC0200844,2026-03-16 06:52:25,2026-03-16 07:15:25,25Live,WIE-110,Wieboldt Hall,Classroom Scheduling,Room reservation sync,OPNS-430-0-62 Operations Management,Auto-closed by scheduling integration.,,21
INC0201398,2026-03-16 07:08:37,2026-03-16 07:26:37,25Live,WIE-251,Wieboldt Hall,Classroom Scheduling,Room reservation sync,Leadership Coaching Session,Auto-closed by scheduling integration.,,8
INC0200358,2026-03-16 09:54:00,2026-03-16 16:46:00,Staff7529548,WIE-508,Wieboldt Hall,Equipment Maintenance & Repair,Projector lamp / image quality,"Projector filter warning on startup, image flickering.",Replaced projector lamp; brightness restored.,S. Patel,412
INC0200240,2026-03-16 12:37:00,2026-03-16 16:00:00,Faculty2055614,WIE-343,Wieboldt Hall,Lecture Capture,Capture scheduling / setup,One-time recording request for guest lecture.,Scheduled one-time recording; verified folder permissions.,D. Lindqvist,203
INC0202477,2026-03-17 05:19:04,2026-03-17 05:39:04,25Live,WIE-412,Wieboldt Hall,Classroom Scheduling,Room reservation sync,Faculty Meeting,Auto-closed by scheduling integration.,,5
INC0202513,2026-03-17 05:22:11,2026-03-17 05:44:11,25Live,WIE-521,Wieboldt Hall,Classroom Scheduling,Room reservation sync,Faculty Meeting,Auto-closed by scheduling integration.,,14
INC0202024,2026-03-17 05:42:55,2026-03-17 06:02:55,25Live,WIE-343,Wieboldt Hall,Classroom Scheduling,Room reservation sync,STRT-452-0-71 Competitive Strategy,Auto-closed by scheduling integration.,,10
INC0202360,2026-03-17 05:53:05,2026-03-17 06:04:05,25Live,WIE-246,Wieboldt Hall,Classroom Scheduling,Room reservation sync,Student Club Panel Event,Auto-closed by scheduling integration.,,22
INC0201765,2026-03-17 07:46:47,2026-03-17 07:51:47,25Live,WIE-105,Wieboldt Hall,Classroom Scheduling,Room reservation sync,DECS-433-0-61 Business Analytics,Auto-closed by scheduling integration.,,8
INC0200212,2026-03-17 18:19:00,2026-03-17 20:08:00,Faculty4943535,WIE-352,Wieboldt Hall,AV Technical Support,Podium PC / login,Instructor cannot log in to podium PC with NetID.,Cleared temp files and restarted; escalated for RAM upgrade.,A. Okafor,109
INC0200565,2026-03-17 18:48:00,2026-06-27 21:00:00,Staff8355354,WIE-251,Wieboldt Hall,AV Technical Support,Podium PC / login,Podium PC stuck on Windows update at class start.,Re-joined machine to domain; login verified.,R. Calloway,147012
INC0201950,2026-03-18 05:04:10,2026-03-18 05:11:10,25Live,WIE-251,Wieboldt Hall,Classroom Scheduling,Room reservation sync,DECS-433-0-61 Business Analytics,Auto-closed by scheduling integration.,,22
INC0201377,2026-03-18 05:54:44,2026-03-18 06:02:44,25Live,WIE-110,Wieboldt Hall,Classroom Scheduling,Room reservation sync,Executive Education Workshop,Auto-closed by scheduling integration.,,26
INC0201120,2026-03-18 06:17:51,2026-03-18 06:37:51,25Live,WIE-205,Wieboldt Hall,Classroom Scheduling,Room reservation sync,STRT-452-0-71 Competitive Strategy,Auto-closed by scheduling integration.,,8
INC0200903,2026-03-18 06:18:34,2026-03-18 06:28:34,25Live,WIE-508,Wieboldt Hall,Classroom Scheduling,Room reservation sync,Admissions Information Session,Auto-closed by scheduling integration.,,9
INC0202507,2026-03-18 06:44:31,2026-03-18 06:47:31,25Live,WIE-355,Wieboldt Hall,Classroom Scheduling,Room reservation sync,OPNS-430-0-62 Operations Management,Auto-closed by scheduling integration.,,12
INC0201042,2026-03-18 07:58:07,2026-03-18 08:02:07,25Live,WIE-105,Wieboldt Hall,Classroom Scheduling,Room reservation sync,MECN-425-0-52 Managerial Economics,Auto-closed by scheduling integration.,,24
INC0200290,2026-03-18 16:14:00,2026-03-19 14:41:00,Faculty2493076,WIE-142,Wieboldt Hall,AV Technical Support,Audio / microphone,Lavalier mic cutting out intermittently during lecture.,Reset DSP to default preset; room audio normal.,A. Okafor,1347
INC0201850,2026-03-19 05:59:49,,25Live,WIE-142,Wieboldt Hall,Classroom Scheduling,Room reservation sync,DECS-433-0-61 Business Analytics,,,
INC0202433,2026-03-19 06:05:39,2026-03-19 06:19:39,25Live,WIE-441,Wieboldt Hall,Classroom Scheduling,Room reservation sync,Executive Education Workshop,Auto-closed by scheduling integration.,,1
INC0202165,2026-03-19 07:24:54,2026-03-19 07:28:54,25Live,WIE-205,Wieboldt Hall,Classroom Scheduling,Room reservation sync,DECS-433-0-61 Business Analytics,Auto-closed by scheduling integration.,,13
INC0200271,2026-03-19 08:04:00,2026-03-19 08:22:00,Staff4198668,WIE-251,Wieboldt Hall,AV Technical Support,No display / HDMI handshake,Projector shows brief image then drops to black screen repeatedly.,Rebooted control processor; input routing restored after reload.,D. Lindqvist,18
INC0200456,2026-03-19 18:33:00,2026-03-20 19:52:00,Student4338460,WIE-105,Wieboldt Hall,lecture capture,Recording failed / not captured,Lecture recording missing audio track for full session.,Corrected room calendar mapping in capture scheduler.,L. Ferreira,1519
INC0200910,2026-03-20 05:28:04,2026-03-20 05:55:04,25Live,WIE-355,Wieboldt Hall,Classroom Scheduling,Room reservation sync,Leadership Coaching Session,Auto-closed by scheduling integration.,,10
INC0202416,2026-03-20 06:21:13,2026-03-20 06:39:13,25Live,WIE-355,Wieboldt Hall,Classroom Scheduling,Room reservation sync,Student Club Panel Event,Auto-closed by scheduling integration.,,23
INC0200865,2026-03-20 06:41:35,2026-03-20 07:08:35,25Live,WIE-110,Wieboldt Hall,Classroom Scheduling,Room reservation sync,DECS-433-0-61 Business Analytics,Auto-closed by scheduling integration.,,9
INC0201479,2026-03-20 07:21:11,,25Live,WIE-251,Wieboldt Hall,Classroom Scheduling,Room reservation sync,ACCT-410-0-51 Financial Accounting,,,
INC0202265,2026-03-20 07:41:09,,25Live,WIE-251,Wieboldt Hall,Classroom Scheduling,Room reservation sync,Executive Education Workshop,,,
INC0200695,2026-03-20 09:41:00,2026-03-20 11:29:00,Staff6757059,WIE-142,Wieboldt Hall,Lecture Capture,Recording failed / not captured,Recording stopped 20 minutes into class; remainder not captured.,Re-seated audio feed to appliance; levels verified on test recording.,M. Reyes,108
INC0200700,2026-03-20 11:18:00,2026-04-22 21:21:00,Faculty9337505,WIE-142,Wieboldt Hall,AV Technical Support,No display / HDMI handshake,Podium PC displays on confidence monitor but projector screen is black.,Manually forced input on switcher; EDID re-handshake resolved the black screen.,M. Reyes,48123
INC0200321,2026-03-20 12:47:00,2026-03-25 16:16:00,Staff4125365,WIE-110,Wieboldt Hall,Equipment Maintenance & Repair,Preventative maintenance,Semester-start room readiness verification.,Room verified ready; minor cable management performed.,D. Lindqvist,7409
INC0200071,2026-03-20 20:38:00,2026-04-23 07:15:00,Staff4664289,,Wieboldt Hall,Setup & Configuration,Event / class AV setup,Panel discussion: three handhelds and confidence monitor requested.,Provided requested microphones; staffed first 15 minutes of event.,M. Reyes,48157
INC0200808,2026-03-21 05:06:00,2026-03-21 05:18:00,25Live,WIE-258,Wieboldt Hall,Classroom Scheduling,Room reservation sync,MKTG-450-0-61 Brand Strategy,Auto-closed by scheduling integration.,,14
INC0202041,2026-03-21 07:38:03,2026-03-21 07:52:03,25Live,WIE-105,Wieboldt Hall,Classroom Scheduling,Room reservation sync,Student Club Panel Event,Auto-closed by scheduling integration.,,1
INC0200241,2026-03-21 11:10:00,2026-03-21 18:10:00,Faculty2636386,WIE-343,Wieboldt Hall,Lecture Capture,Capture scheduling / setup,Instructor requests recurring recording schedule for spring course.,Created recurring capture schedule; confirmed first recording with instructor.,K. Duval,420
INC0200054,2026-03-21 12:41:00,2026-03-24 18:21:00,Faculty6326563,WIE-105,Wieboldt Hall,Lecture Capture,Recording failed / not captured,Recording stopped 20 minutes into class; remainder not captured.,Corrected room calendar mapping in capture scheduler.,L. Ferreira,4660
INC0200743,2026-03-21 12:42:00,2026-03-21 15:36:00,Student7607574,,Wieboldt Hall,Equipment Maintenance & Repair,Cabling / connectors,"Wall plate faceplate loose, cable strain on connector.",Swapped damaged HDMI cable; tested with laptop.,M. Reyes,174
INC0201960,2026-03-22 05:28:05,2026-03-22 05:32:05,25Live,WIE-404,Wieboldt Hall,Classroom Scheduling,Room reservation sync,MKTG-450-0-61 Brand Strategy,Auto-closed by scheduling integration.,,11
INC0202537,2026-03-22 05:56:08,,25Live,WIE-521,Wieboldt Hall,Classroom Scheduling,Room reservation sync,Leadership Coaching Session,,,
INC0200947,2026-03-22 06:21:55,,25Live,WIE-142,Wieboldt Hall,Classroom Scheduling,Room reservation sync,Admissions Information Session,,,
INC0200169,2026-03-22 07:41:00,2026-03-22 11:07:00,Student7348117,WIE-355,Wieboldt Hall,AV Technical Support,Input switching failure,Touch panel input selection not changing projector source.,Reloaded control program; input switching functional.,E. Marsh,206
INC0201264,2026-03-22 07:58:48,2026-03-22 08:18:48,25Live,WIE-352,Wieboldt Hall,Classroom Scheduling,Room reservation sync,DECS-433-0-61 Business Analytics,Auto-closed by scheduling integration.,,25
INC0200566,2026-03-22 20:18:00,2026-03-22 20:35:00,Student6612578,WIE-251,Wieboldt Hall,AV Technical Support,Podium PC / login,Instructor cannot log in to podium PC with NetID.,Cleared temp files and restarted; escalated for RAM upgrade.,D. Lindqvist,17
INC0202328,2026-03-23 05:30:07,2026-03-23 05:45:07,25Live,WIE-251,Wieboldt Hall,Classroom Scheduling,Room reservation sync,Admissions Information Session,Auto-closed by scheduling integration.,,1
INC0201787,2026-03-23 05:34:48,,25Live,WIE-251,Wieboldt Hall,Classroom Scheduling,Room reservation sync,ACCT-410-0-51 Financial Accounting,,,
INC0201978,2026-03-23 07:19:41,2026-03-23 07:25:41,25Live,WIE-343,Wieboldt Hall,Classroom Scheduling,Room reservation sync,DECS-433-0-61 Business Analytics,Auto-closed by scheduling integration.,,14
INC0201652,2026-03-23 07:45:05,2026-03-23 08:07:05,25Live,WIE-148,Wieboldt Hall,Classroom Scheduling,Room reservation sync,Executive Education Workshop,Auto-closed by scheduling integration.,,13
INC0201587,2026-03-24 05:02:34,2026-03-24 05:13:34,25Live,WIE-110,Wieboldt Hall,Classroom Scheduling,Room reservation sync,OPNS-430-0-62 Operations Management,Auto-closed by scheduling integration.,,4
INC0201117,2026-03-24 06:14:29,2026-03-24 06:20:29,25Live,WIE-142,Wieboldt Hall,Classroom Scheduling,Room reservation sync,DECS-433-0-61 Business Analytics,Auto-closed by scheduling integration.,,4
INC0201660,2026-03-24 06:24:51,2026-03-24 06:27:51,25Live,WIE-355,Wieboldt Hall,Classroom Scheduling,Room reservation sync,ACCT-410-0-51 Financial Accounting,Auto-closed by scheduling integration.,,5
INC0202061,2026-03-24 07:35:20,2026-03-24 07:39:20,25Live,WIE-355,Wieboldt Hall,Classroom Scheduling,Room reservation sync,STRT-452-0-71 Competitive Strategy,Auto-closed by scheduling integration.,,24
INC0200024,2026-03-24 11:38:00,2026-03-27 00:50:00,Staff8921016,,Wieboldt Hall,AV Technical Support,Podium PC / login,Podium PC extremely slow to load PowerPoint.,Cleared temp files and restarted; escalated for RAM upgrade.,L. Ferreira,3672
INC0200591,2026-03-24 15:59:00,2026-03-24 16:45:00,Staff6450048,WIE-521,Wieboldt Hall,Webconferencing,Zoom/Teams AV routing,Camera feed not appearing in Teams; shows black tile.,Selected correct USB bridge as mic/speaker in Zoom; verified with test call.,J. Whitfield,46
INC0200170,2026-03-24 16:22:00,2026-03-25 11:20:00,Staff4768513,,Wieboldt Hall,AV Technical Support,Input switching failure,Instructor unable to switch between laptop and PC mid-class.,Reloaded control program; input switching functional.,R. Calloway,1138
INC0200052,2026-03-24 18:37:00,2026-03-24 20:50:00,Staff4012266,WIE-343,Wieboldt Hall,AV Technical Support,No display / HDMI handshake,Guest speaker laptop not detected on wall plate HDMI input.,Rebooted control processor; input routing restored after reload.,L. Ferreira,133
INC0200696,2026-03-24 20:48:00,2026-04-10 18:27:00,Faculty5546529,WIE-355,Wieboldt Hall,Consultation,AV consultation / training,New faculty member requests walkthrough of classroom AV system.,Recommended equipment configuration; scheduled follow-up.,D. Lindqvist,24339
INC0201812,2026-03-25 05:57:11,2026-03-25 06:12:11,25Live,WIE-352,Wieboldt Hall,Classroom Scheduling,Room reservation sync,Student Club Panel Event,Auto-closed by scheduling integration.,,28
INC0201702,2026-03-25 06:02:23,2026-03-25 06:13:23,25Live,WIE-142,Wieboldt Hall,Classroom Scheduling,Room reservation sync,MKTG-450-0-61 Brand Strategy,Auto-closed by scheduling integration.,,26
INC0202191,2026-03-25 06:13:19,,25Live,WIE-404,Wieboldt Hall,Classroom Scheduling,Room reservation sync,Leadership Coaching Session,,,
INC0201289,2026-03-25 06:54:29,2026-03-25 06:57:29,25Live,WIE-110,Wieboldt Hall,Classroom Scheduling,Room reservation sync,ACCT-410-0-51 Financial Accounting,Auto-closed by scheduling integration.,,5
INC0201624,2026-03-25 07:36:47,2026-03-25 07:51:47,25Live,WIE-105,Wieboldt Hall,Classroom Scheduling,Room reservation sync,DECS-433-0-61 Business Analytics,Auto-closed by scheduling integration.,,6
INC0201631,2026-03-25 07:55:33,,25Live,WIE-148,Wieboldt Hall,Classroom Scheduling,Room reservation sync,MORS-470-0-51 Negotiations,,,
INC0200291,2026-03-25 14:11:00,2026-03-25 18:31:00,Faculty4178003,WIE-142,Wieboldt Hall,AV Technical Support,Audio / microphone,Program audio works but mic audio not reinforced in room.,Reset DSP to default preset; room audio normal.,M. Reyes,260
INC0200457,2026-03-25 17:16:00,2026-03-26 23:18:00,Staff7524598,WIE-312,Wieboldt Hall,AV Technical Support,Podium PC / login,Instructor cannot log in to podium PC with NetID.,Deferred updates to maintenance window; PC available for class.,S. Patel,1802
INC0201408,2026-03-26 05:39:52,2026-03-26 05:46:52,25Live,WIE-148,Wieboldt Hall,Classroom Scheduling,Room reservation sync,Admissions Information Session,Auto-closed by scheduling integration.,,14
INC0201633,2026-03-26 05:40:13,2026-03-26 05:42:13,25Live,WIE-246,Wieboldt Hall,Classroom Scheduling,Room reservation sync,Student Club Panel Event,Auto-closed by scheduling integration.,,23
INC0201756,2026-03-26 06:16:52,2026-03-26 06:32:52,25Live,WIE-412,Wieboldt Hall,Classroom Scheduling,Room reservation sync,FINC-430-0-51 Corporate Finance,Auto-closed by scheduling integration.,,7
INC0200957,2026-03-26 06:52:27,2026-03-26 06:55:27,25Live,WIE-355,Wieboldt Hall,Classroom Scheduling,Room reservation sync,Student Club Panel Event,Auto-closed by scheduling integration.,,15
INC0200324,2026-03-26 09:45:00,2026-03-26 10:13:00,Faculty2559489,WIE-246,Wieboldt Hall,AV Technical Support,Audio / microphone,Laptop audio not playing through room speakers.,Corrected audio routing on touch panel; laptop audio restored.,D. Lindqvist,28
INC0201148,2026-03-27 06:33:25,2026-03-27 07:02:25,25Live,WIE-148,Wieboldt Hall,Classroom Scheduling,Room reservation sync,Admissions Information Session,Auto-closed by scheduling integration.,,20
INC0201228,2026-03-28 05:33:11,2026-03-28 05:51:11,25Live,WIE-110,Wieboldt Hall,Classroom Scheduling,Room reservation sync,Faculty Meeting,Auto-closed by scheduling integration.,,5
INC0201382,2026-03-28 07:33:15,2026-03-28 07:47:15,25Live,WIE-142,Wieboldt Hall,Classroom Scheduling,Room reservation sync,MECN-425-0-52 Managerial Economics,Auto-closed by scheduling integration.,,7
INC0200352,2026-03-28 08:31:00,2026-03-28 08:37:00,Student2960097,WIE-148,Wieboldt Hall,AV Technical Support,Podium PC / login,Podium PC extremely slow to load PowerPoint.,Deferred updates to maintenance window; PC available for class.,A. Okafor,6
INC0200406,2026-03-28 17:31:00,2026-03-29 10:28:00,Student8164640,WIE-455,Wieboldt Hall,AV Technical Support,No display / HDMI handshake,Projector shows brief image then drops to black screen repeatedly.,Manually forced input on switcher; EDID re-handshake resolved the black screen.,S. Patel,1017
INC0201379,2026-03-29 05:23:18,2026-03-29 05:30:18,25Live,WIE-105,Wieboldt Hall,Classroom Scheduling,Room reservation sync,MKTG-450-0-61 Brand Strategy,Auto-closed by scheduling integration.,,17
INC0200798,2026-03-30 05:20:26,2026-03-30 05:27:26,25Live,WIE-455,Wieboldt Hall,Classroom Scheduling,Room reservation sync,MKTG-450-0-61 Brand Strategy,Auto-closed by scheduling integration.,,26
INC0201323,2026-03-30 05:32:10,,25Live,WIE-412,Wieboldt Hall,Classroom Scheduling,Room reservation sync,Room Hold — Facilities,,,
INC0200996,2026-03-31 05:35:23,2026-03-31 05:52:23,25Live,WIE-441,Wieboldt Hall,Classroom Scheduling,Room reservation sync,Room Hold — Facilities,Auto-closed by scheduling integration.,,7
INC0200958,2026-03-31 05:37:49,2026-03-31 05:49:49,25Live,WIE-142,Wieboldt Hall,Classroom Scheduling,Room reservation sync,Admissions Information Session,Auto-closed by scheduling integration.,,22
INC0202256,2026-03-31 05:45:25,2026-03-31 06:04:25,25Live,WIE-312,Wieboldt Hall,Classroom Scheduling,Room reservation sync,OPNS-430-0-62 Operations Management,Auto-closed by scheduling integration.,,13
INC0201758,2026-03-31 07:49:01,2026-03-31 07:52:01,25Live,WIE-110,Wieboldt Hall,Classroom Scheduling,Room reservation sync,MECN-425-0-52 Managerial Economics,Auto-closed by scheduling integration.,,6
INC0200739,2026-03-31 18:41:00,2026-03-31 19:23:00,Faculty3373145,WIE-142,Wieboldt Hall,AV Technical Support,Control system / touch panel,"Control panel unresponsive to touch, backlight on.",Hard-reset touch panel via PoE port; control restored.,M. Reyes,42
INC0201279,2026-04-01 05:11:49,2026-04-01 05:18:49,25Live,WIE-355,Wieboldt Hall,Classroom Scheduling,Room reservation sync,OPNS-430-0-62 Operations Management,Auto-closed by scheduling integration.,,12
INC0201982,2026-04-01 05:29:42,2026-04-01 05:35:42,25Live,WIE-258,Wieboldt Hall,Classroom Scheduling,Room reservation sync,FINC-430-0-51 Corporate Finance,Auto-closed by scheduling integration.,,17
INC0201772,2026-04-01 05:35:29,2026-04-01 05:41:29,25Live,WIE-455,Wieboldt Hall,Classroom Scheduling,Room reservation sync,OPNS-430-0-62 Operations Management,Auto-closed by scheduling integration.,,28
INC0201755,2026-04-01 05:41:23,,25Live,WIE-343,Wieboldt Hall,Classroom Scheduling,Room reservation sync,MECN-425-0-52 Managerial Economics,,,
INC0201912,2026-04-01 07:14:46,2026-04-01 07:22:46,25Live,WIE-312,Wieboldt Hall,Classroom Scheduling,Room reservation sync,ACCT-410-0-51 Financial Accounting,Auto-closed by scheduling integration.,,25
INC0200171,2026-04-01 11:03:00,2026-04-03 08:15:00,Staff297068,WIE-105,Wieboldt Hall,Lecture Capture,Capture scheduling / setup,One-time recording request for guest lecture.,Created recurring capture schedule; confirmed first recording with instructor.,T. Nakamura,2712
INC0200741,2026-04-01 15:26:00,2026-04-01 20:17:00,Faculty2082589,,Wieboldt Hall,AV Technical Support,Input switching failure,Instructor unable to switch between laptop and PC mid-class.,Matrix switcher front-panel override cleared; touch panel control restored.,R. Calloway,291
INC0200539,2026-04-01 16:50:00,2026-04-03 11:30:00,Faculty2010003,,Wieboldt Hall,AV Technical Support,Audio / microphone,Lavalier mic cutting out intermittently during lecture.,Reset DSP to default preset; room audio normal.,S. Patel,2560
INC0201411,2026-04-02 05:07:38,2026-04-02 05:32:38,25Live,WIE-355,Wieboldt Hall,Classroom Scheduling,Room reservation sync,MKTG-450-0-61 Brand Strategy,Auto-closed by scheduling integration.,,4
INC0202545,2026-04-02 05:28:43,2026-04-02 05:47:43,25Live,WIE-251,Wieboldt Hall,Classroom Scheduling,Room reservation sync,Faculty Meeting,Auto-closed by scheduling integration.,,17
INC0202430,2026-04-02 05:52:12,,25Live,WIE-343,Wieboldt Hall,Classroom Scheduling,Room reservation sync,MECN-425-0-52 Managerial Economics,,,
INC0201977,2026-04-02 05:52:49,2026-04-02 06:21:49,25Live,WIE-312,Wieboldt Hall,Classroom Scheduling,Room reservation sync,Faculty Meeting,Auto-closed by scheduling integration.,,9
INC0201101,2026-04-02 06:26:10,2026-04-02 06:43:10,25Live,WIE-258,Wieboldt Hall,Classroom Scheduling,Room reservation sync,MECN-425-0-52 Managerial Economics,Auto-closed by scheduling integration.,,26
INC0202207,2026-04-02 06:55:08,2026-04-02 07:20:08,25Live,WIE-142,Wieboldt Hall,Classroom Scheduling,Room reservation sync,MKTG-450-0-61 Brand Strategy,Auto-closed by scheduling integration.,,29
INC0201880,2026-04-02 07:07:49,2026-04-02 07:10:49,25Live,WIE-105,Wieboldt Hall,Classroom Scheduling,Room reservation sync,Admissions Information Session,Auto-closed by scheduling integration.,,16
INC0200665,2026-04-02 10:01:00,2026-04-04 06:59:00,Student1889051,WIE-318,Wieboldt Hall,AV Technical Support,Audio / microphone,Program audio works but mic audio not reinforced in room.,Reset DSP to default preset; room audio normal.,M. Reyes,2698
INC0200094,2026-04-02 10:22:00,2026-04-03 20:58:00,Faculty6434612,WIE-105,Wieboldt Hall,AV Technical Support,Podium PC / login,Instructor cannot log in to podium PC with NetID.,Cleared temp files and restarted; escalated for RAM upgrade.,R. Calloway,2076
INC0200740,2026-04-02 10:29:00,2026-04-02 10:44:00,Faculty1921380,WIE-142,Wieboldt Hall,AV Technical Support,Control system / touch panel,'System Starting' hangs indefinitely; room unusable for class.,Rebooted control processor; panel reconnected after program reload.,R. Calloway,15
INC0200312,2026-04-02 14:39:00,,Faculty3388035,WIE-251,Wieboldt Hall,Lecture Capture,Recording failed / not captured,Recording stopped 20 minutes into class; remainder not captured.,,J. Whitfield,
INC0201874,2026-04-03 05:33:47,2026-04-03 05:37:47,25Live,WIE-110,Wieboldt Hall,Classroom Scheduling,Room reservation sync,FINC-430-0-51 Corporate Finance,Auto-closed by scheduling integration.,,6
INC0201885,2026-04-03 05:47:00,2026-04-03 06:12:00,25Live,WIE-258,Wieboldt Hall,Classroom Scheduling,Room reservation sync,OPNS-430-0-62 Operations Management,Auto-closed by scheduling integration.,,7
INC0202157,2026-04-03 07:03:06,2026-04-03 07:16:06,25Live,WIE-110,Wieboldt Hall,Classroom Scheduling,Room reservation sync,ACCT-410-0-51 Financial Accounting,Auto-closed by scheduling integration.,,29
INC0200592,2026-04-03 09:09:00,2026-04-03 09:11:00,Student1528251,,Wieboldt Hall,Webconferencing,Zoom/Teams AV routing,Zoom shows wrong camera; instructor blocked at class start.,Selected correct USB bridge as mic/speaker in Zoom; verified with test call.,D. Lindqvist,2
INC0200714,2026-04-03 10:03:00,2026-04-03 12:18:00,Faculty4349139,,Wieboldt Hall,AV Technical Support,Audio / microphone,Program audio works but mic audio not reinforced in room.,Reset DSP to default preset; room audio normal.,M. Reyes,135
INC0200837,2026-04-04 05:06:05,2026-04-04 05:30:05,25Live,WIE-306,Wieboldt Hall,Classroom Scheduling,Room reservation sync,Admissions Information Session,Auto-closed by scheduling integration.,,28
INC0201891,2026-04-04 05:28:05,2026-04-04 05:35:05,25Live,WIE-251,Wieboldt Hall,Classroom Scheduling,Room reservation sync,Leadership Coaching Session,Auto-closed by scheduling integration.,,24
INC0201167,2026-04-04 05:32:49,2026-04-04 05:58:49,25Live,WIE-355,Wieboldt Hall,Classroom Scheduling,Room reservation sync,MECN-425-0-52 Managerial Economics,Auto-closed by scheduling integration.,,7
INC0201460,2026-04-04 05:56:56,2026-04-04 06:08:56,25Live,WIE-251,Wieboldt Hall,Classroom Scheduling,Room reservation sync,Student Club Panel Event,Auto-closed by scheduling integration.,,8
INC0202167,2026-04-04 05:59:26,2026-04-04 06:06:26,25Live,WIE-142,Wieboldt Hall,Classroom Scheduling,Room reservation sync,ACCT-410-0-51 Financial Accounting,Auto-closed by scheduling integration.,,9
INC0200888,2026-04-04 06:18:20,2026-04-04 06:23:20,25Live,WIE-105,Wieboldt Hall,Classroom Scheduling,Room reservation sync,STRT-452-0-71 Competitive Strategy,Auto-closed by scheduling integration.,,10
INC0200598,2026-04-04 11:16:00,2026-04-04 16:58:00,Faculty1614131,WIE-251,Wieboldt Hall,AV Technical Support,No display / HDMI handshake,Projector shows brief image then drops to black screen repeatedly.,Rebooted control processor; input routing restored after reload.,S. Patel,342
INC0201422,2026-04-06 05:54:01,2026-04-06 06:03:01,25Live,WIE-355,Wieboldt Hall,Classroom Scheduling,Room reservation sync,Student Club Panel Event,Auto-closed by scheduling integration.,,25
INC0201089,2026-04-06 05:58:10,2026-04-06 06:01:10,25Live,WIE-355,Wieboldt Hall,Classroom Scheduling,Room reservation sync,Leadership Coaching Session,Auto-closed by scheduling integration.,,2
INC0202173,2026-04-06 05:58:48,2026-04-06 06:08:48,25Live,WIE-355,Wieboldt Hall,Classroom Scheduling,Room reservation sync,OPNS-430-0-62 Operations Management,Auto-closed by scheduling integration.,,5
INC0202002,2026-04-06 06:02:49,,25Live,WIE-318,Wieboldt Hall,Classroom Scheduling,Room reservation sync,Executive Education Workshop,,,
INC0200906,2026-04-06 07:15:27,2026-04-06 07:35:27,25Live,WIE-251,Wieboldt Hall,Classroom Scheduling,Room reservation sync,Student Club Panel Event,Auto-closed by scheduling integration.,,5
INC0202222,2026-04-06 07:31:02,2026-04-06 07:48:02,25Live,WIE-412,Wieboldt Hall,Classroom Scheduling,Room reservation sync,Admissions Information Session,Auto-closed by scheduling integration.,,18
INC0200053,2026-04-06 08:47:00,2026-04-06 08:49:00,Student706119,WIE-343,Wieboldt Hall,AV Technical Support,No display / HDMI handshake,Podium PC displays on confidence monitor but projector screen is black.,Replaced worn HDMI cable at podium wall plate.,R. Calloway,2
INC0200673,2026-04-06 15:04:00,2026-04-09 04:14:00,Student7838045,WIE-148,Wieboldt Hall,AV Technical Support,Audio / microphone,Program audio works but mic audio not reinforced in room.,Reset DSP to default preset; room audio normal.,K. Duval,3670
INC0200163,2026-04-06 15:31:00,2026-04-07 09:27:00,Student8547064,WIE-246,Wieboldt Hall,Equipment Maintenance & Repair,Preventative maintenance,Semester-start room readiness verification.,Room verified ready; minor cable management performed.,A. Okafor,1076
INC0200132,2026-04-06 16:35:00,2026-04-07 05:52:00,Faculty7946601,WIE-404,Wieboldt Hall,AV Technical Support,Audio / microphone,Laptop audio not playing through room speakers.,Swapped faulty bodypack transmitter with spare unit.,A. Okafor,797
INC0201711,2026-04-07 05:21:44,2026-04-07 05:40:44,25Live,WIE-355,Wieboldt Hall,Classroom Scheduling,Room reservation sync,Leadership Coaching Session,Auto-closed by scheduling integration.,,20
INC0202541,2026-04-07 05:25:12,2026-04-07 05:39:12,25Live,WIE-105,Wieboldt Hall,Classroom Scheduling,Room reservation sync,Executive Education Workshop,Auto-closed by scheduling integration.,,5
INC0200960,2026-04-07 05:47:12,2026-04-07 05:55:12,25Live,WIE-105,Wieboldt Hall,Classroom Scheduling,Room reservation sync,FINC-430-0-51 Corporate Finance,Auto-closed by scheduling integration.,,23
INC0201778,2026-04-07 05:50:43,2026-04-07 06:05:43,25Live,WIE-142,Wieboldt Hall,Classroom Scheduling,Room reservation sync,Admissions Information Session,Auto-closed by scheduling integration.,,23
INC0202330,2026-04-07 05:52:17,2026-04-07 06:20:17,25Live,WIE-306,Wieboldt Hall,Classroom Scheduling,Room reservation sync,Leadership Coaching Session,Auto-closed by scheduling integration.,,21
INC0201260,2026-04-07 05:53:33,2026-04-07 06:02:33,25Live,WIE-251,Wieboldt Hall,Classroom Scheduling,Room reservation sync,Student Club Panel Event,Auto-closed by scheduling integration.,,4
INC0202145,2026-04-07 06:43:57,,25Live,WIE-142,Wieboldt Hall,Classroom Scheduling,Room reservation sync,STRT-452-0-71 Competitive Strategy,,,
INC0200934,2026-04-07 06:52:23,2026-04-07 07:07:23,25Live,WIE-312,Wieboldt Hall,Classroom Scheduling,Room reservation sync,MECN-425-0-52 Managerial Economics,Auto-closed by scheduling integration.,,15
INC0201445,2026-04-07 06:52:45,2026-04-07 07:11:45,25Live,WIE-343,Wieboldt Hall,Classroom Scheduling,Room reservation sync,Room Hold — Facilities,Auto-closed by scheduling integration.,,23
INC0202015,2026-04-07 06:54:29,2026-04-07 07:03:29,25Live,WIE-110,Wieboldt Hall,Classroom Scheduling,Room reservation sync,DECS-433-0-61 Business Analytics,Auto-closed by scheduling integration.,,1
INC0201613,2026-04-07 06:58:26,2026-04-07 07:15:26,25Live,WIE-142,Wieboldt Hall,Classroom Scheduling,Room reservation sync,FINC-430-0-51 Corporate Finance,Auto-closed by scheduling integration.,,5
INC0200722,2026-04-07 09:08:00,2026-05-10 21:06:00,Faculty5783444,WIE-318,Wieboldt Hall,Equipment Maintenance & Repair,Cabling / connectors,"HDMI cable at podium has bent pin, intermittent connection.",Swapped damaged HDMI cable; tested with laptop.,M. Reyes,48238
INC0200639,2026-04-07 11:26:00,2026-04-07 14:02:00,Staff8727082,WIE-306,Wieboldt Hall,AV Technical Support,Audio / microphone,Program audio works but mic audio not reinforced in room.,Reset DSP to default preset; room audio normal.,D. Lindqvist,156
INC0200367,2026-04-07 14:21:00,2026-04-14 15:12:00,Faculty9635371,,Wieboldt Hall,Equipment Maintenance & Repair,Preventative maintenance,Quarterly AV preventative maintenance check.,Updated device firmware; verified control and AV paths.,A. Okafor,10131
INC0200494,2026-04-07 17:12:00,,Faculty6716245,WIE-343,Wieboldt Hall,WEBCONFERENCING,Zoom/Teams AV routing,Zoom shows wrong camera; instructor blocked at class start.,,J. Whitfield,
INC0200415,2026-04-07 17:26:00,2026-04-07 19:01:00,Faculty4301525,WIE-343,Wieboldt Hall,Webconferencing,Zoom/Teams AV routing,Camera feed not appearing in Teams; shows black tile.,Selected correct USB bridge as mic/speaker in Zoom; verified with test call.,M. Reyes,95
INC0200287,2026-04-07 17:38:00,,Faculty6485187,WIE-258,Wieboldt Hall,Lecture Capture,Recording failed / not captured,Capture appliance offline; last three scheduled recordings missing.,,M. Reyes,
INC0200322,2026-04-07 20:12:00,2026-04-07 22:16:00,Faculty2430588,,Wieboldt Hall,AV Technical Support,Podium PC / login,Instructor cannot log in to podium PC with NetID.,Re-joined machine to domain; login verified.,M. Reyes,124
INC0201226,2026-04-08 05:05:55,,25Live,WIE-343,Wieboldt Hall,Classroom Scheduling,Room reservation sync,Student Club Panel Event,,,
INC0200792,2026-04-08 05:11:06,2026-04-08 05:12:06,25Live,WIE-251,Wieboldt Hall,Classroom Scheduling,Room reservation sync,Room Hold — Facilities,Auto-closed by scheduling integration.,,2
INC0201041,2026-04-08 05:11:14,2026-04-08 05:22:14,25Live,WIE-412,Wieboldt Hall,Classroom Scheduling,Room reservation sync,Admissions Information Session,Auto-closed by scheduling integration.,,28
INC0201357,2026-04-08 05:16:14,2026-04-08 05:17:14,25Live,WIE-258,Wieboldt Hall,Classroom Scheduling,Room reservation sync,Executive Education Workshop,Auto-closed by scheduling integration.,,20
INC0201617,2026-04-08 05:25:02,2026-04-08 05:33:02,25Live,WIE-246,Wieboldt Hall,Classroom Scheduling,Room reservation sync,STRT-452-0-71 Competitive Strategy,Auto-closed by scheduling integration.,,14
INC0202120,2026-04-08 05:31:10,2026-04-08 05:39:10,25Live,WIE-343,Wieboldt Hall,Classroom Scheduling,Room reservation sync,MORS-470-0-51 Negotiations,Auto-closed by scheduling integration.,,25
INC0201169,2026-04-08 05:41:23,2026-04-08 05:48:23,25Live,WIE-105,Wieboldt Hall,Classroom Scheduling,Room reservation sync,FINC-430-0-51 Corporate Finance,Auto-closed by scheduling integration.,,15
INC0200907,2026-04-08 06:32:49,2026-04-08 06:39:49,25Live,WIE-312,Wieboldt Hall,Classroom Scheduling,Room reservation sync,Student Club Panel Event,Auto-closed by scheduling integration.,,11
INC0200780,2026-04-08 07:44:45,2026-04-08 08:08:45,25Live,WIE-251,Wieboldt Hall,Classroom Scheduling,Room reservation sync,Room Hold — Facilities,Auto-closed by scheduling integration.,,12
INC0202069,2026-04-08 07:49:52,2026-04-08 07:59:52,25Live,WIE-251,Wieboldt Hall,Classroom Scheduling,Room reservation sync,STRT-452-0-71 Competitive Strategy,Auto-closed by scheduling integration.,,20
INC0200115,2026-04-08 10:02:00,2026-04-08 12:11:00,Faculty4550464,WIE-355,Wieboldt Hall,AV Technical Support,Audio / microphone,Laptop audio not playing through room speakers.,Swapped faulty bodypack transmitter with spare unit.,M. Reyes,129
INC0200680,2026-04-08 10:31:00,2026-04-08 10:37:00,Student787134,,Wieboldt Hall,AV Technical Support,Podium PC / login,Podium PC extremely slow to load PowerPoint.,Re-joined machine to domain; login verified.,M. Reyes,6
INC0200360,2026-04-08 10:41:00,2026-04-08 11:15:00,Staff114124,WIE-105,Wieboldt Hall,AV Technical Support,Audio / microphone,Lavalier mic cutting out intermittently during lecture.,Replaced batteries in bodypack; instructed on charging dock use.,A. Okafor,34
INC0200008,2026-04-08 11:18:00,2026-04-15 18:28:00,Faculty4989419,WIE-404,Wieboldt Hall,Equipment Maintenance & Repair,Projector lamp / image quality,"Yellow tint on projected image, worse on left side.",Scheduled projector replacement; loaner cart provided in interim.,D. Lindqvist,10510
INC0200183,2026-04-08 12:29:00,2026-04-08 13:33:00,Staff5470032,WIE-251,Wieboldt Hall,AV Technical Support,Control system / touch panel,Touch panel frozen on splash screen; no room control available.,Hard-reset touch panel via PoE port; control restored.,M. Reyes,64
INC0200344,2026-04-08 12:31:00,2026-04-25 15:55:00,Faculty7521550,WIE-142,Wieboldt Hall,EQUIPMENT MAINTENANCE & REPAIR,Cabling / connectors,"Wall plate faceplate loose, cable strain on connector.",Re-secured wall plate and tested all inputs.,S. Patel,24684
INC0200407,2026-04-08 13:16:00,2026-04-08 14:30:00,Staff617442,WIE-455,Wieboldt Hall,AV Technical Support,No display / HDMI handshake,Projector shows brief image then drops to black screen repeatedly.,Power-cycled matrix switcher and re-seated HDMI at podium; signal restored.,M. Reyes,74
INC0201795,2026-04-09 05:27:46,2026-04-09 05:32:46,25Live,WIE-258,Wieboldt Hall,Classroom Scheduling,Room reservation sync,Executive Education Workshop,Auto-closed by scheduling integration.,,6
INC0201058,2026-04-09 06:02:23,2026-04-09 06:11:23,25Live,WIE-246,Wieboldt Hall,Classroom Scheduling,Room reservation sync,DECS-433-0-61 Business Analytics,Auto-closed by scheduling integration.,,21
INC0200288,2026-04-09 14:33:00,2026-04-11 17:45:00,Faculty8815543,WIE-258,Wieboldt Hall,Lecture Capture,Recording failed / not captured,Recording stopped 20 minutes into class; remainder not captured.,Re-seated audio feed to appliance; levels verified on test recording.,A. Okafor,3072
INC0202466,2026-04-10 05:00:00,2026-04-10 05:21:00,25Live,WIE-105,Wieboldt Hall,Classroom Scheduling,Room reservation sync,MORS-470-0-51 Negotiations,Auto-closed by scheduling integration.,,14
INC0201267,2026-04-10 05:08:53,2026-04-10 05:28:53,25Live,WIE-142,Wieboldt Hall,Classroom Scheduling,Room reservation sync,FINC-430-0-51 Corporate Finance,Auto-closed by scheduling integration.,,8
INC0202509,2026-04-10 06:13:08,2026-04-10 06:37:08,25Live,WIE-343,Wieboldt Hall,Classroom Scheduling,Room reservation sync,MORS-470-0-51 Negotiations,Auto-closed by scheduling integration.,,21
INC0202057,2026-04-10 07:43:00,2026-04-10 07:45:00,25Live,WIE-312,Wieboldt Hall,Classroom Scheduling,Room reservation sync,STRT-452-0-71 Competitive Strategy,Auto-closed by scheduling integration.,,7
INC0200610,2026-04-10 16:49:00,2026-04-11 15:09:00,Staff1854497,WIE-105,Wieboldt Hall,AV Technical Support,Control system / touch panel,Touch panel frozen on splash screen; no room control available.,Hard-reset touch panel via PoE port; control restored.,M. Reyes,1340
INC0200323,2026-04-10 19:44:00,2026-04-11 09:31:00,Student1577170,WIE-246,Wieboldt Hall,AV Technical Support,Audio / microphone,Wireless mic static and dropouts near front of room.,Swapped faulty bodypack transmitter with spare unit.,D. Lindqvist,827
INC0200926,2026-04-11 05:26:20,2026-04-11 05:41:20,25Live,WIE-355,Wieboldt Hall,Classroom Scheduling,Room reservation sync,Student Club Panel Event,Auto-closed by scheduling integration.,,5
INC0200850,2026-04-11 05:31:54,2026-04-11 05:34:54,25Live,WIE-258,Wieboldt Hall,Classroom Scheduling,Room reservation sync,Admissions Information Session,Auto-closed by scheduling integration.,,18
INC0202424,2026-04-11 06:44:29,,25Live,WIE-355,Wieboldt Hall,Classroom Scheduling,Room reservation sync,FINC-430-0-51 Corporate Finance,,,
INC0202472,2026-04-11 06:59:15,2026-04-11 07:11:15,25Live,WIE-355,Wieboldt Hall,Classroom Scheduling,Room reservation sync,Room Hold — Facilities,Auto-closed by scheduling integration.,,28
INC0200188,2026-04-11 12:34:00,2026-04-12 13:13:00,Faculty4702025,,Wieboldt Hall,Consultation,AV consultation / training,New faculty member requests walkthrough of classroom AV system.,Recommended equipment configuration; scheduled follow-up.,T. Nakamura,1479
INC0200715,2026-04-11 14:22:00,2026-04-12 18:44:00,Student701551,WIE-412,Wieboldt Hall,AV Technical Support,Audio / microphone,Program audio works but mic audio not reinforced in room.,Corrected audio routing on touch panel; laptop audio restored.,D. Lindqvist,1702
INC0200752,2026-04-12 06:14:47,2026-04-12 06:21:47,25Live,WIE-352,Wieboldt Hall,Classroom Scheduling,Room reservation sync,FINC-430-0-51 Corporate Finance,Auto-closed by scheduling integration.,,13
INC0201336,2026-04-12 07:10:08,2026-04-12 07:39:08,25Live,WIE-105,Wieboldt Hall,Classroom Scheduling,Room reservation sync,Room Hold — Facilities,Auto-closed by scheduling integration.,,11
INC0201092,2026-04-12 07:55:47,2026-04-12 08:01:47,25Live,WIE-110,Wieboldt Hall,Classroom Scheduling,Room reservation sync,DECS-433-0-61 Business Analytics,Auto-closed by scheduling integration.,,14
INC0200353,2026-04-12 09:11:00,2026-04-12 11:45:00,Staff6377637,WIE-355,Wieboldt Hall,AV Technical Support,No display / HDMI handshake,Podium PC displays on confidence monitor but projector screen is black.,Power-cycled matrix switcher and re-seated HDMI at podium; signal restored.,T. Nakamura,154
INC0200289,2026-04-12 09:29:00,2026-04-12 09:39:00,Staff5353396,WIE-258,Wieboldt Hall,Lecture Capture,Recording failed / not captured,Scheduled class recording did not start; instructor reports no video in portal.,Recovered local backup recording and uploaded to course folder.,A. Okafor,10
INC0200184,2026-04-12 12:03:00,2026-04-12 15:51:00,Faculty9113381,,Wieboldt Hall,AV Technical Support,Control system / touch panel,Touch panel frozen on splash screen; no room control available.,Hard-reset touch panel via PoE port; control restored.,D. Lindqvist,228
INC0200540,2026-04-12 18:14:00,,Staff1649398,WIE-110,Wieboldt Hall,AV Technical Support,Audio / microphone,Laptop audio not playing through room speakers.,,M. Reyes,
INC0201061,2026-04-13 05:21:05,2026-04-13 05:44:05,25Live,WIE-110,Wieboldt Hall,Classroom Scheduling,Room reservation sync,OPNS-430-0-62 Operations Management,Auto-closed by scheduling integration.,,18
INC0201527,2026-04-13 05:41:43,2026-04-13 06:02:43,25Live,WIE-312,Wieboldt Hall,Classroom Scheduling,Room reservation sync,Faculty Meeting,Auto-closed by scheduling integration.,,24
INC0202340,2026-04-13 05:49:08,2026-04-13 06:16:08,25Live,WIE-352,Wieboldt Hall,Classroom Scheduling,Room reservation sync,Executive Education Workshop,Auto-closed by scheduling integration.,,27
INC0200864,2026-04-13 06:30:34,,25Live,WIE-537,Wieboldt Hall,Classroom Scheduling,Room reservation sync,Room Hold — Facilities,,,
INC0201649,2026-04-13 06:58:53,2026-04-13 07:22:53,25Live,WIE-343,Wieboldt Hall,Classroom Scheduling,Room reservation sync,Executive Education Workshop,Auto-closed by scheduling integration.,,18
INC0201948,2026-04-13 07:17:34,2026-04-13 07:26:34,25Live,WIE-318,Wieboldt Hall,Classroom Scheduling,Room reservation sync,ACCT-410-0-51 Financial Accounting,Auto-closed by scheduling integration.,,15
INC0201593,2026-04-13 07:22:55,,25Live,WIE-412,Wieboldt Hall,Classroom Scheduling,Room reservation sync,Room Hold — Facilities,,,
INC0202542,2026-04-13 07:27:12,,25Live,WIE-352,Wieboldt Hall,Classroom Scheduling,Room reservation sync,MECN-425-0-52 Managerial Economics,,,
INC0200313,2026-04-13 09:42:00,2026-05-07 00:24:00,Student412289,WIE-251,Wieboldt Hall,Lecture Capture,Recording failed / not captured,Recording stopped 20 minutes into class; remainder not captured.,Re-seated audio feed to appliance; levels verified on test recording.,M. Reyes,34002
INC0200611,2026-04-13 09:54:00,2026-04-13 21:49:00,Faculty459093,WIE-105,Wieboldt Hall,AV Technical Support,Control system / touch panel,"Control panel unresponsive to touch, backlight on.",Hard-reset touch panel via PoE port; control restored.,D. Lindqvist,715
INC0200267,2026-04-13 17:39:00,2026-04-14 15:17:00,Staff1149340,WIE-142,Wieboldt Hall,Lecture Capture,Recording failed / not captured,Recording stopped 20 minutes into class; remainder not captured.,Restarted capture appliance; verified next scheduled recording completed.,S. Patel,1298
INC0200950,2026-04-14 05:03:45,2026-04-14 05:06:45,25Live,WIE-142,Wieboldt Hall,Classroom Scheduling,Room reservation sync,Executive Education Workshop,Auto-closed by scheduling integration.,,17
INC0201543,2026-04-14 05:12:46,2026-04-14 05:37:46,25Live,WIE-318,Wieboldt Hall,Classroom Scheduling,Room reservation sync,DECS-433-0-61 Business Analytics,Auto-closed by scheduling integration.,,27
INC0201811,2026-04-14 05:14:45,2026-04-14 05:34:45,25Live,WIE-205,Wieboldt Hall,Classroom Scheduling,Room reservation sync,Executive Education Workshop,Auto-closed by scheduling integration.,,18
INC0201245,2026-04-14 05:39:49,2026-04-14 06:00:49,25Live,WIE-110,Wieboldt Hall,Classroom Scheduling,Room reservation sync,Room Hold — Facilities,Auto-closed by scheduling integration.,,17
INC0201276,2026-04-14 05:44:06,2026-04-14 05:48:06,25Live,WIE-312,Wieboldt Hall,Classroom Scheduling,Room reservation sync,MORS-470-0-51 Negotiations,Auto-closed by scheduling integration.,,25
INC0201151,2026-04-14 05:56:26,2026-04-14 06:11:26,25Live,WIE-148,Wieboldt Hall,Classroom Scheduling,Room reservation sync,Admissions Information Session,Auto-closed by scheduling integration.,,19
INC0202216,2026-04-14 06:11:05,2026-04-14 06:37:05,25Live,WIE-110,Wieboldt Hall,Classroom Scheduling,Room reservation sync,Executive Education Workshop,Auto-closed by scheduling integration.,,7
INC0201878,2026-04-14 06:13:27,2026-04-14 06:29:27,25Live,WIE-306,Wieboldt Hall,Classroom Scheduling,Room reservation sync,MECN-425-0-52 Managerial Economics,Auto-closed by scheduling integration.,,17
INC0201467,2026-04-14 06:27:07,2026-04-14 06:39:07,25Live,WIE-343,Wieboldt Hall,Classroom Scheduling,Room reservation sync,DECS-433-0-61 Business Analytics,Auto-closed by scheduling integration.,,29
INC0201236,2026-04-14 06:38:01,,25Live,WIE-355,Wieboldt Hall,Classroom Scheduling,Room reservation sync,OPNS-430-0-62 Operations Management,,,
INC0201351,2026-04-14 07:14:55,2026-04-14 07:21:55,25Live,WIE-352,Wieboldt Hall,Classroom Scheduling,Room reservation sync,Admissions Information Session,Auto-closed by scheduling integration.,,4
INC0201056,2026-04-14 07:41:55,2026-04-14 08:06:55,25Live,WIE-110,Wieboldt Hall,Classroom Scheduling,Room reservation sync,STRT-452-0-71 Competitive Strategy,Auto-closed by scheduling integration.,,20
INC0201065,2026-04-14 07:44:18,2026-04-14 07:51:18,25Live,WIE-110,Wieboldt Hall,Classroom Scheduling,Room reservation sync,OPNS-430-0-62 Operations Management,Auto-closed by scheduling integration.,,23
INC0201419,2026-04-14 07:47:41,2026-04-14 07:48:41,25Live,WIE-355,Wieboldt Hall,Classroom Scheduling,Room reservation sync,STRT-452-0-71 Competitive Strategy,Auto-closed by scheduling integration.,,23
INC0200100,2026-04-14 08:35:00,2026-04-14 12:23:00,Student8712613,WIE-251,Wieboldt Hall,AV Technical Support,No display / HDMI handshake,Projector shows brief image then drops to black screen repeatedly.,Manually forced input on switcher; EDID re-handshake resolved the black screen.,D. Lindqvist,228
INC0200595,2026-04-14 15:35:00,2026-04-14 16:35:00,Faculty1631326,WIE-537,Wieboldt Hall,AV Technical Support,No display / HDMI handshake,HDMI handshake failure after switching from podium PC to laptop.,Replaced worn HDMI cable at podium wall plate.,A. Okafor,60
INC0201165,2026-04-15 05:04:10,2026-04-15 05:09:10,25Live,WIE-306,Wieboldt Hall,Classroom Scheduling,Room reservation sync,Leadership Coaching Session,Auto-closed by scheduling integration.,,27
INC0201364,2026-04-15 05:22:11,2026-04-15 05:37:11,25Live,WIE-508,Wieboldt Hall,Classroom Scheduling,Room reservation sync,Leadership Coaching Session,Auto-closed by scheduling integration.,,4
INC0200849,2026-04-15 05:49:55,2026-04-15 06:07:55,25Live,WIE-343,Wieboldt Hall,Classroom Scheduling,Room reservation sync,Student Club Panel Event,Auto-closed by scheduling integration.,,13
INC0201926,2026-04-15 05:51:26,,25Live,WIE-355,Wieboldt Hall,Classroom Scheduling,Room reservation sync,Admissions Information Session,,,
INC0201637,2026-04-15 05:53:28,2026-04-15 06:08:28,25Live,WIE-355,Wieboldt Hall,Classroom Scheduling,Room reservation sync,MORS-470-0-51 Negotiations,Auto-closed by scheduling integration.,,29
INC0200843,2026-04-15 07:36:06,2026-04-15 07:40:06,25Live,WIE-110,Wieboldt Hall,Classroom Scheduling,Room reservation sync,STRT-452-0-71 Competitive Strategy,Auto-closed by scheduling integration.,,12
INC0201137,2026-04-15 07:42:20,2026-04-15 07:49:20,25Live,WIE-455,Wieboldt Hall,Classroom Scheduling,Room reservation sync,MECN-425-0-52 Managerial Economics,Auto-closed by scheduling integration.,,23
INC0200268,2026-04-15 08:24:00,2026-04-15 16:27:00,Student9888425,WIE-142,Wieboldt Hall,Lecture Capture,Recording failed / not captured,Scheduled class recording did not start; instructor reports no video in portal.,Recovered local backup recording and uploaded to course folder.,S. Patel,483
INC0200716,2026-04-15 10:44:00,2026-04-15 17:41:00,Faculty3154094,WIE-355,Wieboldt Hall,Equipment Maintenance & Repair,Preventative maintenance,Firmware update window for control devices.,Room verified ready; minor cable management performed.,L. Ferreira,417
INC0200302,2026-04-15 13:32:00,2026-04-25 19:33:00,Staff7154644,WIE-312,Wieboldt Hall,AV Technical Support,No display / HDMI handshake,HDMI handshake failure after switching from podium PC to laptop.,Replaced worn HDMI cable at podium wall plate.,M. Reyes,14761
INC0200080,2026-04-15 14:22:00,2026-04-22 04:12:00,Faculty1579072,,Wieboldt Hall,Webconferencing,Zoom/Teams AV routing,Zoom shows wrong camera; instructor blocked at class start.,Re-seated USB extender at podium; camera re-enumerated in Teams.,D. Lindqvist,9470
INC0200111,2026-04-15 16:44:00,2026-04-15 17:33:00,Faculty6329436,WIE-537,Wieboldt Hall,Webconferencing,Zoom/Teams AV routing,Camera feed not appearing in Teams; shows black tile.,Set camera preset and saved default; walked instructor through controls.,S. Patel,49
INC0200374,2026-04-15 19:57:00,2026-04-24 11:30:00,Staff7114208,WIE-343,Wieboldt Hall,AV Technical Support,No display / HDMI handshake,Podium PC displays on confidence monitor but projector screen is black.,Rebooted control processor; input routing restored after reload.,A. Okafor,12453
INC0200754,2026-04-16 05:33:15,2026-04-16 05:41:15,25Live,WIE-142,Wieboldt Hall,Classroom Scheduling,Room reservation sync,Student Club Panel Event,Auto-closed by scheduling integration.,,6
INC0201671,2026-04-16 05:54:43,2026-04-16 06:15:43,25Live,WIE-412,Wieboldt Hall,Classroom Scheduling,Room reservation sync,DECS-433-0-61 Business Analytics,Auto-closed by scheduling integration.,,2
INC0200938,2026-04-16 05:57:37,2026-04-16 06:11:37,25Live,WIE-110,Wieboldt Hall,Classroom Scheduling,Room reservation sync,OPNS-430-0-62 Operations Management,Auto-closed by scheduling integration.,,28
INC0201032,2026-04-16 06:49:06,2026-04-16 07:03:06,25Live,WIE-312,Wieboldt Hall,Classroom Scheduling,Room reservation sync,Admissions Information Session,Auto-closed by scheduling integration.,,29
INC0200786,2026-04-16 07:05:36,2026-04-16 07:20:36,25Live,WIE-105,Wieboldt Hall,Classroom Scheduling,Room reservation sync,STRT-452-0-71 Competitive Strategy,Auto-closed by scheduling integration.,,25
INC0200704,2026-04-16 14:49:00,2026-04-16 14:52:00,Faculty2500158,,Wieboldt Hall,AV TECHNICAL SUPPORT,No display / HDMI handshake,Podium PC displays on confidence monitor but projector screen is black.,Rebooted control processor; input routing restored after reload.,M. Reyes,3
INC0201286,2026-04-17 05:11:59,2026-04-17 05:12:59,25Live,WIE-246,Wieboldt Hall,Classroom Scheduling,Room reservation sync,DECS-433-0-61 Business Analytics,Auto-closed by scheduling integration.,,9
INC0201142,2026-04-17 05:52:31,2026-04-17 06:07:31,25Live,WIE-318,Wieboldt Hall,Classroom Scheduling,Room reservation sync,MORS-470-0-51 Negotiations,Auto-closed by scheduling integration.,,26
INC0201440,2026-04-17 06:38:25,2026-04-17 06:44:25,25Live,WIE-544,Wieboldt Hall,Classroom Scheduling,Room reservation sync,DECS-433-0-61 Business Analytics,Auto-closed by scheduling integration.,,9
INC0201706,2026-04-17 07:01:16,2026-04-17 07:07:16,25Live,WIE-142,Wieboldt Hall,Classroom Scheduling,Room reservation sync,MECN-425-0-52 Managerial Economics,Auto-closed by scheduling integration.,,22
INC0202304,2026-04-17 07:12:33,2026-04-17 07:26:33,25Live,WIE-142,Wieboldt Hall,Classroom Scheduling,Room reservation sync,MORS-470-0-51 Negotiations,Auto-closed by scheduling integration.,,1
INC0201620,2026-04-17 07:14:45,2026-04-17 07:39:45,25Live,WIE-142,Wieboldt Hall,Classroom Scheduling,Room reservation sync,MECN-425-0-52 Managerial Economics,Auto-closed by scheduling integration.,,7
INC0200705,2026-04-17 08:03:00,2026-04-17 08:21:00,Staff8298269,WIE-343,Wieboldt Hall,AV Technical Support,No display / HDMI handshake,Instructor laptop connected via HDMI but projector shows 'No Signal'.,Manually forced input on switcher; EDID re-handshake resolved the black screen.,D. Lindqvist,18
INC0200599,2026-04-17 09:22:00,2026-04-17 14:07:00,Student7256152,WIE-251,Wieboldt Hall,AV Technical Support,No display / HDMI handshake,HDMI handshake failure after switching from podium PC to laptop.,Rebooted control processor; input routing restored after reload.,T. Nakamura,285
INC0200356,2026-04-17 11:37:00,2026-04-17 18:29:00,Faculty238442,WIE-343,Wieboldt Hall,AV Technical Support,Audio / microphone,Lavalier mic cutting out intermittently during lecture.,Corrected audio routing on touch panel; laptop audio restored.,M. Reyes,412
INC0200608,2026-04-17 12:40:00,2026-04-17 12:48:00,Staff9820020,WIE-312,Wieboldt Hall,AV Technical Support,No display / HDMI handshake,Podium PC displays on confidence monitor but projector screen is black.,Manually forced input on switcher; EDID re-handshake resolved the black screen.,D. Lindqvist,8
INC0202527,2026-04-18 05:17:20,2026-04-18 05:29:20,25Live,WIE-355,Wieboldt Hall,Classroom Scheduling,Room reservation sync,Faculty Meeting,Auto-closed by scheduling integration.,,8
INC0200918,2026-04-18 05:29:26,2026-04-18 05:52:26,25Live,WIE-142,Wieboldt Hall,Classroom Scheduling,Room reservation sync,Room Hold — Facilities,Auto-closed by scheduling integration.,,8
INC0202297,2026-04-18 05:34:03,2026-04-18 05:53:03,25Live,WIE-251,Wieboldt Hall,Classroom Scheduling,Room reservation sync,MORS-470-0-51 Negotiations,Auto-closed by scheduling integration.,,3
INC0201864,2026-04-18 06:06:32,2026-04-18 06:25:32,25Live,WIE-105,Wieboldt Hall,Classroom Scheduling,Room reservation sync,OPNS-430-0-62 Operations Management,Auto-closed by scheduling integration.,,14
INC0202408,2026-04-18 06:27:50,2026-04-18 06:28:50,25Live,WIE-343,Wieboldt Hall,Classroom Scheduling,Room reservation sync,Admissions Information Session,Auto-closed by scheduling integration.,,17
INC0200999,2026-04-18 06:55:13,2026-04-18 07:02:13,25Live,WIE-142,Wieboldt Hall,Classroom Scheduling,Room reservation sync,Student Club Panel Event,Auto-closed by scheduling integration.,,24
INC0200853,2026-04-18 07:48:10,2026-04-18 07:54:10,25Live,WIE-355,Wieboldt Hall,Classroom Scheduling,Room reservation sync,MKTG-450-0-61 Brand Strategy,Auto-closed by scheduling integration.,,7
INC0200357,2026-04-19 09:28:00,2026-04-19 09:31:00,Faculty488157,WIE-343,Wieboldt Hall,AV Technical Support,Audio / microphone,Lavalier mic cutting out intermittently during lecture.,Replaced batteries in bodypack; instructed on charging dock use.,K. Duval,3
INC0202022,2026-04-20 05:00:20,2026-04-20 05:28:20,25Live,WIE-312,Wieboldt Hall,Classroom Scheduling,Room reservation sync,MECN-425-0-52 Managerial Economics,Auto-closed by scheduling integration.,,4
INC0201182,2026-04-20 05:06:16,2026-04-20 05:12:16,25Live,WIE-142,Wieboldt Hall,Classroom Scheduling,Room reservation sync,Leadership Coaching Session,Auto-closed by scheduling integration.,,29
INC0202280,2026-04-20 05:50:16,2026-04-20 06:04:16,25Live,WIE-352,Wieboldt Hall,Classroom Scheduling,Room reservation sync,ACCT-410-0-51 Financial Accounting,Auto-closed by scheduling integration.,,19
INC0201288,2026-04-20 07:42:18,2026-04-20 08:09:18,25Live,WIE-148,Wieboldt Hall,Classroom Scheduling,Room reservation sync,Admissions Information Session,Auto-closed by scheduling integration.,,25
INC0200116,2026-04-20 10:03:00,2026-04-20 10:24:00,Student1741183,WIE-355,Wieboldt Hall,AV Technical Support,Audio / microphone,Program audio works but mic audio not reinforced in room.,Swapped faulty bodypack transmitter with spare unit.,J. Whitfield,21
INC0200718,2026-04-20 12:36:00,2026-04-20 14:29:00,Faculty1867640,WIE-251,Wieboldt Hall,AV Technical Support,No display / HDMI handshake,Projector shows brief image then drops to black screen repeatedly.,Replaced worn HDMI cable at podium wall plate.,S. Patel,113
INC0200018,2026-04-20 13:42:00,2026-04-25 11:12:00,Faculty9164081,,Wieboldt Hall,Consultation,AV consultation / training,New faculty member requests walkthrough of classroom AV system.,Reviewed hybrid workflow and set camera/audio defaults with instructor.,T. Nakamura,7050
INC0200252,2026-04-20 20:10:00,2026-04-22 05:09:00,Student7963608,,Wieboldt Hall,Lecture Capture,Recording failed / not captured,Capture appliance offline; last three scheduled recordings missing.,Re-seated audio feed to appliance; levels verified on test recording.,A. Okafor,1979
INC0201028,2026-04-21 05:01:18,2026-04-21 05:05:18,25Live,WIE-142,Wieboldt Hall,Classroom Scheduling,Room reservation sync,Room Hold — Facilities,Auto-closed by scheduling integration.,,25
INC0202242,2026-04-21 05:18:42,2026-04-21 05:29:42,25Live,WIE-355,Wieboldt Hall,Classroom Scheduling,Room reservation sync,ACCT-410-0-51 Financial Accounting,Auto-closed by scheduling integration.,,21
INC0202380,2026-04-21 05:24:15,2026-04-21 05:40:15,25Live,WIE-306,Wieboldt Hall,Classroom Scheduling,Room reservation sync,MORS-470-0-51 Negotiations,Auto-closed by scheduling integration.,,7
INC0201434,2026-04-21 06:28:06,2026-04-21 06:33:06,25Live,WIE-105,Wieboldt Hall,Classroom Scheduling,Room reservation sync,Room Hold — Facilities,Auto-closed by scheduling integration.,,24
INC0201238,2026-04-21 06:36:34,2026-04-21 06:52:34,25Live,WIE-142,Wieboldt Hall,Classroom Scheduling,Room reservation sync,Leadership Coaching Session,Auto-closed by scheduling integration.,,25
INC0201833,2026-04-21 06:39:38,2026-04-21 07:03:38,25Live,WIE-343,Wieboldt Hall,Classroom Scheduling,Room reservation sync,Room Hold — Facilities,Auto-closed by scheduling integration.,,28
INC0201395,2026-04-21 06:39:45,,25Live,WIE-343,Wieboldt Hall,Classroom Scheduling,Room reservation sync,DECS-433-0-61 Business Analytics,,,
INC0201380,2026-04-21 06:51:52,2026-04-21 06:55:52,25Live,WIE-251,Wieboldt Hall,Classroom Scheduling,Room reservation sync,STRT-452-0-71 Competitive Strategy,Auto-closed by scheduling integration.,,27
INC0201594,2026-04-21 07:05:20,2026-04-21 07:09:20,25Live,WIE-312,Wieboldt Hall,Classroom Scheduling,Room reservation sync,Room Hold — Facilities,Auto-closed by scheduling integration.,,24
INC0201459,2026-04-21 07:34:59,2026-04-21 07:47:59,25Live,WIE-105,Wieboldt Hall,Classroom Scheduling,Room reservation sync,ACCT-410-0-51 Financial Accounting,Auto-closed by scheduling integration.,,18
INC0201532,2026-04-21 07:38:34,2026-04-21 08:02:34,25Live,WIE-343,Wieboldt Hall,Classroom Scheduling,Room reservation sync,Student Club Panel Event,Auto-closed by scheduling integration.,,9
INC0200421,2026-04-21 09:55:00,2026-04-22 10:18:00,Faculty3957236,WIE-508,Wieboldt Hall,AV Technical Support,Podium PC / login,Instructor cannot log in to podium PC with NetID.,Deferred updates to maintenance window; PC available for class.,M. Reyes,1463
INC0200440,2026-04-21 11:37:00,2026-04-23 02:01:00,Staff5243581,WIE-312,Wieboldt Hall,Equipment Maintenance & Repair,Projector lamp / image quality,"Yellow tint on projected image, worse on left side.",Replaced projector lamp; brightness restored.,A. Okafor,2304
INC0200340,2026-04-21 19:29:00,2026-04-21 20:20:00,Faculty3104298,,Wieboldt Hall,AV Technical Support,No display / HDMI handshake,HDMI handshake failure after switching from podium PC to laptop.,Manually forced input on switcher; EDID re-handshake resolved the black screen.,A. Okafor,51
INC0201297,2026-04-22 05:00:57,2026-04-22 05:12:57,25Live,WIE-142,Wieboldt Hall,Classroom Scheduling,Room reservation sync,Executive Education Workshop,Auto-closed by scheduling integration.,,4
INC0201094,2026-04-22 05:07:49,2026-04-22 05:22:49,25Live,WIE-142,Wieboldt Hall,Classroom Scheduling,Room reservation sync,OPNS-430-0-62 Operations Management,Auto-closed by scheduling integration.,,24
INC0202532,2026-04-22 05:26:49,2026-04-22 05:31:49,25Live,WIE-142,Wieboldt Hall,Classroom Scheduling,Room reservation sync,MORS-470-0-51 Negotiations,Auto-closed by scheduling integration.,,23
INC0202372,2026-04-22 05:57:12,2026-04-22 06:11:12,25Live,WIE-355,Wieboldt Hall,Classroom Scheduling,Room reservation sync,DECS-433-0-61 Business Analytics,Auto-closed by scheduling integration.,,4
INC0201572,2026-04-22 06:03:52,,25Live,WIE-343,Wieboldt Hall,Classroom Scheduling,Room reservation sync,FINC-430-0-51 Corporate Finance,,,
INC0201991,2026-04-22 06:06:42,2026-04-22 06:29:42,25Live,WIE-343,Wieboldt Hall,Classroom Scheduling,Room reservation sync,Faculty Meeting,Auto-closed by scheduling integration.,,7
INC0202465,2026-04-22 06:26:55,2026-04-22 06:32:55,25Live,WIE-142,Wieboldt Hall,Classroom Scheduling,Room reservation sync,Faculty Meeting,Auto-closed by scheduling integration.,,23
INC0200818,2026-04-22 06:28:13,2026-04-22 06:43:13,25Live,WIE-148,Wieboldt Hall,Classroom Scheduling,Room reservation sync,Leadership Coaching Session,Auto-closed by scheduling integration.,,15
INC0200951,2026-04-22 06:31:38,2026-04-22 06:54:38,25Live,WIE-251,Wieboldt Hall,Classroom Scheduling,Room reservation sync,ACCT-410-0-51 Financial Accounting,Auto-closed by scheduling integration.,,24
INC0201959,2026-04-22 07:32:17,2026-04-22 07:54:17,25Live,WIE-441,Wieboldt Hall,Classroom Scheduling,Room reservation sync,MORS-470-0-51 Negotiations,Auto-closed by scheduling integration.,,4
INC0202333,2026-04-22 07:34:39,,25Live,WIE-142,Wieboldt Hall,Classroom Scheduling,Room reservation sync,DECS-433-0-61 Business Analytics,,,
INC0202289,2026-04-22 07:45:58,2026-04-22 07:55:58,25Live,WIE-412,Wieboldt Hall,Classroom Scheduling,Room reservation sync,ACCT-410-0-51 Financial Accounting,Auto-closed by scheduling integration.,,6
INC0200375,2026-04-22 09:59:00,2026-04-22 11:11:00,Faculty756339,WIE-343,Wieboldt Hall,AV Technical Support,No display / HDMI handshake,Projector shows brief image then drops to black screen repeatedly.,Power-cycled matrix switcher and re-seated HDMI at podium; signal restored.,D. Lindqvist,72
INC0200616,2026-04-22 12:56:00,2026-04-22 18:20:00,Faculty5386155,WIE-355,Wieboldt Hall,Setup & Configuration,Event / class AV setup,Microphone and projector setup for guest speaker event.,Configured room for panel format; struck equipment after event.,A. Okafor,324
INC0200632,2026-04-22 13:18:00,2026-04-22 16:43:00,Faculty5847379,WIE-343,Wieboldt Hall,AV Technical Support,No display / HDMI handshake,Guest speaker laptop not detected on wall plate HDMI input.,Manually forced input on switcher; EDID re-handshake resolved the black screen.,T. Nakamura,205
INC0200129,2026-04-22 16:20:00,2026-04-23 12:16:00,Faculty9793043,WIE-105,Wieboldt Hall,AV Technical Support,Podium PC / login,Podium PC extremely slow to load PowerPoint.,Deferred updates to maintenance window; PC available for class.,D. Lindqvist,1196
INC0201217,2026-04-23 05:02:46,2026-04-23 05:08:46,25Live,WIE-251,Wieboldt Hall,Classroom Scheduling,Room reservation sync,STRT-452-0-71 Competitive Strategy,Auto-closed by scheduling integration.,,7
INC0201884,2026-04-23 05:40:53,2026-04-23 06:02:53,25Live,WIE-251,Wieboldt Hall,Classroom Scheduling,Room reservation sync,Leadership Coaching Session,Auto-closed by scheduling integration.,,18
INC0202276,2026-04-23 06:50:45,2026-04-23 07:00:45,25Live,WIE-142,Wieboldt Hall,Classroom Scheduling,Room reservation sync,MECN-425-0-52 Managerial Economics,Auto-closed by scheduling integration.,,29
INC0202482,2026-04-23 06:57:45,2026-04-23 07:12:45,25Live,WIE-142,Wieboldt Hall,Classroom Scheduling,Room reservation sync,STRT-452-0-71 Competitive Strategy,Auto-closed by scheduling integration.,,27
INC0200778,2026-04-23 07:37:19,2026-04-23 07:56:19,25Live,WIE-246,Wieboldt Hall,Classroom Scheduling,Room reservation sync,MKTG-450-0-61 Brand Strategy,Auto-closed by scheduling integration.,,15
INC0200396,2026-04-23 08:33:00,2026-04-25 09:59:00,Faculty9253181,,Wieboldt Hall,Lecture Capture,Recording failed / not captured,Scheduled class recording did not start; instructor reports no video in portal.,Recovered local backup recording and uploaded to course folder.,M. Reyes,2966
INC0200479,2026-04-23 13:15:00,2026-05-20 06:04:00,Faculty646053,WIE-508,Wieboldt Hall,Setup & Configuration,Event / class AV setup,Microphone and projector setup for guest speaker event.,Configured room for panel format; struck equipment after event.,K. Duval,38449
INC0200630,2026-04-23 15:31:00,2026-04-23 15:39:00,Faculty7911438,WIE-355,Wieboldt Hall,AV TECHNICAL SUPPORT,No display / HDMI handshake,HDMI handshake failure after switching from podium PC to laptop.,Replaced worn HDMI cable at podium wall plate.,A. Okafor,8
INC0200232,2026-04-23 16:26:00,2026-04-24 16:01:00,Faculty1865582,,Wieboldt Hall,Lecture Capture,Capture scheduling / setup,One-time recording request for guest lecture.,Scheduled one-time recording; verified folder permissions.,A. Okafor,1415
INC0202543,2026-04-24 05:53:03,2026-04-24 06:22:03,25Live,WIE-404,Wieboldt Hall,Classroom Scheduling,Room reservation sync,Executive Education Workshop,Auto-closed by scheduling integration.,,17
INC0200897,2026-04-24 05:53:25,2026-04-24 05:55:25,25Live,WIE-537,Wieboldt Hall,Classroom Scheduling,Room reservation sync,Admissions Information Session,Auto-closed by scheduling integration.,,8
INC0201860,2026-04-24 06:38:11,2026-04-24 06:52:11,25Live,WIE-251,Wieboldt Hall,Classroom Scheduling,Room reservation sync,Leadership Coaching Session,Auto-closed by scheduling integration.,,16
INC0200893,2026-04-24 07:47:32,2026-04-24 08:04:32,25Live,WIE-142,Wieboldt Hall,Classroom Scheduling,Room reservation sync,Leadership Coaching Session,Auto-closed by scheduling integration.,,12
INC0200354,2026-04-24 09:36:00,2026-04-24 11:54:00,Faculty7902376,,Wieboldt Hall,AV Technical Support,No display / HDMI handshake,HDMI handshake failure after switching from podium PC to laptop.,Rebooted control processor; input routing restored after reload.,J. Whitfield,138
INC0200416,2026-04-24 12:35:00,2026-04-24 12:37:00,Student791447,,Wieboldt Hall,AV Technical Support,Input switching failure,Instructor unable to switch between laptop and PC mid-class.,Reloaded control program; input switching functional.,L. Ferreira,2
INC0200123,2026-04-24 16:43:00,2026-05-01 22:03:00,Staff9483422,WIE-258,Wieboldt Hall,Equipment Maintenance & Repair,Cabling / connectors,"Wall plate faceplate loose, cable strain on connector.",Re-secured wall plate and tested all inputs.,J. Whitfield,10400
INC0202236,2026-04-25 05:08:46,2026-04-25 05:25:46,25Live,WIE-343,Wieboldt Hall,Classroom Scheduling,Room reservation sync,MKTG-450-0-61 Brand Strategy,Auto-closed by scheduling integration.,,21
INC0201609,2026-04-25 05:13:24,2026-04-25 05:24:24,25Live,WIE-148,Wieboldt Hall,Classroom Scheduling,Room reservation sync,MORS-470-0-51 Negotiations,Auto-closed by scheduling integration.,,6
INC0200770,2026-04-25 05:19:27,2026-04-25 05:38:27,25Live,WIE-246,Wieboldt Hall,Classroom Scheduling,Room reservation sync,MORS-470-0-51 Negotiations,Auto-closed by scheduling integration.,,1
INC0201742,2026-04-25 05:42:47,,25Live,WIE-251,Wieboldt Hall,Classroom Scheduling,Room reservation sync,STRT-452-0-71 Competitive Strategy,,,
INC0200459,2026-04-25 09:03:00,2026-04-26 23:26:00,Staff6568458,WIE-142,Wieboldt Hall,Webconferencing,Zoom/Teams AV routing,Hybrid class: in-room students cannot hear remote participants.,Selected correct USB bridge as mic/speaker in Zoom; verified with test call.,M. Reyes,2303
INC0200582,2026-04-25 09:08:00,2026-04-25 14:23:00,Faculty1836048,WIE-441,Wieboldt Hall,AV Technical Support,Audio / microphone,Lavalier mic cutting out intermittently during lecture.,Corrected audio routing on touch panel; laptop audio restored.,A. Okafor,315
INC0200303,2026-04-25 09:49:00,,Staff103376,WIE-312,Wieboldt Hall,AV Technical Support,No display / HDMI handshake,Instructor laptop connected via HDMI but projector shows 'No Signal'.,,L. Ferreira,
INC0200719,2026-04-25 11:01:00,2026-04-25 11:11:00,Staff3351588,WIE-251,Wieboldt Hall,AV Technical Support,No display / HDMI handshake,Guest speaker laptop not detected on wall plate HDMI input.,Manually forced input on switcher; EDID re-handshake resolved the black screen.,A. Okafor,10
INC0200397,2026-04-25 17:59:00,,Student7340290,WIE-142,Wieboldt Hall,Lecture Capture,Recording failed / not captured,Recording stopped 20 minutes into class; remainder not captured.,,A. Okafor,
INC0200417,2026-04-25 18:05:00,2026-04-27 00:02:00,Staff1579307,,Wieboldt Hall,AV Technical Support,Input switching failure,Room stuck on document camera input; cannot switch back to podium PC.,Walked instructor through manual input selection; scheduled switcher config review.,R. Calloway,1797
INC0200822,2026-04-26 05:45:18,2026-04-26 05:50:18,25Live,WIE-521,Wieboldt Hall,Classroom Scheduling,Room reservation sync,ACCT-410-0-51 Financial Accounting,Auto-closed by scheduling integration.,,15
INC0201258,2026-04-26 05:46:08,2026-04-26 06:01:08,25Live,WIE-105,Wieboldt Hall,Classroom Scheduling,Room reservation sync,Student Club Panel Event,Auto-closed by scheduling integration.,,2
INC0200720,2026-04-26 10:49:00,2026-04-26 21:00:00,Faculty5138139,WIE-251,Wieboldt Hall,AV Technical Support,No display / HDMI handshake,Instructor laptop connected via HDMI but projector shows 'No Signal'.,Manually forced input on switcher; EDID re-handshake resolved the black screen.,M. Reyes,611
INC0200093,2026-04-26 15:44:00,2026-04-26 23:27:00,Student5270157,,Wieboldt Hall,Webconferencing,Zoom/Teams AV routing,Hybrid class: in-room students cannot hear remote participants.,Re-seated USB extender at podium; camera re-enumerated in Teams.,D. Lindqvist,463
INC0201519,2026-04-27 06:43:10,,25Live,WIE-251,Wieboldt Hall,Classroom Scheduling,Room reservation sync,DECS-433-0-61 Business Analytics,,,
INC0202077,2026-04-27 06:48:17,2026-04-27 06:51:17,25Live,WIE-251,Wieboldt Hall,Classroom Scheduling,Room reservation sync,Admissions Information Session,Auto-closed by scheduling integration.,,2
INC0201857,2026-04-27 07:07:22,2026-04-27 07:26:22,25Live,WIE-343,Wieboldt Hall,Classroom Scheduling,Room reservation sync,Faculty Meeting,Auto-closed by scheduling integration.,,19
INC0200473,2026-04-27 15:43:00,2026-05-03 20:25:00,Faculty6169092,WIE-142,Wieboldt Hall,AV Technical Support,No display / HDMI handshake,Podium PC displays on confidence monitor but projector screen is black.,Replaced worn HDMI cable at podium wall plate.,A. Okafor,8922
INC0202208,2026-04-28 05:04:49,2026-04-28 05:29:49,25Live,WIE-142,Wieboldt Hall,Classroom Scheduling,Room reservation sync,Faculty Meeting,Auto-closed by scheduling integration.,,16
INC0202009,2026-04-28 05:12:43,2026-04-28 05:32:43,25Live,WIE-312,Wieboldt Hall,Classroom Scheduling,Room reservation sync,Admissions Information Session,Auto-closed by scheduling integration.,,21
INC0201360,2026-04-28 05:19:05,2026-04-28 05:30:05,25Live,WIE-142,Wieboldt Hall,Classroom Scheduling,Room reservation sync,MKTG-450-0-61 Brand Strategy,Auto-closed by scheduling integration.,,11
INC0201220,2026-04-28 05:24:00,2026-04-28 05:30:00,25Live,WIE-205,Wieboldt Hall,Classroom Scheduling,Room reservation sync,Leadership Coaching Session,Auto-closed by scheduling integration.,,6
INC0200860,2026-04-28 05:35:36,2026-04-28 05:42:36,25Live,WIE-110,Wieboldt Hall,Classroom Scheduling,Room reservation sync,Room Hold — Facilities,Auto-closed by scheduling integration.,,17
INC0201231,2026-04-28 05:50:14,2026-04-28 06:13:14,25Live,WIE-105,Wieboldt Hall,Classroom Scheduling,Room reservation sync,Leadership Coaching Session,Auto-closed by scheduling integration.,,5
INC0202511,2026-04-28 05:50:47,2026-04-28 05:54:47,25Live,WIE-246,Wieboldt Hall,Classroom Scheduling,Room reservation sync,Faculty Meeting,Auto-closed by scheduling integration.,,12
INC0200851,2026-04-28 05:53:19,2026-04-28 05:57:19,25Live,WIE-246,Wieboldt Hall,Classroom Scheduling,Room reservation sync,MKTG-450-0-61 Brand Strategy,Auto-closed by scheduling integration.,,21
INC0201545,2026-04-28 05:57:44,2026-04-28 05:59:44,25Live,WIE-355,Wieboldt Hall,Classroom Scheduling,Room reservation sync,Executive Education Workshop,Auto-closed by scheduling integration.,,13
INC0202058,2026-04-28 05:58:17,2026-04-28 06:11:17,25Live,WIE-251,Wieboldt Hall,Classroom Scheduling,Room reservation sync,Room Hold — Facilities,Auto-closed by scheduling integration.,,4
INC0201559,2026-04-28 06:17:05,2026-04-28 06:37:05,25Live,WIE-205,Wieboldt Hall,Classroom Scheduling,Room reservation sync,MORS-470-0-51 Negotiations,Auto-closed by scheduling integration.,,5
INC0202528,2026-04-28 06:20:59,2026-04-28 06:45:59,25Live,WIE-105,Wieboldt Hall,Classroom Scheduling,Room reservation sync,DECS-433-0-61 Business Analytics,Auto-closed by scheduling integration.,,14
INC0202495,2026-04-28 06:24:00,2026-04-28 06:30:00,25Live,WIE-355,Wieboldt Hall,Classroom Scheduling,Room reservation sync,OPNS-430-0-62 Operations Management,Auto-closed by scheduling integration.,,15
INC0201196,2026-04-28 06:33:18,2026-04-28 06:40:18,25Live,WIE-258,Wieboldt Hall,Classroom Scheduling,Room reservation sync,ACCT-410-0-51 Financial Accounting,Auto-closed by scheduling integration.,,5
INC0202018,2026-04-28 07:52:09,,25Live,WIE-246,Wieboldt Hall,Classroom Scheduling,Room reservation sync,DECS-433-0-61 Business Analytics,,,
INC0200677,2026-04-28 08:10:00,2026-05-06 00:13:00,Faculty4055589,WIE-142,Wieboldt Hall,Equipment Maintenance & Repair,Preventative maintenance,Semester-start room readiness verification.,Room verified ready; minor cable management performed.,L. Ferreira,11043
INC0200721,2026-04-28 09:43:00,2026-04-29 00:10:00,Faculty7813289,,Wieboldt Hall,AV Technical Support,No display / HDMI handshake,Guest speaker laptop not detected on wall plate HDMI input.,Rebooted control processor; input routing restored after reload.,S. Patel,867
INC0200366,2026-04-28 09:52:00,2026-04-28 11:14:00,Student2079322,WIE-142,Wieboldt Hall,Lecture Capture,Capture scheduling / setup,Course recordings publishing to wrong folder; permissions need correction.,Created recurring capture schedule; confirmed first recording with instructor.,A. Okafor,82
INC0202248,2026-04-29 05:27:01,,25Live,WIE-306,Wieboldt Hall,Classroom Scheduling,Room reservation sync,DECS-433-0-61 Business Analytics,,,
INC0201455,2026-04-29 06:42:01,2026-04-29 07:03:01,25Live,WIE-355,Wieboldt Hall,Classroom Scheduling,Room reservation sync,Executive Education Workshop,Auto-closed by scheduling integration.,,9
INC0201418,2026-04-29 06:44:54,2026-04-29 06:56:54,25Live,WIE-251,Wieboldt Hall,Classroom Scheduling,Room reservation sync,OPNS-430-0-62 Operations Management,Auto-closed by scheduling integration.,,24
INC0201214,2026-04-29 07:13:50,2026-04-29 07:27:50,25Live,WIE-142,Wieboldt Hall,Classroom Scheduling,Room reservation sync,MKTG-450-0-61 Brand Strategy,Auto-closed by scheduling integration.,,3
INC0201547,2026-04-29 07:14:18,2026-04-29 07:15:18,25Live,WIE-142,Wieboldt Hall,Classroom Scheduling,Room reservation sync,Leadership Coaching Session,Auto-closed by scheduling integration.,,11
INC0201430,2026-04-29 07:16:30,,25Live,WIE-343,Wieboldt Hall,Classroom Scheduling,Room reservation sync,Room Hold — Facilities,,,
INC0201910,2026-04-29 07:49:46,2026-04-29 08:14:46,25Live,WIE-258,Wieboldt Hall,Classroom Scheduling,Room reservation sync,STRT-452-0-71 Competitive Strategy,Auto-closed by scheduling integration.,,10
INC0200238,2026-04-29 15:18:00,2026-04-29 15:40:00,Staff8470319,WIE-343,Wieboldt Hall,AV Technical Support,Input switching failure,Instructor unable to switch between laptop and PC mid-class.,Walked instructor through manual input selection; scheduled switcher config review.,A. Okafor,22
INC0200609,2026-04-29 19:05:00,,Staff5967540,WIE-312,Wieboldt Hall,AV Technical Support,No display / HDMI handshake,Podium PC displays on confidence monitor but projector screen is black.,,M. Reyes,
INC0201597,2026-04-30 05:35:03,2026-04-30 05:47:03,25Live,WIE-246,Wieboldt Hall,Classroom Scheduling,Room reservation sync,Admissions Information Session,Auto-closed by scheduling integration.,,22
INC0201483,2026-04-30 05:47:30,2026-04-30 06:16:30,25Live,WIE-312,Wieboldt Hall,Classroom Scheduling,Room reservation sync,Student Club Panel Event,Auto-closed by scheduling integration.,,3
INC0202048,2026-04-30 05:55:25,2026-04-30 06:19:25,25Live,WIE-343,Wieboldt Hall,Classroom Scheduling,Room reservation sync,DECS-433-0-61 Business Analytics,Auto-closed by scheduling integration.,,24
INC0201396,2026-04-30 06:00:11,2026-04-30 06:19:11,25Live,WIE-110,Wieboldt Hall,Classroom Scheduling,Room reservation sync,MKTG-450-0-61 Brand Strategy,Auto-closed by scheduling integration.,,6
INC0201362,2026-04-30 06:15:51,2026-04-30 06:29:51,25Live,WIE-312,Wieboldt Hall,Classroom Scheduling,Room reservation sync,OPNS-430-0-62 Operations Management,Auto-closed by scheduling integration.,,2
INC0202141,2026-04-30 06:25:01,2026-04-30 06:49:01,25Live,WIE-110,Wieboldt Hall,Classroom Scheduling,Room reservation sync,Faculty Meeting,Auto-closed by scheduling integration.,,21
INC0200881,2026-04-30 06:32:09,2026-04-30 06:59:09,25Live,WIE-312,Wieboldt Hall,Classroom Scheduling,Room reservation sync,FINC-430-0-51 Corporate Finance,Auto-closed by scheduling integration.,,20
INC0200633,2026-04-30 10:00:00,2026-04-30 16:32:00,Staff4522393,WIE-343,Wieboldt Hall,AV Technical Support,No display / HDMI handshake,Guest speaker laptop not detected on wall plate HDMI input.,Power-cycled matrix switcher and re-seated HDMI at podium; signal restored.,A. Okafor,392
INC0200140,2026-04-30 15:21:00,2026-05-03 06:26:00,Student4541483,WIE-246,Wieboldt Hall,AV Technical Support,Input switching failure,Touch panel input selection not changing projector source.,Reloaded control program; input switching functional.,D. Lindqvist,3785
INC0200412,2026-04-30 16:53:00,2026-05-01 09:09:00,Faculty1652590,WIE-312,Wieboldt Hall,AV Technical Support,Podium PC / login,Podium PC extremely slow to load PowerPoint.,Cleared temp files and restarted; escalated for RAM upgrade.,R. Calloway,976
INC0200433,2026-04-30 17:07:00,2026-05-03 11:51:00,Staff9695226,,Wieboldt Hall,Lecture Capture,Recording failed / not captured,Lecture recording missing audio track for full session.,Corrected room calendar mapping in capture scheduler.,M. Reyes,4004
INC0201607,2026-05-01 05:44:23,2026-05-01 06:12:23,25Live,WIE-251,Wieboldt Hall,Classroom Scheduling,Room reservation sync,FINC-430-0-51 Corporate Finance,Auto-closed by scheduling integration.,,13
INC0202415,2026-05-01 06:10:18,2026-05-01 06:39:18,25Live,WIE-343,Wieboldt Hall,Classroom Scheduling,Room reservation sync,ACCT-410-0-51 Financial Accounting,Auto-closed by scheduling integration.,,25
INC0200474,2026-05-01 07:17:00,2026-05-01 07:50:00,Student3938579,WIE-142,Wieboldt Hall,AV Technical Support,No display / HDMI handshake,Projector shows brief image then drops to black screen repeatedly.,Replaced worn HDMI cable at podium wall plate.,A. Okafor,33
INC0201175,2026-05-01 07:33:23,2026-05-01 07:36:23,25Live,WIE-343,Wieboldt Hall,Classroom Scheduling,Room reservation sync,Student Club Panel Event,Auto-closed by scheduling integration.,,10
INC0200452,2026-05-01 11:26:00,2026-05-10 09:20:00,Student4121349,,Wieboldt Hall,AV Technical Support,No display / HDMI handshake,Podium PC displays on confidence monitor but projector screen is black.,Manually forced input on switcher; EDID re-handshake resolved the black screen.,J. Whitfield,12834
INC0200037,2026-05-01 17:06:00,2026-05-01 18:18:00,Faculty8917519,WIE-105,Wieboldt Hall,Lecture Capture,Recording failed / not captured,Capture appliance offline; last three scheduled recordings missing.,Recovered local backup recording and uploaded to course folder.,D. Lindqvist,72
INC0200658,2026-05-01 20:01:00,2026-05-07 20:26:00,Faculty6280336,WIE-312,Wieboldt Hall,AV Technical Support,Input switching failure,Instructor unable to switch between laptop and PC mid-class.,Matrix switcher front-panel override cleared; touch panel control restored.,K. Duval,8665
INC0202102,2026-05-02 05:10:15,,25Live,WIE-142,Wieboldt Hall,Classroom Scheduling,Room reservation sync,Admissions Information Session,,,
INC0201979,2026-05-02 05:52:01,2026-05-02 05:56:01,25Live,WIE-537,Wieboldt Hall,Classroom Scheduling,Room reservation sync,OPNS-430-0-62 Operations Management,Auto-closed by scheduling integration.,,8
INC0201788,2026-05-02 05:54:10,2026-05-02 05:57:10,25Live,WIE-110,Wieboldt Hall,Classroom Scheduling,Room reservation sync,MKTG-450-0-61 Brand Strategy,Auto-closed by scheduling integration.,,6
INC0202108,2026-05-02 06:26:01,,25Live,WIE-251,Wieboldt Hall,Classroom Scheduling,Room reservation sync,DECS-433-0-61 Business Analytics,,,
INC0200845,2026-05-02 06:33:02,2026-05-02 06:46:02,25Live,WIE-306,Wieboldt Hall,Classroom Scheduling,Room reservation sync,Executive Education Workshop,Auto-closed by scheduling integration.,,24
INC0201634,2026-05-03 05:28:31,2026-05-03 05:40:31,25Live,WIE-251,Wieboldt Hall,Classroom Scheduling,Room reservation sync,MECN-425-0-52 Managerial Economics,Auto-closed by scheduling integration.,,23
INC0202371,2026-05-03 05:59:47,2026-05-03 06:00:47,25Live,WIE-312,Wieboldt Hall,Classroom Scheduling,Room reservation sync,Executive Education Workshop,Auto-closed by scheduling integration.,,19
INC0200117,2026-05-03 07:35:00,2026-05-04 00:11:00,Staff3367410,WIE-355,Wieboldt Hall,AV Technical Support,Audio / microphone,Wireless mic static and dropouts near front of room.,Swapped faulty bodypack transmitter with spare unit.,M. Reyes,996
INC0200253,2026-05-03 13:06:00,2026-05-10 18:06:00,Faculty3318121,WIE-251,Wieboldt Hall,Lecture Capture,Recording failed / not captured,Recording stopped 20 minutes into class; remainder not captured.,Restarted capture appliance; verified next scheduled recording completed.,J. Whitfield,10380
INC0201039,2026-05-04 05:38:21,,25Live,WIE-312,Wieboldt Hall,Classroom Scheduling,Room reservation sync,MECN-425-0-52 Managerial Economics,,,
INC0202021,2026-05-04 06:14:01,2026-05-04 06:15:01,25Live,WIE-343,Wieboldt Hall,Classroom Scheduling,Room reservation sync,MKTG-450-0-61 Brand Strategy,Auto-closed by scheduling integration.,,24
INC0200233,2026-05-04 15:07:00,2026-05-05 19:18:00,Student2305484,WIE-412,Wieboldt Hall,Lecture Capture,Capture scheduling / setup,One-time recording request for guest lecture.,Created recurring capture schedule; confirmed first recording with instructor.,D. Lindqvist,1691
INC0200447,2026-05-04 15:29:00,2026-05-09 14:03:00,Student7838609,WIE-205,Wieboldt Hall,Setup & Configuration,Event / class AV setup,AV setup requested for admissions information session.,Configured room for panel format; struck equipment after event.,A. Okafor,7114
INC0200432,2026-05-04 15:51:00,2026-05-04 20:56:00,Staff768093,,Wieboldt Hall,AV Technical Support,Audio / microphone,Program audio works but mic audio not reinforced in room.,Reset DSP to default preset; room audio normal.,D. Lindqvist,305
INC0200707,2026-05-04 16:22:00,2026-05-26 00:53:00,Faculty274153,WIE-251,Wieboldt Hall,Equipment Maintenance & Repair,Preventative maintenance,Quarterly AV preventative maintenance check.,Room verified ready; minor cable management performed.,J. Whitfield,30751
INC0200450,2026-05-04 18:38:00,2026-05-05 20:18:00,Student1769513,WIE-110,Wieboldt Hall,Setup & Configuration,Event / class AV setup,Panel discussion: three handhelds and confidence monitor requested.,Provided requested microphones; staffed first 15 minutes of event.,S. Patel,1540
INC0200476,2026-05-04 18:46:00,2026-05-18 09:17:00,Staff949013,WIE-251,Wieboldt Hall,Setup & Configuration,Event / class AV setup,Microphone and projector setup for guest speaker event.,Configured room for panel format; struck equipment after event.,T. Nakamura,19591
INC0200746,2026-05-05 05:14:01,2026-05-05 05:42:01,25Live,WIE-110,Wieboldt Hall,Classroom Scheduling,Room reservation sync,ACCT-410-0-51 Financial Accounting,Auto-closed by scheduling integration.,,5
INC0200774,2026-05-05 05:15:10,2026-05-05 05:26:10,25Live,WIE-105,Wieboldt Hall,Classroom Scheduling,Room reservation sync,Student Club Panel Event,Auto-closed by scheduling integration.,,19
INC0201194,2026-05-05 05:24:22,2026-05-05 05:31:22,25Live,WIE-148,Wieboldt Hall,Classroom Scheduling,Room reservation sync,Room Hold — Facilities,Auto-closed by scheduling integration.,,22
INC0201308,2026-05-05 05:29:26,2026-05-05 05:54:26,25Live,WIE-110,Wieboldt Hall,Classroom Scheduling,Room reservation sync,Executive Education Workshop,Auto-closed by scheduling integration.,,17
INC0201754,2026-05-05 05:30:39,2026-05-05 05:50:39,25Live,WIE-142,Wieboldt Hall,Classroom Scheduling,Room reservation sync,Room Hold — Facilities,Auto-closed by scheduling integration.,,11
INC0202407,2026-05-05 06:21:08,2026-05-05 06:28:08,25Live,WIE-355,Wieboldt Hall,Classroom Scheduling,Room reservation sync,Leadership Coaching Session,Auto-closed by scheduling integration.,,13
INC0201020,2026-05-05 06:38:21,2026-05-05 06:56:21,25Live,WIE-105,Wieboldt Hall,Classroom Scheduling,Room reservation sync,Student Club Panel Event,Auto-closed by scheduling integration.,,6
INC0200825,2026-05-05 06:51:34,2026-05-05 07:03:34,25Live,WIE-251,Wieboldt Hall,Classroom Scheduling,Room reservation sync,Student Club Panel Event,Auto-closed by scheduling integration.,,17
INC0201179,2026-05-05 07:35:59,2026-05-05 07:54:59,25Live,WIE-105,Wieboldt Hall,Classroom Scheduling,Room reservation sync,Leadership Coaching Session,Auto-closed by scheduling integration.,,10
INC0202536,2026-05-05 07:44:42,2026-05-05 08:08:42,25Live,WIE-105,Wieboldt Hall,Classroom Scheduling,Room reservation sync,ACCT-410-0-51 Financial Accounting,Auto-closed by scheduling integration.,,12
INC0200692,2026-05-05 10:51:00,2026-05-05 16:24:00,Staff6619094,WIE-251,Wieboldt Hall,lecture capture,Recording failed / not captured,Capture appliance offline; last three scheduled recordings missing.,Recovered local backup recording and uploaded to course folder.,A. Okafor,333
INC0200418,2026-05-05 12:07:00,2026-05-05 12:10:00,Faculty2103201,WIE-251,Wieboldt Hall,AV Technical Support,Input switching failure,Room stuck on document camera input; cannot switch back to podium PC.,Matrix switcher front-panel override cleared; touch panel control restored.,T. Nakamura,3
INC0200601,2026-05-05 14:40:00,2026-05-06 21:34:00,Student6285149,WIE-537,Wieboldt Hall,Consultation,AV consultation / training,New faculty member requests walkthrough of classroom AV system.,Provided 30-minute room orientation; left quick-reference guide.,L. Ferreira,1854
INC0200348,2026-05-05 18:44:00,2026-05-07 03:09:00,Staff9568494,WIE-251,Wieboldt Hall,Equipment Maintenance & Repair,Projector lamp / image quality,"Projector filter warning on startup, image flickering.",Scheduled projector replacement; loaner cart provided in interim.,S. Patel,1945
INC0200605,2026-05-05 20:22:00,2026-05-07 22:58:00,Faculty3768011,WIE-105,Wieboldt Hall,AV Technical Support,Audio / microphone,Wireless mic static and dropouts near front of room.,Reset DSP to default preset; room audio normal.,L. Ferreira,3036
INC0201425,2026-05-06 05:14:08,2026-05-06 05:19:08,25Live,WIE-312,Wieboldt Hall,Classroom Scheduling,Room reservation sync,Leadership Coaching Session,Auto-closed by scheduling integration.,,21
INC0201769,2026-05-06 05:44:02,2026-05-06 06:10:02,25Live,WIE-352,Wieboldt Hall,Classroom Scheduling,Room reservation sync,STRT-452-0-71 Competitive Strategy,Auto-closed by scheduling integration.,,20
INC0201799,2026-05-06 05:52:48,2026-05-06 06:06:48,25Live,WIE-142,Wieboldt Hall,Classroom Scheduling,Room reservation sync,Admissions Information Session,Auto-closed by scheduling integration.,,20
INC0201234,2026-05-06 06:05:20,2026-05-06 06:11:20,25Live,WIE-205,Wieboldt Hall,Classroom Scheduling,Room reservation sync,Faculty Meeting,Auto-closed by scheduling integration.,,21
INC0202065,2026-05-06 06:19:22,2026-05-06 06:26:22,25Live,WIE-251,Wieboldt Hall,Classroom Scheduling,Room reservation sync,ACCT-410-0-51 Financial Accounting,Auto-closed by scheduling integration.,,20
INC0201368,2026-05-06 06:26:50,2026-05-06 06:51:50,25Live,WIE-508,Wieboldt Hall,Classroom Scheduling,Room reservation sync,DECS-433-0-61 Business Analytics,Auto-closed by scheduling integration.,,9
INC0200689,2026-05-06 14:43:00,2026-05-07 10:32:00,Staff5395043,,Wieboldt Hall,Equipment Maintenance & Repair,Preventative maintenance,Firmware update window for control devices.,Room verified ready; minor cable management performed.,M. Reyes,1189
INC0200451,2026-05-06 14:55:00,2026-05-06 15:42:00,Student7333256,WIE-110,Wieboldt Hall,Setup & Configuration,Event / class AV setup,Panel discussion: three handhelds and confidence monitor requested.,Provided requested microphones; staffed first 15 minutes of event.,J. Whitfield,47
INC0200105,2026-05-06 21:08:00,2026-05-06 22:24:00,Faculty6393035,,Wieboldt Hall,Webconferencing,Zoom/Teams AV routing,Zoom shows wrong camera; instructor blocked at class start.,Selected correct USB bridge as mic/speaker in Zoom; verified with test call.,J. Whitfield,76
INC0200952,2026-05-07 05:11:32,,25Live,WIE-205,Wieboldt Hall,Classroom Scheduling,Room reservation sync,STRT-452-0-71 Competitive Strategy,,,
INC0201254,2026-05-07 05:25:50,2026-05-07 05:33:50,25Live,WIE-258,Wieboldt Hall,Classroom Scheduling,Room reservation sync,OPNS-430-0-62 Operations Management,Auto-closed by scheduling integration.,,11
INC0201209,2026-05-07 05:26:34,,25Live,WIE-343,Wieboldt Hall,Classroom Scheduling,Room reservation sync,Executive Education Workshop,,,
INC0201958,2026-05-07 06:30:16,2026-05-07 06:43:16,25Live,WIE-455,Wieboldt Hall,Classroom Scheduling,Room reservation sync,FINC-430-0-51 Corporate Finance,Auto-closed by scheduling integration.,,1
INC0201783,2026-05-07 07:26:13,2026-05-07 07:28:13,25Live,WIE-355,Wieboldt Hall,Classroom Scheduling,Room reservation sync,OPNS-430-0-62 Operations Management,Auto-closed by scheduling integration.,,11
INC0200697,2026-05-07 12:15:00,2026-05-07 19:45:00,Staff5635257,,Wieboldt Hall,AV Technical Support,No display / HDMI handshake,Podium PC displays on confidence monitor but projector screen is black.,Manually forced input on switcher; EDID re-handshake resolved the black screen.,A. Okafor,450
INC0200314,2026-05-07 13:11:00,2026-05-11 12:56:00,Faculty2672402,,Wieboldt Hall,AV Technical Support,Audio / microphone,Lavalier mic cutting out intermittently during lecture.,Replaced batteries in bodypack; instructed on charging dock use.,A. Okafor,5745
INC0200210,2026-05-07 20:43:00,2026-06-20 04:16:00,Faculty4611594,,Wieboldt Hall,Lecture Capture,Capture scheduling / setup,One-time recording request for guest lecture.,Created recurring capture schedule; confirmed first recording with instructor.,A. Okafor,62373
INC0201193,2026-05-08 05:26:24,2026-05-08 05:48:24,25Live,WIE-306,Wieboldt Hall,Classroom Scheduling,Room reservation sync,ACCT-410-0-51 Financial Accounting,Auto-closed by scheduling integration.,,15
INC0202358,2026-05-08 05:31:23,2026-05-08 05:46:23,25Live,WIE-148,Wieboldt Hall,Classroom Scheduling,Room reservation sync,MECN-425-0-52 Managerial Economics,Auto-closed by scheduling integration.,,20
INC0200838,2026-05-08 06:53:44,2026-05-08 07:07:44,25Live,WIE-355,Wieboldt Hall,Classroom Scheduling,Room reservation sync,Executive Education Workshop,Auto-closed by scheduling integration.,,4
INC0201916,2026-05-08 07:39:02,2026-05-08 08:03:02,25Live,WIE-251,Wieboldt Hall,Classroom Scheduling,Room reservation sync,DECS-433-0-61 Business Analytics,Auto-closed by scheduling integration.,,15
INC0200662,2026-05-08 10:57:00,2026-05-08 15:13:00,Faculty3877120,WIE-355,Wieboldt Hall,AV Technical Support,Podium PC / login,Instructor cannot log in to podium PC with NetID.,Re-joined machine to domain; login verified.,M. Reyes,256
INC0200227,2026-05-08 13:47:00,2026-05-08 21:53:00,Staff4172569,WIE-148,Wieboldt Hall,AV Technical Support,No display / HDMI handshake,Projector shows brief image then drops to black screen repeatedly.,Replaced worn HDMI cable at podium wall plate.,D. Lindqvist,486
INC0200442,2026-05-08 20:38:00,2026-05-08 21:33:00,Faculty2313056,WIE-312,Wieboldt Hall,Webconferencing,Zoom/Teams AV routing,Remote participants cannot hear in-room audio on Zoom call.,Set camera preset and saved default; walked instructor through controls.,J. Whitfield,55
INC0201664,2026-05-09 05:15:23,2026-05-09 05:40:23,25Live,WIE-142,Wieboldt Hall,Classroom Scheduling,Room reservation sync,MKTG-450-0-61 Brand Strategy,Auto-closed by scheduling integration.,,9
INC0200948,2026-05-09 05:55:21,2026-05-09 06:21:21,25Live,WIE-148,Wieboldt Hall,Classroom Scheduling,Room reservation sync,Admissions Information Session,Auto-closed by scheduling integration.,,4
INC0200443,2026-05-09 20:54:00,,Faculty7239527,WIE-312,Wieboldt Hall,Webconferencing,Zoom/Teams AV routing,Camera feed not appearing in Teams; shows black tile.,,A. Okafor,
INC0202285,2026-05-10 05:08:08,2026-05-10 05:32:08,25Live,WIE-312,Wieboldt Hall,Classroom Scheduling,Room reservation sync,Admissions Information Session,Auto-closed by scheduling integration.,,9
INC0201524,2026-05-10 05:32:18,2026-05-10 05:49:18,25Live,WIE-142,Wieboldt Hall,Classroom Scheduling,Room reservation sync,Room Hold — Facilities,Auto-closed by scheduling integration.,,14
INC0200820,2026-05-10 06:29:42,2026-05-10 06:33:42,25Live,WIE-355,Wieboldt Hall,Classroom Scheduling,Room reservation sync,OPNS-430-0-62 Operations Management,Auto-closed by scheduling integration.,,25
INC0200693,2026-05-10 08:40:00,2026-05-18 01:40:00,Faculty6290601,WIE-251,Wieboldt Hall,Lecture Capture,Recording failed / not captured,Capture appliance offline; last three scheduled recordings missing.,Recovered local backup recording and uploaded to course folder.,T. Nakamura,11100
INC0200106,2026-05-10 11:36:00,2026-05-10 15:28:00,Faculty7748406,WIE-246,Wieboldt Hall,Webconferencing,Zoom/Teams AV routing,Zoom shows wrong camera; instructor blocked at class start.,Re-seated USB extender at podium; camera re-enumerated in Teams.,D. Lindqvist,232
INC0200239,2026-05-10 19:24:00,2026-05-10 21:05:00,Staff4217026,WIE-343,Wieboldt Hall,AV Technical Support,Input switching failure,Touch panel input selection not changing projector source.,Walked instructor through manual input selection; scheduled switcher config review.,R. Calloway,101
INC0201161,2026-05-11 07:00:15,2026-05-11 07:03:15,25Live,WIE-537,Wieboldt Hall,Classroom Scheduling,Room reservation sync,Faculty Meeting,Auto-closed by scheduling integration.,,25
INC0202169,2026-05-11 07:05:11,2026-05-11 07:06:11,25Live,WIE-205,Wieboldt Hall,Classroom Scheduling,Room reservation sync,ACCT-410-0-51 Financial Accounting,Auto-closed by scheduling integration.,,26
INC0200083,2026-05-11 11:37:00,2026-06-02 00:27:00,Faculty5481454,WIE-148,Wieboldt Hall,Setup & Configuration,Event / class AV setup,AV setup requested for admissions information session.,Configured room for panel format; struck equipment after event.,S. Patel,31010
INC0200234,2026-05-11 14:59:00,2026-05-11 15:29:00,Student6447107,WIE-412,Wieboldt Hall,Lecture Capture,Capture scheduling / setup,Course recordings publishing to wrong folder; permissions need correction.,Re-mapped publishing folder and corrected course role permissions.,S. Patel,30
INC0201262,2026-05-12 05:03:38,2026-05-12 05:10:38,25Live,WIE-312,Wieboldt Hall,Classroom Scheduling,Room reservation sync,MKTG-450-0-61 Brand Strategy,Auto-closed by scheduling integration.,,21
INC0201644,2026-05-12 05:14:44,2026-05-12 05:27:44,25Live,WIE-508,Wieboldt Hall,Classroom Scheduling,Room reservation sync,MKTG-450-0-61 Brand Strategy,Auto-closed by scheduling integration.,,19
INC0202448,2026-05-12 06:06:37,2026-05-12 06:28:37,25Live,WIE-142,Wieboldt Hall,Classroom Scheduling,Room reservation sync,Room Hold — Facilities,Auto-closed by scheduling integration.,,27
INC0202011,2026-05-12 06:06:57,,25Live,WIE-142,Wieboldt Hall,Classroom Scheduling,Room reservation sync,Faculty Meeting,,,
INC0200953,2026-05-12 06:12:44,2026-05-12 06:16:44,25Live,WIE-343,Wieboldt Hall,Classroom Scheduling,Room reservation sync,MKTG-450-0-61 Brand Strategy,Auto-closed by scheduling integration.,,7
INC0201832,2026-05-12 06:12:55,2026-05-12 06:34:55,25Live,WIE-142,Wieboldt Hall,Classroom Scheduling,Room reservation sync,OPNS-430-0-62 Operations Management,Auto-closed by scheduling integration.,,16
INC0200899,2026-05-12 06:17:26,,25Live,WIE-251,Wieboldt Hall,Classroom Scheduling,Room reservation sync,Room Hold — Facilities,,,
INC0201327,2026-05-12 07:11:34,2026-05-12 07:33:34,25Live,WIE-105,Wieboldt Hall,Classroom Scheduling,Room reservation sync,MORS-470-0-51 Negotiations,Auto-closed by scheduling integration.,,1
INC0201374,2026-05-12 07:52:07,2026-05-12 08:18:07,25Live,WIE-251,Wieboldt Hall,Classroom Scheduling,Room reservation sync,OPNS-430-0-62 Operations Management,Auto-closed by scheduling integration.,,3
INC0200681,2026-05-12 10:22:00,2026-05-12 10:46:00,Faculty1838518,,Wieboldt Hall,AV Technical Support,Input switching failure,Touch panel input selection not changing projector source.,Matrix switcher front-panel override cleared; touch panel control restored.,M. Reyes,24
INC0200345,2026-05-12 10:50:00,2026-05-12 15:37:00,Staff8462019,WIE-312,Wieboldt Hall,AV Technical Support,No display / HDMI handshake,Projector shows brief image then drops to black screen repeatedly.,Rebooted control processor; input routing restored after reload.,E. Marsh,287
INC0200422,2026-05-12 16:26:00,2026-05-17 04:17:00,Student2727341,WIE-441,Wieboldt Hall,Equipment Maintenance & Repair,Projector lamp / image quality,"Yellow tint on projected image, worse on left side.",Cleaned filter and reset lamp hours counter.,T. Nakamura,6471
INC0200528,2026-05-12 16:45:00,,Faculty7999367,WIE-246,Wieboldt Hall,Setup & Configuration,Event / class AV setup,Panel discussion: three handhelds and confidence monitor requested.,,D. Lindqvist,
INC0200180,2026-05-12 20:00:00,2026-05-13 11:21:00,Faculty4684126,WIE-355,Wieboldt Hall,Equipment Maintenance & Repair,Preventative maintenance,Quarterly AV preventative maintenance check.,Completed PM checklist; all systems nominal.,J. Whitfield,921
INC0201581,2026-05-13 05:55:58,2026-05-13 06:00:58,25Live,WIE-105,Wieboldt Hall,Classroom Scheduling,Room reservation sync,FINC-430-0-51 Corporate Finance,Auto-closed by scheduling integration.,,13
INC0201050,2026-05-13 05:58:15,2026-05-13 06:26:15,25Live,WIE-142,Wieboldt Hall,Classroom Scheduling,Room reservation sync,STRT-452-0-71 Competitive Strategy,Auto-closed by scheduling integration.,,7
INC0202093,2026-05-13 06:37:37,2026-05-13 06:55:37,25Live,WIE-508,Wieboldt Hall,Classroom Scheduling,Room reservation sync,MKTG-450-0-61 Brand Strategy,Auto-closed by scheduling integration.,,12
INC0200995,2026-05-13 06:53:10,2026-05-13 07:06:10,25Live,WIE-142,Wieboldt Hall,Classroom Scheduling,Room reservation sync,Leadership Coaching Session,Auto-closed by scheduling integration.,,1
INC0201618,2026-05-13 06:56:44,2026-05-13 07:01:44,25Live,WIE-205,Wieboldt Hall,Classroom Scheduling,Room reservation sync,OPNS-430-0-62 Operations Management,Auto-closed by scheduling integration.,,17
INC0202056,2026-05-13 06:58:13,2026-05-13 07:24:13,25Live,WIE-312,Wieboldt Hall,Classroom Scheduling,Room reservation sync,MORS-470-0-51 Negotiations,Auto-closed by scheduling integration.,,7
INC0201561,2026-05-13 07:16:46,2026-05-13 07:40:46,25Live,WIE-306,Wieboldt Hall,Classroom Scheduling,Room reservation sync,MECN-425-0-52 Managerial Economics,Auto-closed by scheduling integration.,,4
INC0200038,2026-05-13 11:54:00,2026-07-14 17:01:00,Faculty7713371,WIE-105,Wieboldt Hall,Lecture Capture,Recording failed / not captured,Capture appliance offline; last three scheduled recordings missing.,Corrected room calendar mapping in capture scheduler.,A. Okafor,89587
INC0200318,2026-05-13 12:26:00,2026-05-18 02:58:00,Faculty529109,,Wieboldt Hall,Equipment Maintenance & Repair,Projector lamp / image quality,"Yellow tint on projected image, worse on left side.",Scheduled projector replacement; loaner cart provided in interim.,M. Reyes,6632
INC0200730,2026-05-13 12:46:00,,Faculty1398618,,Wieboldt Hall,Equipment Maintenance & Repair,Projector lamp / image quality,"Projector filter warning on startup, image flickering.",,A. Okafor,
INC0200659,2026-05-13 13:07:00,2026-05-13 18:50:00,Faculty5721292,WIE-312,Wieboldt Hall,AV Technical Support,Input switching failure,Room stuck on document camera input; cannot switch back to podium PC.,Reloaded control program; input switching functional.,M. Reyes,343
INC0200020,2026-05-13 18:34:00,2026-05-13 20:19:00,Student3541037,,Wieboldt Hall,AV Technical Support,No display / HDMI handshake,Podium PC displays on confidence monitor but projector screen is black.,Rebooted control processor; input routing restored after reload.,A. Okafor,105
INC0202003,2026-05-14 05:22:43,2026-05-14 05:45:43,25Live,WIE-258,Wieboldt Hall,Classroom Scheduling,Room reservation sync,Faculty Meeting,Auto-closed by scheduling integration.,,2
INC0201636,2026-05-14 05:25:12,2026-05-14 05:26:12,25Live,WIE-312,Wieboldt Hall,Classroom Scheduling,Room reservation sync,Room Hold — Facilities,Auto-closed by scheduling integration.,,2
INC0202329,2026-05-14 05:43:52,,25Live,WIE-537,Wieboldt Hall,Classroom Scheduling,Room reservation sync,Student Club Panel Event,,,
INC0200760,2026-05-14 06:12:37,2026-05-14 06:38:37,25Live,WIE-142,Wieboldt Hall,Classroom Scheduling,Room reservation sync,Faculty Meeting,Auto-closed by scheduling integration.,,15
INC0202462,2026-05-14 07:11:28,2026-05-14 07:32:28,25Live,WIE-105,Wieboldt Hall,Classroom Scheduling,Room reservation sync,DECS-433-0-61 Business Analytics,Auto-closed by scheduling integration.,,5
INC0200195,2026-05-14 09:45:00,2026-05-14 12:55:00,Faculty1870294,WIE-537,Wieboldt Hall,AV Technical Support,Audio / microphone,Lavalier mic cutting out intermittently during lecture.,Swapped faulty bodypack transmitter with spare unit.,S. Patel,190
INC0200660,2026-05-14 11:48:00,2026-05-17 08:52:00,Student1355183,,Wieboldt Hall,AV Technical Support,Input switching failure,Touch panel input selection not changing projector source.,Reloaded control program; input switching functional.,D. Lindqvist,4144
INC0200789,2026-05-15 05:18:00,2026-05-15 05:38:00,25Live,WIE-508,Wieboldt Hall,Classroom Scheduling,Room reservation sync,FINC-430-0-51 Corporate Finance,Auto-closed by scheduling integration.,,1
INC0202434,2026-05-15 05:21:14,,25Live,WIE-312,Wieboldt Hall,Classroom Scheduling,Room reservation sync,MKTG-450-0-61 Brand Strategy,,,
INC0200857,2026-05-15 05:36:05,2026-05-15 05:47:05,25Live,WIE-318,Wieboldt Hall,Classroom Scheduling,Room reservation sync,DECS-433-0-61 Business Analytics,Auto-closed by scheduling integration.,,27
INC0202268,2026-05-15 05:43:30,2026-05-15 05:54:30,25Live,WIE-105,Wieboldt Hall,Classroom Scheduling,Room reservation sync,Room Hold — Facilities,Auto-closed by scheduling integration.,,3
INC0201537,2026-05-15 05:44:33,2026-05-15 05:57:33,25Live,WIE-343,Wieboldt Hall,Classroom Scheduling,Room reservation sync,MORS-470-0-51 Negotiations,Auto-closed by scheduling integration.,,4
INC0200807,2026-05-15 05:55:09,,25Live,WIE-355,Wieboldt Hall,Classroom Scheduling,Room reservation sync,MORS-470-0-51 Negotiations,,,
INC0202445,2026-05-15 07:13:20,,25Live,WIE-110,Wieboldt Hall,Classroom Scheduling,Room reservation sync,FINC-430-0-51 Corporate Finance,,,
INC0201119,2026-05-15 07:21:40,2026-05-15 07:43:40,25Live,WIE-110,Wieboldt Hall,Classroom Scheduling,Room reservation sync,MECN-425-0-52 Managerial Economics,Auto-closed by scheduling integration.,,22
INC0201807,2026-05-15 07:32:39,2026-05-15 08:01:39,25Live,WIE-110,Wieboldt Hall,Classroom Scheduling,Room reservation sync,Faculty Meeting,Auto-closed by scheduling integration.,,29
INC0200682,2026-05-15 09:53:00,2026-05-15 10:39:00,Staff209656,WIE-312,Wieboldt Hall,AV Technical Support,Input switching failure,Room stuck on document camera input; cannot switch back to podium PC.,Reloaded control program; input switching functional.,M. Reyes,46
INC0200624,2026-05-15 20:26:00,2026-05-22 05:18:00,Faculty8008284,WIE-352,Wieboldt Hall,Equipment Maintenance & Repair,Projector lamp / image quality,"Projector image noticeably dim, colors washed out.",Scheduled projector replacement; loaner cart provided in interim.,S. Patel,9172
INC0201441,2026-05-16 05:09:05,2026-05-16 05:21:05,25Live,WIE-318,Wieboldt Hall,Classroom Scheduling,Room reservation sync,Leadership Coaching Session,Auto-closed by scheduling integration.,,8
INC0202174,2026-05-16 05:22:22,2026-05-16 05:30:22,25Live,WIE-352,Wieboldt Hall,Classroom Scheduling,Room reservation sync,MORS-470-0-51 Negotiations,Auto-closed by scheduling integration.,,9
INC0201207,2026-05-16 05:54:21,2026-05-16 06:06:21,25Live,WIE-148,Wieboldt Hall,Classroom Scheduling,Room reservation sync,STRT-452-0-71 Competitive Strategy,Auto-closed by scheduling integration.,,18
INC0201074,2026-05-16 06:00:07,2026-05-16 06:11:07,25Live,WIE-251,Wieboldt Hall,Classroom Scheduling,Room reservation sync,Student Club Panel Event,Auto-closed by scheduling integration.,,9
INC0201861,2026-05-16 07:35:04,2026-05-16 07:47:04,25Live,WIE-105,Wieboldt Hall,Classroom Scheduling,Room reservation sync,DECS-433-0-61 Business Analytics,Auto-closed by scheduling integration.,,18
INC0201247,2026-05-16 07:47:00,2026-05-16 07:56:00,25Live,WIE-105,Wieboldt Hall,Classroom Scheduling,Room reservation sync,ACCT-410-0-51 Financial Accounting,Auto-closed by scheduling integration.,,28
INC0200606,2026-05-16 11:57:00,2026-05-16 19:44:00,Staff530026,WIE-105,Wieboldt Hall,AV Technical Support,Audio / microphone,Laptop audio not playing through room speakers.,Swapped faulty bodypack transmitter with spare unit.,R. Calloway,467
INC0200118,2026-05-16 15:14:00,2026-05-16 18:12:00,Faculty2980143,WIE-355,Wieboldt Hall,AV Technical Support,Audio / microphone,Lavalier mic cutting out intermittently during lecture.,Reset DSP to default preset; room audio normal.,T. Nakamura,178
INC0200430,2026-05-17 08:11:00,2026-05-17 08:13:00,Staff2014112,,Wieboldt Hall,AV Technical Support,Audio / microphone,Wireless mic static and dropouts near front of room.,Corrected audio routing on touch panel; laptop audio restored.,M. Reyes,2
INC0200107,2026-05-17 13:15:00,2026-05-17 20:35:00,Student4781561,WIE-246,Wieboldt Hall,Webconferencing,Zoom/Teams AV routing,Remote participants cannot hear in-room audio on Zoom call.,Selected correct USB bridge as mic/speaker in Zoom; verified with test call.,D. Lindqvist,440
INC0200556,2026-05-17 14:17:00,2026-05-17 18:46:00,Staff3351011,,Wieboldt Hall,AV Technical Support,Audio / microphone,Lavalier mic cutting out intermittently during lecture.,Reset DSP to default preset; room audio normal.,A. Okafor,269
INC0201221,2026-05-18 05:48:10,,25Live,WIE-205,Wieboldt Hall,Classroom Scheduling,Room reservation sync,MORS-470-0-51 Negotiations,,,
INC0201580,2026-05-18 05:56:50,2026-05-18 06:22:50,25Live,WIE-142,Wieboldt Hall,Classroom Scheduling,Room reservation sync,DECS-433-0-61 Business Analytics,Auto-closed by scheduling integration.,,9
INC0202116,2026-05-18 06:27:54,2026-05-18 06:50:54,25Live,WIE-508,Wieboldt Hall,Classroom Scheduling,Room reservation sync,ACCT-410-0-51 Financial Accounting,Auto-closed by scheduling integration.,,20
INC0200557,2026-05-18 12:47:00,2026-05-18 15:26:00,Student6999211,WIE-355,Wieboldt Hall,AV Technical Support,Audio / microphone,Program audio works but mic audio not reinforced in room.,Reset DSP to default preset; room audio normal.,T. Nakamura,159
INC0200458,2026-05-18 14:34:00,2026-05-18 19:59:00,Student5471185,WIE-537,Wieboldt Hall,Webconferencing,Zoom/Teams AV routing,Camera feed not appearing in Teams; shows black tile.,Set camera preset and saved default; walked instructor through controls.,R. Calloway,325
INC0200237,2026-05-18 14:56:00,2026-05-22 08:40:00,Faculty3375547,,Wieboldt Hall,Webconferencing,Zoom/Teams AV routing,Hybrid class: in-room students cannot hear remote participants.,Set camera preset and saved default; walked instructor through controls.,R. Calloway,5384
INC0200462,2026-05-18 18:13:00,2026-05-18 20:02:00,Staff6281374,WIE-110,Wieboldt Hall,AV Technical Support,No display / HDMI handshake,Projector shows brief image then drops to black screen repeatedly.,Power-cycled matrix switcher and re-seated HDMI at podium; signal restored.,A. Okafor,109
INC0201771,2026-05-19 05:06:11,,25Live,WIE-246,Wieboldt Hall,Classroom Scheduling,Room reservation sync,DECS-433-0-61 Business Analytics,,,
INC0200802,2026-05-19 05:54:15,2026-05-19 06:00:15,25Live,WIE-246,Wieboldt Hall,Classroom Scheduling,Room reservation sync,MECN-425-0-52 Managerial Economics,Auto-closed by scheduling integration.,,17
INC0201815,2026-05-19 06:06:54,2026-05-19 06:27:54,25Live,WIE-142,Wieboldt Hall,Classroom Scheduling,Room reservation sync,STRT-452-0-71 Competitive Strategy,Auto-closed by scheduling integration.,,25
INC0201746,2026-05-19 06:17:24,2026-05-19 06:42:24,25Live,WIE-246,Wieboldt Hall,Classroom Scheduling,Room reservation sync,FINC-430-0-51 Corporate Finance,Auto-closed by scheduling integration.,,5
INC0201658,2026-05-19 06:17:46,2026-05-19 06:42:46,25Live,WIE-110,Wieboldt Hall,Classroom Scheduling,Room reservation sync,Executive Education Workshop,Auto-closed by scheduling integration.,,11
INC0201697,2026-05-19 06:30:55,2026-05-19 06:56:55,25Live,WIE-343,Wieboldt Hall,Classroom Scheduling,Room reservation sync,Room Hold — Facilities,Auto-closed by scheduling integration.,,21
INC0201406,2026-05-19 07:01:49,2026-05-19 07:06:49,25Live,WIE-246,Wieboldt Hall,Classroom Scheduling,Room reservation sync,MECN-425-0-52 Managerial Economics,Auto-closed by scheduling integration.,,25
INC0202187,2026-05-19 07:06:20,2026-05-19 07:13:20,25Live,WIE-306,Wieboldt Hall,Classroom Scheduling,Room reservation sync,Student Club Panel Event,Auto-closed by scheduling integration.,,7
INC0201666,2026-05-19 07:52:07,2026-05-19 08:02:07,25Live,WIE-343,Wieboldt Hall,Classroom Scheduling,Room reservation sync,ACCT-410-0-51 Financial Accounting,Auto-closed by scheduling integration.,,7
INC0200507,2026-05-19 12:19:00,2026-05-21 00:43:00,Faculty1597188,WIE-148,Wieboldt Hall,Webconferencing,Camera / PTZ,PTZ camera not responding to touch panel presets.,Restored camera presets from backup; tracking verified.,D. Lindqvist,2184
INC0200228,2026-05-19 12:53:00,2026-05-20 06:09:00,Faculty8223431,,Wieboldt Hall,AV Technical Support,No display / HDMI handshake,Podium PC displays on confidence monitor but projector screen is black.,Power-cycled matrix switcher and re-seated HDMI at podium; signal restored.,J. Whitfield,1036
INC0200181,2026-05-19 13:47:00,2026-06-09 07:54:00,Faculty2241359,WIE-352,Wieboldt Hall,Lecture Capture,Recording failed / not captured,Lecture recording missing audio track for full session.,Recovered local backup recording and uploaded to course folder.,A. Okafor,29887
INC0200021,2026-05-19 13:55:00,2026-05-19 14:05:00,Student6855655,WIE-142,Wieboldt Hall,AV Technical Support,No display / HDMI handshake,Instructor laptop connected via HDMI but projector shows 'No Signal'.,Manually forced input on switcher; EDID re-handshake resolved the black screen.,J. Whitfield,10
INC0200698,2026-05-19 14:55:00,2026-05-23 18:08:00,Faculty5372527,WIE-142,Wieboldt Hall,AV Technical Support,No display / HDMI handshake,Projector shows brief image then drops to black screen repeatedly.,Rebooted control processor; input routing restored after reload.,D. Lindqvist,5953
INC0200317,2026-05-19 18:27:00,2026-05-31 21:20:00,Faculty2039459,WIE-251,Wieboldt Hall,Lecture Capture,Capture scheduling / setup,Instructor requests recurring recording schedule for spring course.,Created recurring capture schedule; confirmed first recording with instructor.,L. Ferreira,17453
INC0202086,2026-05-20 05:08:17,2026-05-20 05:10:17,25Live,WIE-404,Wieboldt Hall,Classroom Scheduling,Room reservation sync,Student Club Panel Event,Auto-closed by scheduling integration.,,4
INC0200902,2026-05-20 05:11:34,2026-05-20 05:22:34,25Live,WIE-142,Wieboldt Hall,Classroom Scheduling,Room reservation sync,Student Club Panel Event,Auto-closed by scheduling integration.,,9
INC0201298,2026-05-20 06:27:21,2026-05-20 06:28:21,25Live,WIE-537,Wieboldt Hall,Classroom Scheduling,Room reservation sync,Room Hold — Facilities,Auto-closed by scheduling integration.,,26
INC0202344,2026-05-20 07:15:45,,25Live,WIE-343,Wieboldt Hall,Classroom Scheduling,Room reservation sync,DECS-433-0-61 Business Analytics,,,
INC0200444,2026-05-20 16:28:00,2026-05-20 16:31:00,Student6910585,,Wieboldt Hall,AV TECHNICAL SUPPORT,No display / HDMI handshake,Projector shows brief image then drops to black screen repeatedly.,Rebooted control processor; input routing restored after reload.,L. Ferreira,3
INC0200202,2026-05-20 17:43:00,2026-07-04 07:36:00,Staff7233073,WIE-246,Wieboldt Hall,Lecture Capture,Recording failed / not captured,Lecture recording missing audio track for full session.,Recovered local backup recording and uploaded to course folder.,L. Ferreira,64193
INC0200431,2026-05-20 18:53:00,2026-05-20 22:04:00,Staff4421242,WIE-205,Wieboldt Hall,AV Technical Support,Audio / microphone,Wireless mic static and dropouts near front of room.,Reset DSP to default preset; room audio normal.,E. Marsh,191
INC0200964,2026-05-21 05:11:13,,25Live,WIE-318,Wieboldt Hall,Classroom Scheduling,Room reservation sync,DECS-433-0-61 Business Analytics,,,
INC0201871,2026-05-21 05:18:24,2026-05-21 05:27:24,25Live,WIE-105,Wieboldt Hall,Classroom Scheduling,Room reservation sync,Leadership Coaching Session,Auto-closed by scheduling integration.,,25
INC0201595,2026-05-21 05:51:41,2026-05-21 06:13:41,25Live,WIE-455,Wieboldt Hall,Classroom Scheduling,Room reservation sync,ACCT-410-0-51 Financial Accounting,Auto-closed by scheduling integration.,,15
INC0201046,2026-05-21 07:07:01,,25Live,WIE-441,Wieboldt Hall,Classroom Scheduling,Room reservation sync,MECN-425-0-52 Managerial Economics,,,
INC0202028,2026-05-21 07:21:51,,25Live,WIE-258,Wieboldt Hall,Classroom Scheduling,Room reservation sync,Admissions Information Session,,,
INC0202072,2026-05-21 07:22:54,,25Live,WIE-306,Wieboldt Hall,Classroom Scheduling,Room reservation sync,Student Club Panel Event,,,
INC0201428,2026-05-21 07:36:58,2026-05-21 08:01:58,25Live,WIE-355,Wieboldt Hall,Classroom Scheduling,Room reservation sync,OPNS-430-0-62 Operations Management,Auto-closed by scheduling integration.,,14
INC0201305,2026-05-22 05:03:07,2026-05-22 05:30:07,25Live,WIE-110,Wieboldt Hall,Classroom Scheduling,Room reservation sync,MORS-470-0-51 Negotiations,Auto-closed by scheduling integration.,,17
INC0201485,2026-05-22 05:25:29,2026-05-22 05:52:29,25Live,WIE-105,Wieboldt Hall,Classroom Scheduling,Room reservation sync,MKTG-450-0-61 Brand Strategy,Auto-closed by scheduling integration.,,9
INC0201317,2026-05-22 06:05:38,,25Live,WIE-544,Wieboldt Hall,Classroom Scheduling,Room reservation sync,MKTG-450-0-61 Brand Strategy,,,
INC0201687,2026-05-22 06:29:02,2026-05-22 06:46:02,25Live,WIE-355,Wieboldt Hall,Classroom Scheduling,Room reservation sync,Admissions Information Session,Auto-closed by scheduling integration.,,16
INC0200854,2026-05-22 06:35:18,2026-05-22 07:00:18,25Live,WIE-110,Wieboldt Hall,Classroom Scheduling,Room reservation sync,MECN-425-0-52 Managerial Economics,Auto-closed by scheduling integration.,,13
INC0201296,2026-05-22 06:57:33,2026-05-22 07:02:33,25Live,WIE-148,Wieboldt Hall,Classroom Scheduling,Room reservation sync,Leadership Coaching Session,Auto-closed by scheduling integration.,,25
INC0202451,2026-05-22 07:04:49,2026-05-22 07:24:49,25Live,WIE-343,Wieboldt Hall,Classroom Scheduling,Room reservation sync,MORS-470-0-51 Negotiations,Auto-closed by scheduling integration.,,16
INC0201450,2026-05-22 07:09:13,2026-05-22 07:25:13,25Live,WIE-142,Wieboldt Hall,Classroom Scheduling,Room reservation sync,FINC-430-0-51 Corporate Finance,Auto-closed by scheduling integration.,,16
INC0201269,2026-05-22 07:56:39,2026-05-22 08:18:39,25Live,WIE-508,Wieboldt Hall,Classroom Scheduling,Room reservation sync,OPNS-430-0-62 Operations Management,Auto-closed by scheduling integration.,,20
INC0200196,2026-05-22 12:10:00,2026-05-23 23:35:00,Faculty9570415,WIE-537,Wieboldt Hall,AV Technical Support,Audio / microphone,Laptop audio not playing through room speakers.,Corrected audio routing on touch panel; laptop audio restored.,D. Lindqvist,2125
INC0201390,2026-05-23 05:26:56,2026-05-23 05:32:56,25Live,WIE-508,Wieboldt Hall,Classroom Scheduling,Room reservation sync,Student Club Panel Event,Auto-closed by scheduling integration.,,14
INC0200203,2026-05-23 19:04:00,2026-06-17 05:54:00,Faculty9726672,WIE-318,Wieboldt Hall,AV Technical Support,Audio / microphone,Program audio works but mic audio not reinforced in room.,Swapped faulty bodypack transmitter with spare unit.,A. Okafor,35210
INC0201936,2026-05-25 06:01:37,2026-05-25 06:10:37,25Live,WIE-508,Wieboldt Hall,Classroom Scheduling,Room reservation sync,Room Hold — Facilities,Auto-closed by scheduling integration.,,15
INC0201969,2026-05-25 06:12:26,2026-05-25 06:22:26,25Live,WIE-343,Wieboldt Hall,Classroom Scheduling,Room reservation sync,STRT-452-0-71 Competitive Strategy,Auto-closed by scheduling integration.,,12
INC0200182,2026-05-25 12:53:00,2026-05-26 15:00:00,Faculty9679128,,Wieboldt Hall,Lecture Capture,Recording failed / not captured,Scheduled class recording did not start; instructor reports no video in portal.,Recovered local backup recording and uploaded to course folder.,A. Okafor,1567
INC0200683,2026-05-25 16:33:00,2026-05-25 19:02:00,Student7381575,WIE-312,Wieboldt Hall,AV Technical Support,Input switching failure,Room stuck on document camera input; cannot switch back to podium PC.,Matrix switcher front-panel override cleared; touch panel control restored.,M. Reyes,149
INC0202325,2026-05-26 05:05:51,2026-05-26 05:22:51,25Live,WIE-521,Wieboldt Hall,Classroom Scheduling,Room reservation sync,Faculty Meeting,Auto-closed by scheduling integration.,,25
INC0202414,2026-05-26 05:06:17,2026-05-26 05:22:17,25Live,WIE-142,Wieboldt Hall,Classroom Scheduling,Room reservation sync,OPNS-430-0-62 Operations Management,Auto-closed by scheduling integration.,,8
INC0201835,2026-05-26 05:13:02,2026-05-26 05:35:02,25Live,WIE-306,Wieboldt Hall,Classroom Scheduling,Room reservation sync,MORS-470-0-51 Negotiations,Auto-closed by scheduling integration.,,25
INC0201211,2026-05-26 05:17:41,2026-05-26 05:36:41,25Live,WIE-343,Wieboldt Hall,Classroom Scheduling,Room reservation sync,STRT-452-0-71 Competitive Strategy,Auto-closed by scheduling integration.,,3
INC0201059,2026-05-26 05:34:38,2026-05-26 05:45:38,25Live,WIE-306,Wieboldt Hall,Classroom Scheduling,Room reservation sync,Room Hold — Facilities,Auto-closed by scheduling integration.,,16
INC0202017,2026-05-26 05:47:56,,25Live,WIE-352,Wieboldt Hall,Classroom Scheduling,Room reservation sync,FINC-430-0-51 Corporate Finance,,,
INC0202341,2026-05-26 05:48:54,,25Live,WIE-105,Wieboldt Hall,Classroom Scheduling,Room reservation sync,MKTG-450-0-61 Brand Strategy,,,
INC0202374,2026-05-26 05:51:58,,25Live,WIE-258,Wieboldt Hall,Classroom Scheduling,Room reservation sync,Room Hold — Facilities,,,
INC0202544,2026-05-26 05:52:16,2026-05-26 06:17:16,25Live,WIE-343,Wieboldt Hall,Classroom Scheduling,Room reservation sync,Leadership Coaching Session,Auto-closed by scheduling integration.,,7
INC0201544,2026-05-26 05:52:52,2026-05-26 06:01:52,25Live,WIE-258,Wieboldt Hall,Classroom Scheduling,Room reservation sync,Student Club Panel Event,Auto-closed by scheduling integration.,,19
INC0201757,2026-05-26 06:02:08,2026-05-26 06:20:08,25Live,WIE-343,Wieboldt Hall,Classroom Scheduling,Room reservation sync,MKTG-450-0-61 Brand Strategy,Auto-closed by scheduling integration.,,26
INC0201768,2026-05-26 06:42:58,2026-05-26 07:11:58,25Live,WIE-312,Wieboldt Hall,Classroom Scheduling,Room reservation sync,MKTG-450-0-61 Brand Strategy,Auto-closed by scheduling integration.,,15
INC0201257,2026-05-26 06:46:06,2026-05-26 06:58:06,25Live,WIE-105,Wieboldt Hall,Classroom Scheduling,Room reservation sync,Student Club Panel Event,Auto-closed by scheduling integration.,,17
INC0200029,2026-05-26 09:08:00,2026-05-26 09:27:00,Staff7877369,WIE-312,Wieboldt Hall,AV Technical Support,Podium PC / login,Instructor cannot log in to podium PC with NetID.,Re-joined machine to domain; login verified.,T. Nakamura,19
INC0200204,2026-05-26 14:37:00,2026-05-26 19:41:00,Faculty8875659,WIE-318,Wieboldt Hall,AV Technical Support,Audio / microphone,Wireless mic static and dropouts near front of room.,Reset DSP to default preset; room audio normal.,M. Reyes,304
INC0200022,2026-05-26 15:47:00,2026-05-27 09:22:00,Faculty7811313,WIE-142,Wieboldt Hall,AV Technical Support,No display / HDMI handshake,Podium PC displays on confidence monitor but projector screen is black.,Manually forced input on switcher; EDID re-handshake resolved the black screen.,T. Nakamura,1055
INC0200192,2026-05-26 16:54:00,2026-05-27 10:01:00,Faculty8082611,WIE-142,Wieboldt Hall,Lecture Capture,Recording failed / not captured,Recording stopped 20 minutes into class; remainder not captured.,Re-seated audio feed to appliance; levels verified on test recording.,D. Lindqvist,1027
INC0201109,2026-05-27 05:06:09,2026-05-27 05:30:09,25Live,WIE-251,Wieboldt Hall,Classroom Scheduling,Room reservation sync,ACCT-410-0-51 Financial Accounting,Auto-closed by scheduling integration.,,2
INC0201677,2026-05-27 05:43:11,,25Live,WIE-142,Wieboldt Hall,Classroom Scheduling,Room reservation sync,ACCT-410-0-51 Financial Accounting,,,
INC0202040,2026-05-27 05:44:08,2026-05-27 05:56:08,25Live,WIE-105,Wieboldt Hall,Classroom Scheduling,Room reservation sync,STRT-452-0-71 Competitive Strategy,Auto-closed by scheduling integration.,,29
INC0202365,2026-05-27 05:47:59,,25Live,WIE-148,Wieboldt Hall,Classroom Scheduling,Room reservation sync,MKTG-450-0-61 Brand Strategy,,,
INC0202005,2026-05-27 06:04:13,2026-05-27 06:19:13,25Live,WIE-352,Wieboldt Hall,Classroom Scheduling,Room reservation sync,OPNS-430-0-62 Operations Management,Auto-closed by scheduling integration.,,17
INC0202158,2026-05-27 06:57:54,2026-05-27 07:18:54,25Live,WIE-258,Wieboldt Hall,Classroom Scheduling,Room reservation sync,OPNS-430-0-62 Operations Management,Auto-closed by scheduling integration.,,1
INC0202197,2026-05-27 07:02:41,2026-05-27 07:30:41,25Live,WIE-258,Wieboldt Hall,Classroom Scheduling,Room reservation sync,Leadership Coaching Session,Auto-closed by scheduling integration.,,5
INC0202310,2026-05-27 07:56:31,2026-05-27 08:01:31,25Live,WIE-352,Wieboldt Hall,Classroom Scheduling,Room reservation sync,OPNS-430-0-62 Operations Management,Auto-closed by scheduling integration.,,5
INC0200327,2026-05-27 09:26:00,2026-05-31 10:05:00,Student7560447,WIE-318,Wieboldt Hall,AV Technical Support,Audio / microphone,Wireless mic static and dropouts near front of room.,Swapped faulty bodypack transmitter with spare unit.,L. Ferreira,5799
INC0200480,2026-05-27 11:19:00,2026-05-27 12:14:00,Staff273671,WIE-142,Wieboldt Hall,AV Technical Support,No display / HDMI handshake,Projector shows brief image then drops to black screen repeatedly.,Rebooted control processor; input routing restored after reload.,S. Patel,55
INC0201536,2026-05-28 05:07:02,,25Live,WIE-110,Wieboldt Hall,Classroom Scheduling,Room reservation sync,MECN-425-0-52 Managerial Economics,,,
INC0200777,2026-05-28 05:08:56,,25Live,WIE-355,Wieboldt Hall,Classroom Scheduling,Room reservation sync,Faculty Meeting,,,
INC0200896,2026-05-28 05:15:42,2026-05-28 05:42:42,25Live,WIE-205,Wieboldt Hall,Classroom Scheduling,Room reservation sync,OPNS-430-0-62 Operations Management,Auto-closed by scheduling integration.,,6
INC0202480,2026-05-28 05:24:14,2026-05-28 05:49:14,25Live,WIE-205,Wieboldt Hall,Classroom Scheduling,Room reservation sync,Leadership Coaching Session,Auto-closed by scheduling integration.,,21
INC0202387,2026-05-28 05:46:47,,25Live,WIE-142,Wieboldt Hall,Classroom Scheduling,Room reservation sync,Executive Education Workshop,,,
INC0202474,2026-05-28 05:59:27,,25Live,WIE-110,Wieboldt Hall,Classroom Scheduling,Room reservation sync,Student Club Panel Event,,,
INC0200625,2026-05-28 15:22:00,2026-05-28 16:41:00,Faculty1331574,WIE-352,Wieboldt Hall,Equipment Maintenance & Repair,Projector lamp / image quality,"Projector filter warning on startup, image flickering.",Replaced projector lamp; brightness restored.,A. Okafor,79
INC0200577,2026-05-28 19:57:00,2026-05-29 14:08:00,Faculty5807503,WIE-110,Wieboldt Hall,AV Technical Support,Audio / microphone,Lavalier mic cutting out intermittently during lecture.,Corrected audio routing on touch panel; laptop audio restored.,A. Okafor,1091
INC0200320,2026-05-28 20:14:00,,Staff7596582,WIE-355,Wieboldt Hall,Consultation,AV consultation / training,New faculty member requests walkthrough of classroom AV system.,,J. Whitfield,
INC0201063,2026-05-29 05:15:36,2026-05-29 05:22:36,25Live,WIE-343,Wieboldt Hall,Classroom Scheduling,Room reservation sync,ACCT-410-0-51 Financial Accounting,Auto-closed by scheduling integration.,,7
INC0200884,2026-05-29 06:24:50,2026-05-29 06:39:50,25Live,WIE-455,Wieboldt Hall,Classroom Scheduling,Room reservation sync,Executive Education Workshop,Auto-closed by scheduling integration.,,18
INC0201005,2026-05-30 05:24:46,2026-05-30 05:43:46,25Live,WIE-455,Wieboldt Hall,Classroom Scheduling,Room reservation sync,MKTG-450-0-61 Brand Strategy,Auto-closed by scheduling integration.,,2
INC0202290,2026-05-30 05:25:45,2026-05-30 05:40:45,25Live,WIE-318,Wieboldt Hall,Classroom Scheduling,Room reservation sync,Student Club Panel Event,Auto-closed by scheduling integration.,,16
INC0202147,2026-05-30 05:35:09,2026-05-30 05:49:09,25Live,WIE-318,Wieboldt Hall,Classroom Scheduling,Room reservation sync,Faculty Meeting,Auto-closed by scheduling integration.,,7
INC0201448,2026-05-30 05:38:33,2026-05-30 05:54:33,25Live,WIE-318,Wieboldt Hall,Classroom Scheduling,Room reservation sync,Executive Education Workshop,Auto-closed by scheduling integration.,,3
INC0201842,2026-05-30 07:23:10,2026-05-30 07:33:10,25Live,WIE-110,Wieboldt Hall,Classroom Scheduling,Room reservation sync,MORS-470-0-51 Negotiations,Auto-closed by scheduling integration.,,5
INC0201055,2026-05-31 05:38:53,2026-05-31 06:06:53,25Live,WIE-205,Wieboldt Hall,Classroom Scheduling,Room reservation sync,MECN-425-0-52 Managerial Economics,Auto-closed by scheduling integration.,,16
INC0201456,2026-05-31 07:51:05,2026-05-31 07:59:05,25Live,WIE-142,Wieboldt Hall,Classroom Scheduling,Room reservation sync,Student Club Panel Event,Auto-closed by scheduling integration.,,25
INC0201353,2026-06-01 05:21:24,2026-06-01 05:27:24,25Live,WIE-246,Wieboldt Hall,Classroom Scheduling,Room reservation sync,MECN-425-0-52 Managerial Economics,Auto-closed by scheduling integration.,,13
INC0200929,2026-06-01 05:47:09,2026-06-01 05:54:09,25Live,WIE-142,Wieboldt Hall,Classroom Scheduling,Room reservation sync,MKTG-450-0-61 Brand Strategy,Auto-closed by scheduling integration.,,12
INC0200769,2026-06-01 05:54:53,2026-06-01 06:04:53,25Live,WIE-343,Wieboldt Hall,Classroom Scheduling,Room reservation sync,ACCT-410-0-51 Financial Accounting,Auto-closed by scheduling integration.,,11
INC0201947,2026-06-01 06:12:25,2026-06-01 06:32:25,25Live,WIE-258,Wieboldt Hall,Classroom Scheduling,Room reservation sync,Executive Education Workshop,Auto-closed by scheduling integration.,,5
INC0202221,2026-06-01 06:29:19,2026-06-01 06:38:19,25Live,WIE-251,Wieboldt Hall,Classroom Scheduling,Room reservation sync,Leadership Coaching Session,Auto-closed by scheduling integration.,,17
INC0201223,2026-06-01 07:58:37,2026-06-01 08:09:37,25Live,WIE-508,Wieboldt Hall,Classroom Scheduling,Room reservation sync,MECN-425-0-52 Managerial Economics,Auto-closed by scheduling integration.,,27
INC0201334,2026-06-02 05:36:08,2026-06-02 05:47:08,25Live,WIE-148,Wieboldt Hall,Classroom Scheduling,Room reservation sync,DECS-433-0-61 Business Analytics,Auto-closed by scheduling integration.,,25
INC0201464,2026-06-02 06:31:43,2026-06-02 06:58:43,25Live,WIE-205,Wieboldt Hall,Classroom Scheduling,Room reservation sync,Faculty Meeting,Auto-closed by scheduling integration.,,6
INC0201070,2026-06-02 07:29:59,2026-06-02 07:47:59,25Live,WIE-251,Wieboldt Hall,Classroom Scheduling,Room reservation sync,ACCT-410-0-51 Financial Accounting,Auto-closed by scheduling integration.,,17
INC0200017,2026-06-02 07:39:00,2026-06-12 03:29:00,Faculty4769193,,Wieboldt Hall,Setup & Configuration,Event / class AV setup,AV setup requested for admissions information session.,Provided requested microphones; staffed first 15 minutes of event.,L. Ferreira,14150
INC0201731,2026-06-02 07:42:52,2026-06-02 08:00:52,25Live,WIE-312,Wieboldt Hall,Classroom Scheduling,Room reservation sync,Leadership Coaching Session,Auto-closed by scheduling integration.,,19
INC0200623,2026-06-02 18:16:00,2026-06-12 11:36:00,Faculty2357577,WIE-412,Wieboldt Hall,Consultation,AV consultation / training,Instructor requests best-practice review for hybrid teaching setup.,Recommended equipment configuration; scheduled follow-up.,R. Calloway,14000
INC0201393,2026-06-03 05:07:31,2026-06-03 05:31:31,25Live,WIE-355,Wieboldt Hall,Classroom Scheduling,Room reservation sync,Student Club Panel Event,Auto-closed by scheduling integration.,,24
INC0202171,2026-06-03 05:14:29,2026-06-03 05:26:29,25Live,WIE-110,Wieboldt Hall,Classroom Scheduling,Room reservation sync,MECN-425-0-52 Managerial Economics,Auto-closed by scheduling integration.,,18
INC0202114,2026-06-03 06:24:22,2026-06-03 06:33:22,25Live,WIE-343,Wieboldt Hall,Classroom Scheduling,Room reservation sync,ACCT-410-0-51 Financial Accounting,Auto-closed by scheduling integration.,,4
INC0201401,2026-06-03 07:33:32,2026-06-03 07:50:32,25Live,WIE-110,Wieboldt Hall,Classroom Scheduling,Room reservation sync,DECS-433-0-61 Business Analytics,Auto-closed by scheduling integration.,,12
INC0201277,2026-06-03 07:55:03,2026-06-03 08:12:03,25Live,WIE-352,Wieboldt Hall,Classroom Scheduling,Room reservation sync,OPNS-430-0-62 Operations Management,Auto-closed by scheduling integration.,,13
INC0200614,2026-06-03 11:30:00,2026-06-08 23:39:00,Faculty2933164,WIE-251,Wieboldt Hall,Webconferencing,Zoom/Teams AV routing,Camera feed not appearing in Teams; shows black tile.,Re-seated USB extender at podium; camera re-enumerated in Teams.,A. Okafor,7929
INC0200109,2026-06-03 16:12:00,2026-06-04 10:17:00,Staff5318114,WIE-306,Wieboldt Hall,Lecture Capture,Recording failed / not captured,Lecture recording missing audio track for full session.,Corrected room calendar mapping in capture scheduler.,S. Patel,1085
INC0202094,2026-06-04 05:29:45,2026-06-04 05:47:45,25Live,WIE-404,Wieboldt Hall,Classroom Scheduling,Room reservation sync,MORS-470-0-51 Negotiations,Auto-closed by scheduling integration.,,9
INC0202397,2026-06-04 05:47:12,2026-06-04 05:48:12,25Live,WIE-142,Wieboldt Hall,Classroom Scheduling,Room reservation sync,FINC-430-0-51 Corporate Finance,Auto-closed by scheduling integration.,,6
INC0201407,2026-06-04 06:42:01,2026-06-04 06:45:01,25Live,WIE-441,Wieboldt Hall,Classroom Scheduling,Room reservation sync,DECS-433-0-61 Business Analytics,Auto-closed by scheduling integration.,,9
INC0201311,2026-06-04 07:46:25,2026-06-04 08:11:25,25Live,WIE-142,Wieboldt Hall,Classroom Scheduling,Room reservation sync,Executive Education Workshop,Auto-closed by scheduling integration.,,5
INC0200193,2026-06-04 18:39:00,2026-06-07 10:21:00,Staff5126142,WIE-142,Wieboldt Hall,Lecture Capture,Recording failed / not captured,Recording stopped 20 minutes into class; remainder not captured.,Recovered local backup recording and uploaded to course folder.,A. Okafor,3822
INC0200795,2026-06-05 05:24:01,2026-06-05 05:39:01,25Live,WIE-404,Wieboldt Hall,Classroom Scheduling,Room reservation sync,Room Hold — Facilities,Auto-closed by scheduling integration.,,24
INC0202190,2026-06-05 07:19:47,2026-06-05 07:40:47,25Live,WIE-246,Wieboldt Hall,Classroom Scheduling,Room reservation sync,Room Hold — Facilities,Auto-closed by scheduling integration.,,2
INC0200968,2026-06-05 07:26:31,2026-06-05 07:27:31,25Live,WIE-343,Wieboldt Hall,Classroom Scheduling,Room reservation sync,Executive Education Workshop,Auto-closed by scheduling integration.,,6
INC0200578,2026-06-05 12:16:00,2026-06-06 22:36:00,Faculty2535650,WIE-110,Wieboldt Hall,AV Technical Support,Audio / microphone,Laptop audio not playing through room speakers.,Swapped faulty bodypack transmitter with spare unit.,A. Okafor,2060
INC0200711,2026-06-05 13:42:00,2026-06-05 20:30:00,Student4468420,,Wieboldt Hall,Webconferencing,Zoom/Teams AV routing,Remote participants cannot hear in-room audio on Zoom call.,Set camera preset and saved default; walked instructor through controls.,M. Reyes,408
INC0202008,2026-06-06 05:01:35,2026-06-06 05:24:35,25Live,WIE-312,Wieboldt Hall,Classroom Scheduling,Room reservation sync,Faculty Meeting,Auto-closed by scheduling integration.,,20
INC0200712,2026-06-06 14:44:00,2026-06-06 15:36:00,Faculty9284242,WIE-412,Wieboldt Hall,Webconferencing,Zoom/Teams AV routing,Hybrid class: in-room students cannot hear remote participants.,Selected correct USB bridge as mic/speaker in Zoom; verified with test call.,M. Reyes,52
INC0200010,2026-06-07 10:33:00,2026-06-11 17:55:00,Student6218246,WIE-251,Wieboldt Hall,Lecture Capture,Capture scheduling / setup,One-time recording request for guest lecture.,Created recurring capture schedule; confirmed first recording with instructor.,R. Calloway,6202
INC0201749,2026-06-08 05:52:35,2026-06-08 06:12:35,25Live,WIE-318,Wieboldt Hall,Classroom Scheduling,Room reservation sync,MORS-470-0-51 Negotiations,Auto-closed by scheduling integration.,,13
INC0201651,2026-06-08 06:43:39,2026-06-08 06:47:39,25Live,WIE-246,Wieboldt Hall,Classroom Scheduling,Room reservation sync,MORS-470-0-51 Negotiations,Auto-closed by scheduling integration.,,5
INC0200550,2026-06-08 12:20:00,,Faculty1040148,,Wieboldt Hall,Equipment Maintenance & Repair,Preventative maintenance,Quarterly AV preventative maintenance check.,,R. Calloway,
INC0200460,2026-06-08 16:26:00,2026-06-16 11:49:00,Student7855170,WIE-544,Wieboldt Hall,Equipment Maintenance & Repair,Cabling / connectors,USB-C adapter at podium missing; instructor cannot connect MacBook.,Replaced missing adapter; added to weekly checklist.,T. Nakamura,11243
INC0202460,2026-06-09 05:03:01,,25Live,WIE-110,Wieboldt Hall,Classroom Scheduling,Room reservation sync,Executive Education Workshop,,,
INC0200920,2026-06-09 05:21:20,2026-06-09 05:43:20,25Live,WIE-312,Wieboldt Hall,Classroom Scheduling,Room reservation sync,Student Club Panel Event,Auto-closed by scheduling integration.,,17
INC0202181,2026-06-09 05:33:24,2026-06-09 05:39:24,25Live,WIE-258,Wieboldt Hall,Classroom Scheduling,Room reservation sync,MORS-470-0-51 Negotiations,Auto-closed by scheduling integration.,,19
INC0202299,2026-06-09 05:42:59,2026-06-09 05:59:59,25Live,WIE-105,Wieboldt Hall,Classroom Scheduling,Room reservation sync,OPNS-430-0-62 Operations Management,Auto-closed by scheduling integration.,,11
INC0201514,2026-06-09 05:43:27,2026-06-09 05:52:27,25Live,WIE-258,Wieboldt Hall,Classroom Scheduling,Room reservation sync,OPNS-430-0-62 Operations Management,Auto-closed by scheduling integration.,,10
INC0201655,2026-06-09 05:44:15,,25Live,WIE-508,Wieboldt Hall,Classroom Scheduling,Room reservation sync,Room Hold — Facilities,,,
INC0200762,2026-06-09 05:55:34,2026-06-09 06:03:34,25Live,WIE-105,Wieboldt Hall,Classroom Scheduling,Room reservation sync,Executive Education Workshop,Auto-closed by scheduling integration.,,18
INC0201378,2026-06-09 06:09:47,,25Live,WIE-312,Wieboldt Hall,Classroom Scheduling,Room reservation sync,Room Hold — Facilities,,,
INC0201337,2026-06-09 06:14:42,2026-06-09 06:41:42,25Live,WIE-306,Wieboldt Hall,Classroom Scheduling,Room reservation sync,Student Club Panel Event,Auto-closed by scheduling integration.,,20
INC0200753,2026-06-09 06:17:35,2026-06-09 06:35:35,25Live,WIE-148,Wieboldt Hall,Classroom Scheduling,Room reservation sync,Leadership Coaching Session,Auto-closed by scheduling integration.,,28
INC0200992,2026-06-09 07:08:32,2026-06-09 07:19:32,25Live,WIE-258,Wieboldt Hall,Classroom Scheduling,Room reservation sync,Faculty Meeting,Auto-closed by scheduling integration.,,21
INC0200063,2026-06-09 15:34:00,2026-06-09 18:58:00,Faculty6170048,WIE-355,Wieboldt Hall,AV Technical Support,Audio / microphone,Laptop audio not playing through room speakers.,Replaced batteries in bodypack; instructed on charging dock use.,M. Reyes,204
INC0200481,2026-06-09 18:39:00,2026-06-09 22:28:00,Faculty5477380,WIE-142,Wieboldt Hall,AV Technical Support,No display / HDMI handshake,Guest speaker laptop not detected on wall plate HDMI input.,Manually forced input on switcher; EDID re-handshake resolved the black screen.,A. Okafor,229
INC0201437,2026-06-10 05:12:51,2026-06-10 05:25:51,25Live,WIE-521,Wieboldt Hall,Classroom Scheduling,Room reservation sync,Student Club Panel Event,Auto-closed by scheduling integration.,,7
INC0202156,2026-06-10 05:14:43,2026-06-10 05:18:43,25Live,WIE-148,Wieboldt Hall,Classroom Scheduling,Room reservation sync,Executive Education Workshop,Auto-closed by scheduling integration.,,17
INC0201819,2026-06-10 05:24:48,2026-06-10 05:30:48,25Live,WIE-355,Wieboldt Hall,Classroom Scheduling,Room reservation sync,OPNS-430-0-62 Operations Management,Auto-closed by scheduling integration.,,19
INC0202150,2026-06-10 05:56:05,2026-06-10 06:18:05,25Live,WIE-105,Wieboldt Hall,Classroom Scheduling,Room reservation sync,OPNS-430-0-62 Operations Management,Auto-closed by scheduling integration.,,10
INC0201499,2026-06-10 06:14:12,2026-06-10 06:40:12,25Live,WIE-312,Wieboldt Hall,Classroom Scheduling,Room reservation sync,Admissions Information Session,Auto-closed by scheduling integration.,,1
INC0202444,2026-06-10 06:16:32,2026-06-10 06:45:32,25Live,WIE-251,Wieboldt Hall,Classroom Scheduling,Room reservation sync,OPNS-430-0-62 Operations Management,Auto-closed by scheduling integration.,,10
INC0201941,2026-06-10 06:59:53,2026-06-10 07:02:53,25Live,WIE-142,Wieboldt Hall,Classroom Scheduling,Room reservation sync,MORS-470-0-51 Negotiations,Auto-closed by scheduling integration.,,18
INC0200009,2026-06-10 19:58:00,2026-06-10 22:28:00,Staff8062054,,Wieboldt Hall,AV Technical Support,No display / HDMI handshake,Instructor laptop connected via HDMI but projector shows 'No Signal'.,Replaced worn HDMI cable at podium wall plate.,A. Okafor,150
INC0201123,2026-06-11 05:09:59,2026-06-11 05:13:59,25Live,WIE-251,Wieboldt Hall,Classroom Scheduling,Room reservation sync,Leadership Coaching Session,Auto-closed by scheduling integration.,,12
INC0202060,2026-06-11 05:25:48,2026-06-11 05:36:48,25Live,WIE-105,Wieboldt Hall,Classroom Scheduling,Room reservation sync,MECN-425-0-52 Managerial Economics,Auto-closed by scheduling integration.,,29
INC0201621,2026-06-11 05:50:38,2026-06-11 06:14:38,25Live,WIE-312,Wieboldt Hall,Classroom Scheduling,Room reservation sync,MKTG-450-0-61 Brand Strategy,Auto-closed by scheduling integration.,,12
INC0202000,2026-06-11 05:51:17,2026-06-11 05:53:17,25Live,WIE-110,Wieboldt Hall,Classroom Scheduling,Room reservation sync,STRT-452-0-71 Competitive Strategy,Auto-closed by scheduling integration.,,10
INC0200811,2026-06-11 06:06:30,2026-06-11 06:22:30,25Live,WIE-105,Wieboldt Hall,Classroom Scheduling,Room reservation sync,Room Hold — Facilities,Auto-closed by scheduling integration.,,19
INC0200979,2026-06-11 06:07:18,,25Live,WIE-148,Wieboldt Hall,Classroom Scheduling,Room reservation sync,STRT-452-0-71 Competitive Strategy,,,
INC0201481,2026-06-11 06:31:09,,25Live,WIE-355,Wieboldt Hall,Classroom Scheduling,Room reservation sync,MKTG-450-0-61 Brand Strategy,,,
INC0201896,2026-06-11 06:42:08,2026-06-11 07:09:08,25Live,WIE-343,Wieboldt Hall,Classroom Scheduling,Room reservation sync,STRT-452-0-71 Competitive Strategy,Auto-closed by scheduling integration.,,16
INC0201632,2026-06-11 06:45:12,,25Live,WIE-521,Wieboldt Hall,Classroom Scheduling,Room reservation sync,MECN-425-0-52 Managerial Economics,,,
INC0201887,2026-06-11 06:54:36,2026-06-11 07:10:36,25Live,WIE-142,Wieboldt Hall,Classroom Scheduling,Room reservation sync,Executive Education Workshop,Auto-closed by scheduling integration.,,28
INC0201304,2026-06-12 05:14:00,2026-06-12 05:15:00,25Live,WIE-142,Wieboldt Hall,Classroom Scheduling,Room reservation sync,Leadership Coaching Session,Auto-closed by scheduling integration.,,14
INC0200279,2026-06-12 09:51:00,2026-06-15 06:59:00,Staff1721038,WIE-355,Wieboldt Hall,AV Technical Support,No display / HDMI handshake,Podium PC displays on confidence monitor but projector screen is black.,Replaced worn HDMI cable at podium wall plate.,A. Okafor,4148
INC0200316,2026-06-12 14:40:00,2026-06-12 15:14:00,Faculty9619524,WIE-142,Wieboldt Hall,AV Technical Support,Control system / touch panel,'System Starting' hangs indefinitely; room unusable for class.,Rebooted control processor; panel reconnected after program reload.,S. Patel,34
INC0200391,2026-06-12 16:05:00,2026-06-12 16:23:00,Student3147110,WIE-537,Wieboldt Hall,AV Technical Support,No display / HDMI handshake,Projector shows brief image then drops to black screen repeatedly.,Replaced worn HDMI cable at podium wall plate.,A. Okafor,18
INC0202161,2026-06-13 05:10:25,2026-06-13 05:15:25,25Live,WIE-412,Wieboldt Hall,Classroom Scheduling,Room reservation sync,Admissions Information Session,Auto-closed by scheduling integration.,,14
INC0201830,2026-06-13 05:25:18,2026-06-13 05:43:18,25Live,WIE-355,Wieboldt Hall,Classroom Scheduling,Room reservation sync,FINC-430-0-51 Corporate Finance,Auto-closed by scheduling integration.,,1
INC0201316,2026-06-13 05:34:59,2026-06-13 05:37:59,25Live,WIE-355,Wieboldt Hall,Classroom Scheduling,Room reservation sync,STRT-452-0-71 Competitive Strategy,Auto-closed by scheduling integration.,,28
INC0202404,2026-06-13 06:48:02,,25Live,WIE-142,Wieboldt Hall,Classroom Scheduling,Room reservation sync,Faculty Meeting,,,
INC0200551,2026-06-13 12:32:00,2026-07-06 02:33:00,Staff219179,WIE-105,Wieboldt Hall,Setup & Configuration,Event / class AV setup,Panel discussion: three handhelds and confidence monitor requested.,Configured room for panel format; struck equipment after event.,K. Duval,32521
INC0200110,2026-06-13 17:37:00,2026-06-15 16:50:00,Staff9322412,WIE-306,Wieboldt Hall,Lecture Capture,Recording failed / not captured,Recording stopped 20 minutes into class; remainder not captured.,Re-seated audio feed to appliance; levels verified on test recording.,T. Nakamura,2833
INC0201340,2026-06-14 06:02:44,2026-06-14 06:23:44,25Live,WIE-105,Wieboldt Hall,Classroom Scheduling,Room reservation sync,OPNS-430-0-62 Operations Management,Auto-closed by scheduling integration.,,6
INC0201458,2026-06-14 06:34:32,2026-06-14 06:55:32,25Live,WIE-521,Wieboldt Hall,Classroom Scheduling,Room reservation sync,ACCT-410-0-51 Financial Accounting,Auto-closed by scheduling integration.,,22
INC0202014,2026-06-15 05:52:07,2026-06-15 06:05:07,25Live,WIE-404,Wieboldt Hall,Classroom Scheduling,Room reservation sync,Faculty Meeting,Auto-closed by scheduling integration.,,13
INC0201739,2026-06-15 06:27:51,2026-06-15 06:30:51,25Live,WIE-318,Wieboldt Hall,Classroom Scheduling,Room reservation sync,Admissions Information Session,Auto-closed by scheduling integration.,,7
INC0201809,2026-06-15 07:48:52,2026-06-15 08:13:52,25Live,WIE-404,Wieboldt Hall,Classroom Scheduling,Room reservation sync,MORS-470-0-51 Negotiations,Auto-closed by scheduling integration.,,15
INC0202456,2026-06-16 05:04:26,2026-06-16 05:22:26,25Live,WIE-205,Wieboldt Hall,Classroom Scheduling,Room reservation sync,OPNS-430-0-62 Operations Management,Auto-closed by scheduling integration.,,11
INC0201162,2026-06-16 05:28:21,2026-06-16 05:32:21,25Live,WIE-455,Wieboldt Hall,Classroom Scheduling,Room reservation sync,Room Hold — Facilities,Auto-closed by scheduling integration.,,25
INC0200956,2026-06-16 05:48:10,,25Live,WIE-148,Wieboldt Hall,Classroom Scheduling,Room reservation sync,DECS-433-0-61 Business Analytics,,,
INC0200973,2026-06-16 06:36:58,2026-06-16 06:44:58,25Live,WIE-412,Wieboldt Hall,Classroom Scheduling,Room reservation sync,Admissions Information Session,Auto-closed by scheduling integration.,,8
INC0202385,2026-06-16 06:59:43,2026-06-16 07:08:43,25Live,WIE-455,Wieboldt Hall,Classroom Scheduling,Room reservation sync,MORS-470-0-51 Negotiations,Auto-closed by scheduling integration.,,16
INC0201113,2026-06-16 07:24:21,2026-06-16 07:46:21,25Live,WIE-142,Wieboldt Hall,Classroom Scheduling,Room reservation sync,Student Club Panel Event,Auto-closed by scheduling integration.,,24
INC0200346,2026-06-16 07:35:00,2026-06-16 13:51:00,Student6351324,WIE-142,Wieboldt Hall,Setup & Configuration,Event / class AV setup,Microphone and projector setup for guest speaker event.,Completed setup and tested with event organizer.,T. Nakamura,376
INC0201389,2026-06-16 07:59:01,2026-06-16 08:10:01,25Live,WIE-148,Wieboldt Hall,Classroom Scheduling,Room reservation sync,MECN-425-0-52 Managerial Economics,Auto-closed by scheduling integration.,,19
INC0200151,2026-06-16 11:50:00,2026-06-17 20:06:00,Faculty9743326,WIE-148,Wieboldt Hall,Webconferencing,Zoom/Teams AV routing,Camera feed not appearing in Teams; shows black tile.,Set camera preset and saved default; walked instructor through controls.,D. Lindqvist,1936
INC0200152,2026-06-16 11:52:00,2026-06-16 12:04:00,Faculty9743326,WIE-148,Wieboldt Hall,Webconferencing,Zoom/Teams AV routing,Camera feed not appearing in Teams; shows black tile.,Duplicate of earlier ticket; closed.,D. Lindqvist,12
INC0200194,2026-06-16 12:49:00,2026-06-18 22:35:00,Staff9365202,WIE-142,Wieboldt Hall,Lecture Capture,Recording failed / not captured,Scheduled class recording did not start; instructor reports no video in portal.,Re-seated audio feed to appliance; levels verified on test recording.,A. Okafor,3466
INC0201033,2026-06-17 05:01:24,2026-06-17 05:03:24,25Live,WIE-355,Wieboldt Hall,Classroom Scheduling,Room reservation sync,Faculty Meeting,Auto-closed by scheduling integration.,,29
INC0200782,2026-06-17 05:38:47,,25Live,WIE-251,Wieboldt Hall,Classroom Scheduling,Room reservation sync,Executive Education Workshop,,,
INC0200775,2026-06-17 05:42:24,2026-06-17 06:05:24,25Live,WIE-312,Wieboldt Hall,Classroom Scheduling,Room reservation sync,Student Club Panel Event,Auto-closed by scheduling integration.,,16
INC0202322,2026-06-17 05:47:41,2026-06-17 05:59:41,25Live,WIE-251,Wieboldt Hall,Classroom Scheduling,Room reservation sync,MORS-470-0-51 Negotiations,Auto-closed by scheduling integration.,,23
INC0202223,2026-06-17 06:02:43,,25Live,WIE-105,Wieboldt Hall,Classroom Scheduling,Room reservation sync,Student Club Panel Event,,,
INC0201171,2026-06-17 07:05:08,,25Live,WIE-318,Wieboldt Hall,Classroom Scheduling,Room reservation sync,Leadership Coaching Session,,,
INC0200935,2026-06-17 07:36:22,2026-06-17 08:05:22,25Live,WIE-412,Wieboldt Hall,Classroom Scheduling,Room reservation sync,MKTG-450-0-61 Brand Strategy,Auto-closed by scheduling integration.,,29
INC0200333,2026-06-17 11:01:00,2026-06-17 17:15:00,Student5252633,WIE-404,Wieboldt Hall,Lecture Capture,Recording failed / not captured,Scheduled class recording did not start; instructor reports no video in portal.,Recovered local backup recording and uploaded to course folder.,M. Reyes,374
INC0200547,2026-06-17 12:06:00,2026-06-20 10:29:00,Student9136477,WIE-142,Wieboldt Hall,AV Technical Support,Control system / touch panel,"Control panel unresponsive to touch, backlight on.",Replaced failed relay module controlling projector power.,T. Nakamura,4223
INC0200060,2026-06-17 13:58:00,2026-06-20 14:00:00,Student1333092,WIE-251,Wieboldt Hall,Lecture Capture,Recording failed / not captured,Lecture recording missing audio track for full session.,Re-seated audio feed to appliance; levels verified on test recording.,M. Reyes,4322
INC0200409,2026-06-17 14:22:00,2026-06-21 13:16:00,Faculty9667311,,Wieboldt Hall,AV Technical Support,Podium PC / login,Podium PC stuck on Windows update at class start.,Deferred updates to maintenance window; PC available for class.,J. Whitfield,5694
INC0200280,2026-06-17 18:06:00,2026-06-17 18:27:00,Faculty6846286,WIE-355,Wieboldt Hall,AV Technical Support,No display / HDMI handshake,Instructor laptop connected via HDMI but projector shows 'No Signal'.,Replaced worn HDMI cable at podium wall plate.,R. Calloway,21
INC0201601,2026-06-18 05:04:34,2026-06-18 05:14:34,25Live,WIE-110,Wieboldt Hall,Classroom Scheduling,Room reservation sync,MKTG-450-0-61 Brand Strategy,Auto-closed by scheduling integration.,,8
INC0200848,2026-06-18 05:28:50,2026-06-18 05:30:50,25Live,WIE-355,Wieboldt Hall,Classroom Scheduling,Room reservation sync,Student Club Panel Event,Auto-closed by scheduling integration.,,21
INC0202437,2026-06-18 05:58:42,2026-06-18 06:12:42,25Live,WIE-343,Wieboldt Hall,Classroom Scheduling,Room reservation sync,Executive Education Workshop,Auto-closed by scheduling integration.,,26
INC0202384,2026-06-18 06:21:21,2026-06-18 06:24:21,25Live,WIE-355,Wieboldt Hall,Classroom Scheduling,Room reservation sync,STRT-452-0-71 Competitive Strategy,Auto-closed by scheduling integration.,,27
INC0202185,2026-06-18 06:29:45,2026-06-18 06:45:45,25Live,WIE-312,Wieboldt Hall,Classroom Scheduling,Room reservation sync,MECN-425-0-52 Managerial Economics,Auto-closed by scheduling integration.,,12
INC0200814,2026-06-18 06:33:33,2026-06-18 06:52:33,25Live,WIE-355,Wieboldt Hall,Classroom Scheduling,Room reservation sync,ACCT-410-0-51 Financial Accounting,Auto-closed by scheduling integration.,,25
INC0200972,2026-06-18 06:35:21,2026-06-18 06:54:21,25Live,WIE-441,Wieboldt Hall,Classroom Scheduling,Room reservation sync,Student Club Panel Event,Auto-closed by scheduling integration.,,7
INC0200130,2026-06-18 19:42:00,2026-06-18 19:50:00,Student4048457,WIE-312,Wieboldt Hall,AV Technical Support,Podium PC / login,Podium PC stuck on Windows update at class start.,Cleared temp files and restarted; escalated for RAM upgrade.,M. Reyes,8
INC0202110,2026-06-19 07:25:18,2026-06-19 07:32:18,25Live,WIE-142,Wieboldt Hall,Classroom Scheduling,Room reservation sync,Student Club Panel Event,Auto-closed by scheduling integration.,,12
INC0200334,2026-06-19 18:23:00,2026-06-19 18:30:00,Faculty712311,WIE-404,Wieboldt Hall,Lecture Capture,Recording failed / not captured,Lecture recording missing audio track for full session.,Restarted capture appliance; verified next scheduled recording completed.,D. Lindqvist,7
INC0202403,2026-06-20 05:42:11,2026-06-20 05:44:11,25Live,WIE-343,Wieboldt Hall,Classroom Scheduling,Room reservation sync,MECN-425-0-52 Managerial Economics,Auto-closed by scheduling integration.,,21
INC0202546,2026-06-20 06:25:31,2026-06-20 06:49:31,25Live,WIE-251,Wieboldt Hall,Classroom Scheduling,Room reservation sync,MKTG-450-0-61 Brand Strategy,Auto-closed by scheduling integration.,,23
INC0202209,2026-06-20 06:54:49,,25Live,WIE-148,Wieboldt Hall,Classroom Scheduling,Room reservation sync,Student Club Panel Event,,,
INC0200392,2026-06-20 17:19:00,2026-06-20 22:16:00,Faculty2623650,WIE-537,Wieboldt Hall,AV Technical Support,No display / HDMI handshake,HDMI handshake failure after switching from podium PC to laptop.,Replaced worn HDMI cable at podium wall plate.,K. Duval,297
INC0200315,2026-06-21 13:51:00,2026-06-21 18:26:00,Staff2585215,WIE-148,Wieboldt Hall,av technical support,Control system / touch panel,"Control panel unresponsive to touch, backlight on.",Rebooted control processor; panel reconnected after program reload.,A. Okafor,275
INC0200482,2026-06-21 14:53:00,2026-06-21 22:58:00,Student3146508,WIE-142,Wieboldt Hall,AV Technical Support,No display / HDMI handshake,Podium PC displays on confidence monitor but projector screen is black.,Manually forced input on switcher; EDID re-handshake resolved the black screen.,T. Nakamura,485
INC0201902,2026-06-22 05:09:31,2026-06-22 05:23:31,25Live,WIE-251,Wieboldt Hall,Classroom Scheduling,Room reservation sync,MECN-425-0-52 Managerial Economics,Auto-closed by scheduling integration.,,28
INC0201582,2026-06-22 05:47:27,2026-06-22 06:02:27,25Live,WIE-352,Wieboldt Hall,Classroom Scheduling,Room reservation sync,Leadership Coaching Session,Auto-closed by scheduling integration.,,8
INC0201302,2026-06-22 06:16:53,2026-06-22 06:23:53,25Live,WIE-110,Wieboldt Hall,Classroom Scheduling,Room reservation sync,MORS-470-0-51 Negotiations,Auto-closed by scheduling integration.,,18
INC0200916,2026-06-22 06:30:58,2026-06-22 06:59:58,25Live,WIE-343,Wieboldt Hall,Classroom Scheduling,Room reservation sync,Leadership Coaching Session,Auto-closed by scheduling integration.,,29
INC0200835,2026-06-22 07:21:56,2026-06-22 07:30:56,25Live,WIE-142,Wieboldt Hall,Classroom Scheduling,Room reservation sync,FINC-430-0-51 Corporate Finance,Auto-closed by scheduling integration.,,13
INC0200533,2026-06-22 11:23:00,2026-07-09 13:13:00,Staff2470374,,Wieboldt Hall,Equipment Maintenance & Repair,Preventative maintenance,Firmware update window for control devices.,Room verified ready; minor cable management performed.,T. Nakamura,24590
INC0201879,2026-06-23 05:11:46,2026-06-23 05:18:46,25Live,WIE-544,Wieboldt Hall,Classroom Scheduling,Room reservation sync,STRT-452-0-71 Competitive Strategy,Auto-closed by scheduling integration.,,17
INC0201473,2026-06-23 05:48:15,2026-06-23 06:15:15,25Live,WIE-251,Wieboldt Hall,Classroom Scheduling,Room reservation sync,ACCT-410-0-51 Financial Accounting,Auto-closed by scheduling integration.,,18
INC0200886,2026-06-23 05:53:58,2026-06-23 06:15:58,25Live,WIE-142,Wieboldt Hall,Classroom Scheduling,Room reservation sync,Room Hold — Facilities,Auto-closed by scheduling integration.,,19
INC0202350,2026-06-23 06:06:04,,25Live,WIE-343,Wieboldt Hall,Classroom Scheduling,Room reservation sync,DECS-433-0-61 Business Analytics,,,
INC0201984,2026-06-23 07:39:56,2026-06-23 07:54:56,25Live,WIE-251,Wieboldt Hall,Classroom Scheduling,Room reservation sync,MORS-470-0-51 Negotiations,Auto-closed by scheduling integration.,,28
INC0200185,2026-06-23 10:52:00,2026-06-24 03:09:00,Faculty3339002,,Wieboldt Hall,Equipment Maintenance & Repair,Cabling / connectors,"Wall plate faceplate loose, cable strain on connector.",Re-secured wall plate and tested all inputs.,M. Reyes,977
INC0200475,2026-06-23 15:07:00,2026-06-23 15:11:00,Student9979489,,Wieboldt Hall,AV Technical Support,No display / HDMI handshake,Guest speaker laptop not detected on wall plate HDMI input.,Rebooted control processor; input routing restored after reload.,R. Calloway,4
INC0200644,2026-06-23 17:53:00,2026-06-23 21:27:00,Staff454124,WIE-251,Wieboldt Hall,AV Technical Support,Podium PC / login,Podium PC stuck on Windows update at class start.,Cleared temp files and restarted; escalated for RAM upgrade.,R. Calloway,214
INC0200823,2026-06-24 05:55:32,2026-06-24 06:01:32,25Live,WIE-312,Wieboldt Hall,Classroom Scheduling,Room reservation sync,Leadership Coaching Session,Auto-closed by scheduling integration.,,7
INC0200776,2026-06-24 06:03:06,2026-06-24 06:05:06,25Live,WIE-343,Wieboldt Hall,Classroom Scheduling,Room reservation sync,ACCT-410-0-51 Financial Accounting,Auto-closed by scheduling integration.,,18
INC0200216,2026-06-24 18:29:00,2026-06-25 22:58:00,Faculty3530372,WIE-544,Wieboldt Hall,AV Technical Support,Podium PC / login,Podium PC stuck on Windows update at class start.,Re-joined machine to domain; login verified.,A. Okafor,1709
INC0201185,2026-06-25 05:33:56,2026-06-25 05:42:56,25Live,WIE-105,Wieboldt Hall,Classroom Scheduling,Room reservation sync,Student Club Panel Event,Auto-closed by scheduling integration.,,25
INC0200873,2026-06-25 07:01:41,2026-06-25 07:17:41,25Live,WIE-258,Wieboldt Hall,Classroom Scheduling,Room reservation sync,OPNS-430-0-62 Operations Management,Auto-closed by scheduling integration.,,3
INC0202356,2026-06-25 07:27:46,2026-06-25 07:55:46,25Live,WIE-441,Wieboldt Hall,Classroom Scheduling,Room reservation sync,ACCT-410-0-51 Financial Accounting,Auto-closed by scheduling integration.,,27
INC0200495,2026-06-25 20:55:00,2026-06-28 12:17:00,Staff7779667,,Wieboldt Hall,Lecture Capture,Capture scheduling / setup,Course recordings publishing to wrong folder; permissions need correction.,Re-mapped publishing folder and corrected course role permissions.,M. Reyes,3802
INC0201265,2026-06-26 05:32:54,2026-06-26 05:46:54,25Live,WIE-508,Wieboldt Hall,Classroom Scheduling,Room reservation sync,Student Club Panel Event,Auto-closed by scheduling integration.,,28
INC0201838,2026-06-26 05:36:03,2026-06-26 05:53:03,25Live,WIE-352,Wieboldt Hall,Classroom Scheduling,Room reservation sync,Student Club Panel Event,Auto-closed by scheduling integration.,,1
INC0201355,2026-06-26 06:35:45,2026-06-26 06:48:45,25Live,WIE-251,Wieboldt Hall,Classroom Scheduling,Room reservation sync,FINC-430-0-51 Corporate Finance,Auto-closed by scheduling integration.,,21
INC0201566,2026-06-26 06:58:35,2026-06-26 07:18:35,25Live,WIE-352,Wieboldt Hall,Classroom Scheduling,Room reservation sync,Student Club Panel Event,Auto-closed by scheduling integration.,,29
INC0200483,2026-06-26 11:41:00,2026-06-28 12:41:00,Student7792108,WIE-142,Wieboldt Hall,AV Technical Support,No display / HDMI handshake,HDMI handshake failure after switching from podium PC to laptop.,Replaced worn HDMI cable at podium wall plate.,M. Reyes,2940
INC0200410,2026-06-26 12:03:00,2026-06-26 15:56:00,Staff7651261,WIE-355,Wieboldt Hall,AV Technical Support,Audio / microphone,Program audio works but mic audio not reinforced in room.,Replaced batteries in bodypack; instructed on charging dock use.,S. Patel,233
INC0200736,2026-06-26 13:11:00,2026-06-26 20:00:00,Faculty1830635,WIE-142,Wieboldt Hall,AV Technical Support,Input switching failure,Instructor unable to switch between laptop and PC mid-class.,Matrix switcher front-panel override cleared; touch panel control restored.,R. Calloway,409
INC0200160,2026-06-26 14:48:00,2026-06-27 08:27:00,Faculty5811372,WIE-343,Wieboldt Hall,Lecture Capture,Recording failed / not captured,Scheduled class recording did not start; instructor reports no video in portal.,Restarted capture appliance; verified next scheduled recording completed.,A. Okafor,1059
INC0200510,2026-06-26 15:50:00,2026-06-29 19:19:00,Student5540576,WIE-258,Wieboldt Hall,Lecture Capture,Recording failed / not captured,Lecture recording missing audio track for full session.,Corrected room calendar mapping in capture scheduler.,L. Ferreira,4529
INC0201233,2026-06-27 05:02:48,2026-06-27 05:03:48,25Live,WIE-205,Wieboldt Hall,Classroom Scheduling,Room reservation sync,Faculty Meeting,Auto-closed by scheduling integration.,,22
INC0200982,2026-06-27 05:24:35,2026-06-27 05:30:35,25Live,WIE-258,Wieboldt Hall,Classroom Scheduling,Room reservation sync,Faculty Meeting,Auto-closed by scheduling integration.,,11
INC0201942,2026-06-27 06:46:38,2026-06-27 07:12:38,25Live,WIE-404,Wieboldt Hall,Classroom Scheduling,Room reservation sync,MORS-470-0-51 Negotiations,Auto-closed by scheduling integration.,,9
INC0200335,2026-06-27 10:21:00,2026-07-05 01:03:00,Staff5463258,WIE-404,Wieboldt Hall,Lecture Capture,Recording failed / not captured,Lecture recording missing audio track for full session.,Restarted capture appliance; verified next scheduled recording completed.,T. Nakamura,10962
INC0201509,2026-06-28 05:16:54,2026-06-28 05:22:54,25Live,WIE-312,Wieboldt Hall,Classroom Scheduling,Room reservation sync,MORS-470-0-51 Negotiations,Auto-closed by scheduling integration.,,3
INC0202026,2026-06-28 05:52:51,2026-06-28 06:11:51,25Live,WIE-343,Wieboldt Hall,Classroom Scheduling,Room reservation sync,Room Hold — Facilities,Auto-closed by scheduling integration.,,4
INC0202152,2026-06-28 06:04:39,2026-06-28 06:15:39,25Live,WIE-312,Wieboldt Hall,Classroom Scheduling,Room reservation sync,DECS-433-0-61 Business Analytics,Auto-closed by scheduling integration.,,7
INC0202259,2026-06-28 06:54:30,2026-06-28 07:20:30,25Live,WIE-521,Wieboldt Hall,Classroom Scheduling,Room reservation sync,Leadership Coaching Session,Auto-closed by scheduling integration.,,9
INC0200161,2026-06-28 17:13:00,2026-06-28 18:51:00,Faculty7115591,WIE-343,Wieboldt Hall,Lecture Capture,Recording failed / not captured,Lecture recording missing audio track for full session.,Recovered local backup recording and uploaded to course folder.,T. Nakamura,98
INC0200905,2026-06-29 05:06:07,,25Live,WIE-251,Wieboldt Hall,Classroom Scheduling,Room reservation sync,MORS-470-0-51 Negotiations,,,
INC0201491,2026-06-29 05:59:24,2026-06-29 06:28:24,25Live,WIE-258,Wieboldt Hall,Classroom Scheduling,Room reservation sync,OPNS-430-0-62 Operations Management,Auto-closed by scheduling integration.,,4
INC0201606,2026-06-29 06:44:43,2026-06-29 06:49:43,25Live,WIE-412,Wieboldt Hall,Classroom Scheduling,Room reservation sync,STRT-452-0-71 Competitive Strategy,Auto-closed by scheduling integration.,,22
INC0202054,2026-06-29 07:50:35,,25Live,WIE-258,Wieboldt Hall,Classroom Scheduling,Room reservation sync,ACCT-410-0-51 Financial Accounting,,,
INC0200213,2026-06-29 17:21:00,2026-07-02 04:00:00,Faculty2885425,WIE-246,Wieboldt Hall,Lecture Capture,Capture scheduling / setup,Course recordings publishing to wrong folder; permissions need correction.,Re-mapped publishing folder and corrected course role permissions.,J. Whitfield,3519
INC0200801,2026-06-30 05:41:51,2026-06-30 05:54:51,25Live,WIE-343,Wieboldt Hall,Classroom Scheduling,Room reservation sync,FINC-430-0-51 Corporate Finance,Auto-closed by scheduling integration.,,9
INC0202496,2026-06-30 05:42:09,2026-06-30 06:02:09,25Live,WIE-142,Wieboldt Hall,Classroom Scheduling,Room reservation sync,Executive Education Workshop,Auto-closed by scheduling integration.,,20
INC0201694,2026-06-30 05:42:54,2026-06-30 06:06:54,25Live,WIE-343,Wieboldt Hall,Classroom Scheduling,Room reservation sync,Student Club Panel Event,Auto-closed by scheduling integration.,,27
INC0201477,2026-06-30 05:57:48,2026-06-30 06:21:48,25Live,WIE-142,Wieboldt Hall,Classroom Scheduling,Room reservation sync,Executive Education Workshop,Auto-closed by scheduling integration.,,25
INC0202443,2026-06-30 06:04:56,2026-06-30 06:24:56,25Live,WIE-441,Wieboldt Hall,Classroom Scheduling,Room reservation sync,STRT-452-0-71 Competitive Strategy,Auto-closed by scheduling integration.,,10
INC0201496,2026-06-30 06:17:50,2026-06-30 06:46:50,25Live,WIE-441,Wieboldt Hall,Classroom Scheduling,Room reservation sync,Leadership Coaching Session,Auto-closed by scheduling integration.,,20
INC0201583,2026-06-30 07:59:34,2026-06-30 08:16:34,25Live,WIE-544,Wieboldt Hall,Classroom Scheduling,Room reservation sync,ACCT-410-0-51 Financial Accounting,Auto-closed by scheduling integration.,,6
INC0200661,2026-06-30 10:25:00,2026-06-30 18:27:00,Faculty5948412,,Wieboldt Hall,Setup & Configuration,Event / class AV setup,AV setup requested for admissions information session.,Completed setup and tested with event organizer.,D. Lindqvist,482
INC0200007,2026-06-30 10:31:00,2026-07-04 10:15:00,Staff9164424,WIE-110,Wieboldt Hall,Lecture Capture,Recording failed / not captured,Scheduled class recording did not start; instructor reports no video in portal.,Re-seated audio feed to appliance; levels verified on test recording.,A. Okafor,5744
